// Raytraced motion blur Shaders

//////////////////////////////////////////////////////////////////////////////////////////////////////////////////////
// Build of fragment shader from fs_pp_motionblur.sc to fs_pp_motionblur with options: NOSTEREO
static const uint8_t fs_pp_motionblur_mtl[3614] =
{
	0x46, 0x53, 0x48, 0x0c, 0x6f, 0x1e, 0x3e, 0x3c, 0x00, 0x00, 0x00, 0x00, 0x00, 0x00, 0x00, 0x00, // FSH.o.><........
	0x00, 0x00, 0x00, 0x00, 0x0d, 0x00, 0x16, 0x74, 0x65, 0x78, 0x5f, 0x66, 0x62, 0x5f, 0x66, 0x69, // .......tex_fb_fi
	0x6c, 0x74, 0x65, 0x72, 0x65, 0x64, 0x53, 0x61, 0x6d, 0x70, 0x6c, 0x65, 0x72, 0x11, 0x01, 0xff, // lteredSampler...
	0xff, 0x01, 0x00, 0x00, 0x00, 0x00, 0x00, 0x16, 0x74, 0x65, 0x78, 0x5f, 0x66, 0x62, 0x5f, 0x66, // ........tex_fb_f
	0x69, 0x6c, 0x74, 0x65, 0x72, 0x65, 0x64, 0x54, 0x65, 0x78, 0x74, 0x75, 0x72, 0x65, 0x11, 0x01, // ilteredTexture..
	0xff, 0xff, 0x01, 0x00, 0x00, 0x00, 0x00, 0x00, 0x10, 0x74, 0x65, 0x78, 0x5f, 0x62, 0x6c, 0x6f, // .........tex_blo
	0x6f, 0x6d, 0x53, 0x61, 0x6d, 0x70, 0x6c, 0x65, 0x72, 0x11, 0x01, 0xff, 0xff, 0x01, 0x00, 0x00, // omSampler.......
	0x00, 0x00, 0x00, 0x10, 0x74, 0x65, 0x78, 0x5f, 0x62, 0x6c, 0x6f, 0x6f, 0x6d, 0x54, 0x65, 0x78, // ....tex_bloomTex
	0x74, 0x75, 0x72, 0x65, 0x11, 0x01, 0xff, 0xff, 0x01, 0x00, 0x00, 0x00, 0x00, 0x00, 0x10, 0x74, // ture...........t
	0x65, 0x78, 0x5f, 0x64, 0x65, 0x70, 0x74, 0x68, 0x53, 0x61, 0x6d, 0x70, 0x6c, 0x65, 0x72, 0x11, // ex_depthSampler.
	0x01, 0xff, 0xff, 0x01, 0x00, 0x00, 0x00, 0x00, 0x00, 0x10, 0x74, 0x65, 0x78, 0x5f, 0x64, 0x65, // ..........tex_de
	0x70, 0x74, 0x68, 0x54, 0x65, 0x78, 0x74, 0x75, 0x72, 0x65, 0x11, 0x01, 0xff, 0xff, 0x01, 0x00, // pthTexture......
	0x00, 0x00, 0x00, 0x00, 0x0a, 0x77, 0x5f, 0x68, 0x5f, 0x68, 0x65, 0x69, 0x67, 0x68, 0x74, 0x12, // .....w_h_height.
	0x01, 0x00, 0x01, 0x01, 0x00, 0x00, 0x00, 0x00, 0x00, 0x0a, 0x6d, 0x61, 0x74, 0x50, 0x72, 0x6f, // ..........matPro
	0x6a, 0x49, 0x6e, 0x76, 0x14, 0x01, 0xc0, 0x00, 0x04, 0x00, 0x00, 0x00, 0x00, 0x00, 0x05, 0x62, // jInv...........b
	0x61, 0x6c, 0x6c, 0x73, 0x12, 0x02, 0x00, 0x00, 0x02, 0x00, 0x00, 0x00, 0x00, 0x00, 0x07, 0x6d, // alls...........m
	0x61, 0x74, 0x50, 0x72, 0x6f, 0x6a, 0x14, 0x01, 0x80, 0x00, 0x04, 0x00, 0x00, 0x00, 0x00, 0x00, // atProj..........
	0x0f, 0x74, 0x65, 0x78, 0x5f, 0x66, 0x62, 0x5f, 0x66, 0x69, 0x6c, 0x74, 0x65, 0x72, 0x65, 0x64, // .tex_fb_filtered
	0x10, 0x00, 0x00, 0x00, 0x00, 0x00, 0x00, 0x02, 0x00, 0x00, 0x09, 0x74, 0x65, 0x78, 0x5f, 0x62, // ...........tex_b
	0x6c, 0x6f, 0x6f, 0x6d, 0x10, 0x00, 0x00, 0x00, 0x00, 0x00, 0x00, 0x02, 0x00, 0x00, 0x09, 0x74, // loom...........t
	0x65, 0x78, 0x5f, 0x64, 0x65, 0x70, 0x74, 0x68, 0x10, 0x00, 0x00, 0x00, 0x00, 0x00, 0x00, 0x02, // ex_depth........
	0x00, 0x00, 0xc4, 0x0c, 0x00, 0x00, 0x23, 0x69, 0x6e, 0x63, 0x6c, 0x75, 0x64, 0x65, 0x20, 0x3c, // ......#include <
	0x6d, 0x65, 0x74, 0x61, 0x6c, 0x5f, 0x73, 0x74, 0x64, 0x6c, 0x69, 0x62, 0x3e, 0x0a, 0x23, 0x69, // metal_stdlib>.#i
	0x6e, 0x63, 0x6c, 0x75, 0x64, 0x65, 0x20, 0x3c, 0x73, 0x69, 0x6d, 0x64, 0x2f, 0x73, 0x69, 0x6d, // nclude <simd/sim
	0x64, 0x2e, 0x68, 0x3e, 0x0a, 0x0a, 0x75, 0x73, 0x69, 0x6e, 0x67, 0x20, 0x6e, 0x61, 0x6d, 0x65, // d.h>..using name
	0x73, 0x70, 0x61, 0x63, 0x65, 0x20, 0x6d, 0x65, 0x74, 0x61, 0x6c, 0x3b, 0x0a, 0x0a, 0x73, 0x74, // space metal;..st
	0x72, 0x75, 0x63, 0x74, 0x20, 0x5f, 0x47, 0x6c, 0x6f, 0x62, 0x61, 0x6c, 0x0a, 0x7b, 0x0a, 0x20, // ruct _Global.{. 
	0x20, 0x20, 0x20, 0x66, 0x6c, 0x6f, 0x61, 0x74, 0x34, 0x20, 0x62, 0x61, 0x6c, 0x6c, 0x73, 0x5b, //    float4 balls[
	0x38, 0x5d, 0x3b, 0x0a, 0x20, 0x20, 0x20, 0x20, 0x66, 0x6c, 0x6f, 0x61, 0x74, 0x34, 0x78, 0x34, // 8];.    float4x4
	0x20, 0x6d, 0x61, 0x74, 0x50, 0x72, 0x6f, 0x6a, 0x3b, 0x0a, 0x20, 0x20, 0x20, 0x20, 0x66, 0x6c, //  matProj;.    fl
	0x6f, 0x61, 0x74, 0x34, 0x78, 0x34, 0x20, 0x6d, 0x61, 0x74, 0x50, 0x72, 0x6f, 0x6a, 0x49, 0x6e, // oat4x4 matProjIn
	0x76, 0x3b, 0x0a, 0x20, 0x20, 0x20, 0x20, 0x66, 0x6c, 0x6f, 0x61, 0x74, 0x34, 0x20, 0x77, 0x5f, // v;.    float4 w_
	0x68, 0x5f, 0x68, 0x65, 0x69, 0x67, 0x68, 0x74, 0x3b, 0x0a, 0x7d, 0x3b, 0x0a, 0x0a, 0x63, 0x6f, // h_height;.};..co
	0x6e, 0x73, 0x74, 0x61, 0x6e, 0x74, 0x20, 0x66, 0x6c, 0x6f, 0x61, 0x74, 0x34, 0x20, 0x5f, 0x38, // nstant float4 _8
	0x35, 0x31, 0x20, 0x3d, 0x20, 0x7b, 0x7d, 0x3b, 0x0a, 0x0a, 0x73, 0x74, 0x72, 0x75, 0x63, 0x74, // 51 = {};..struct
	0x20, 0x78, 0x6c, 0x61, 0x74, 0x4d, 0x74, 0x6c, 0x4d, 0x61, 0x69, 0x6e, 0x5f, 0x6f, 0x75, 0x74, //  xlatMtlMain_out
	0x0a, 0x7b, 0x0a, 0x20, 0x20, 0x20, 0x20, 0x66, 0x6c, 0x6f, 0x61, 0x74, 0x34, 0x20, 0x62, 0x67, // .{.    float4 bg
	0x66, 0x78, 0x5f, 0x46, 0x72, 0x61, 0x67, 0x44, 0x61, 0x74, 0x61, 0x30, 0x20, 0x5b, 0x5b, 0x63, // fx_FragData0 [[c
	0x6f, 0x6c, 0x6f, 0x72, 0x28, 0x30, 0x29, 0x5d, 0x5d, 0x3b, 0x0a, 0x7d, 0x3b, 0x0a, 0x0a, 0x73, // olor(0)]];.};..s
	0x74, 0x72, 0x75, 0x63, 0x74, 0x20, 0x78, 0x6c, 0x61, 0x74, 0x4d, 0x74, 0x6c, 0x4d, 0x61, 0x69, // truct xlatMtlMai
	0x6e, 0x5f, 0x69, 0x6e, 0x0a, 0x7b, 0x0a, 0x20, 0x20, 0x20, 0x20, 0x66, 0x6c, 0x6f, 0x61, 0x74, // n_in.{.    float
	0x32, 0x20, 0x76, 0x5f, 0x74, 0x65, 0x78, 0x63, 0x6f, 0x6f, 0x72, 0x64, 0x30, 0x20, 0x5b, 0x5b, // 2 v_texcoord0 [[
	0x75, 0x73, 0x65, 0x72, 0x28, 0x6c, 0x6f, 0x63, 0x6e, 0x30, 0x29, 0x5d, 0x5d, 0x3b, 0x0a, 0x7d, // user(locn0)]];.}
	0x3b, 0x0a, 0x0a, 0x66, 0x72, 0x61, 0x67, 0x6d, 0x65, 0x6e, 0x74, 0x20, 0x78, 0x6c, 0x61, 0x74, // ;..fragment xlat
	0x4d, 0x74, 0x6c, 0x4d, 0x61, 0x69, 0x6e, 0x5f, 0x6f, 0x75, 0x74, 0x20, 0x78, 0x6c, 0x61, 0x74, // MtlMain_out xlat
	0x4d, 0x74, 0x6c, 0x4d, 0x61, 0x69, 0x6e, 0x28, 0x78, 0x6c, 0x61, 0x74, 0x4d, 0x74, 0x6c, 0x4d, // MtlMain(xlatMtlM
	0x61, 0x69, 0x6e, 0x5f, 0x69, 0x6e, 0x20, 0x69, 0x6e, 0x20, 0x5b, 0x5b, 0x73, 0x74, 0x61, 0x67, // ain_in in [[stag
	0x65, 0x5f, 0x69, 0x6e, 0x5d, 0x5d, 0x2c, 0x20, 0x63, 0x6f, 0x6e, 0x73, 0x74, 0x61, 0x6e, 0x74, // e_in]], constant
	0x20, 0x5f, 0x47, 0x6c, 0x6f, 0x62, 0x61, 0x6c, 0x26, 0x20, 0x5f, 0x6d, 0x74, 0x6c, 0x5f, 0x75, //  _Global& _mtl_u
	0x20, 0x5b, 0x5b, 0x62, 0x75, 0x66, 0x66, 0x65, 0x72, 0x28, 0x30, 0x29, 0x5d, 0x5d, 0x2c, 0x20, //  [[buffer(0)]], 
	0x74, 0x65, 0x78, 0x74, 0x75, 0x72, 0x65, 0x32, 0x64, 0x3c, 0x66, 0x6c, 0x6f, 0x61, 0x74, 0x3e, // texture2d<float>
	0x20, 0x74, 0x65, 0x78, 0x5f, 0x66, 0x62, 0x5f, 0x66, 0x69, 0x6c, 0x74, 0x65, 0x72, 0x65, 0x64, //  tex_fb_filtered
	0x20, 0x5b, 0x5b, 0x74, 0x65, 0x78, 0x74, 0x75, 0x72, 0x65, 0x28, 0x30, 0x29, 0x5d, 0x5d, 0x2c, //  [[texture(0)]],
	0x20, 0x74, 0x65, 0x78, 0x74, 0x75, 0x72, 0x65, 0x32, 0x64, 0x3c, 0x66, 0x6c, 0x6f, 0x61, 0x74, //  texture2d<float
	0x3e, 0x20, 0x74, 0x65, 0x78, 0x5f, 0x62, 0x6c, 0x6f, 0x6f, 0x6d, 0x20, 0x5b, 0x5b, 0x74, 0x65, // > tex_bloom [[te
	0x78, 0x74, 0x75, 0x72, 0x65, 0x28, 0x31, 0x29, 0x5d, 0x5d, 0x2c, 0x20, 0x74, 0x65, 0x78, 0x74, // xture(1)]], text
	0x75, 0x72, 0x65, 0x32, 0x64, 0x3c, 0x66, 0x6c, 0x6f, 0x61, 0x74, 0x3e, 0x20, 0x74, 0x65, 0x78, // ure2d<float> tex
	0x5f, 0x64, 0x65, 0x70, 0x74, 0x68, 0x20, 0x5b, 0x5b, 0x74, 0x65, 0x78, 0x74, 0x75, 0x72, 0x65, // _depth [[texture
	0x28, 0x34, 0x29, 0x5d, 0x5d, 0x2c, 0x20, 0x73, 0x61, 0x6d, 0x70, 0x6c, 0x65, 0x72, 0x20, 0x74, // (4)]], sampler t
	0x65, 0x78, 0x5f, 0x66, 0x62, 0x5f, 0x66, 0x69, 0x6c, 0x74, 0x65, 0x72, 0x65, 0x64, 0x53, 0x61, // ex_fb_filteredSa
	0x6d, 0x70, 0x6c, 0x65, 0x72, 0x20, 0x5b, 0x5b, 0x73, 0x61, 0x6d, 0x70, 0x6c, 0x65, 0x72, 0x28, // mpler [[sampler(
	0x30, 0x29, 0x5d, 0x5d, 0x2c, 0x20, 0x73, 0x61, 0x6d, 0x70, 0x6c, 0x65, 0x72, 0x20, 0x74, 0x65, // 0)]], sampler te
	0x78, 0x5f, 0x62, 0x6c, 0x6f, 0x6f, 0x6d, 0x53, 0x61, 0x6d, 0x70, 0x6c, 0x65, 0x72, 0x20, 0x5b, // x_bloomSampler [
	0x5b, 0x73, 0x61, 0x6d, 0x70, 0x6c, 0x65, 0x72, 0x28, 0x31, 0x29, 0x5d, 0x5d, 0x2c, 0x20, 0x73, // [sampler(1)]], s
	0x61, 0x6d, 0x70, 0x6c, 0x65, 0x72, 0x20, 0x74, 0x65, 0x78, 0x5f, 0x64, 0x65, 0x70, 0x74, 0x68, // ampler tex_depth
	0x53, 0x61, 0x6d, 0x70, 0x6c, 0x65, 0x72, 0x20, 0x5b, 0x5b, 0x73, 0x61, 0x6d, 0x70, 0x6c, 0x65, // Sampler [[sample
	0x72, 0x28, 0x34, 0x29, 0x5d, 0x5d, 0x29, 0x0a, 0x7b, 0x0a, 0x20, 0x20, 0x20, 0x20, 0x78, 0x6c, // r(4)]]).{.    xl
	0x61, 0x74, 0x4d, 0x74, 0x6c, 0x4d, 0x61, 0x69, 0x6e, 0x5f, 0x6f, 0x75, 0x74, 0x20, 0x6f, 0x75, // atMtlMain_out ou
	0x74, 0x20, 0x3d, 0x20, 0x7b, 0x7d, 0x3b, 0x0a, 0x20, 0x20, 0x20, 0x20, 0x66, 0x6c, 0x6f, 0x61, // t = {};.    floa
	0x74, 0x34, 0x20, 0x5f, 0x38, 0x34, 0x32, 0x3b, 0x0a, 0x20, 0x20, 0x20, 0x20, 0x64, 0x6f, 0x0a, // t4 _842;.    do.
	0x20, 0x20, 0x20, 0x20, 0x7b, 0x0a, 0x20, 0x20, 0x20, 0x20, 0x20, 0x20, 0x20, 0x20, 0x69, 0x6e, //     {.        in
	0x74, 0x20, 0x5f, 0x34, 0x39, 0x34, 0x20, 0x3d, 0x20, 0x69, 0x6e, 0x74, 0x28, 0x5f, 0x6d, 0x74, // t _494 = int(_mt
	0x6c, 0x5f, 0x75, 0x2e, 0x77, 0x5f, 0x68, 0x5f, 0x68, 0x65, 0x69, 0x67, 0x68, 0x74, 0x2e, 0x77, // l_u.w_h_height.w
	0x29, 0x3b, 0x0a, 0x20, 0x20, 0x20, 0x20, 0x20, 0x20, 0x20, 0x20, 0x66, 0x6c, 0x6f, 0x61, 0x74, // );.        float
	0x34, 0x20, 0x5f, 0x35, 0x31, 0x33, 0x20, 0x3d, 0x20, 0x5f, 0x6d, 0x74, 0x6c, 0x5f, 0x75, 0x2e, // 4 _513 = _mtl_u.
	0x6d, 0x61, 0x74, 0x50, 0x72, 0x6f, 0x6a, 0x49, 0x6e, 0x76, 0x20, 0x2a, 0x20, 0x66, 0x6c, 0x6f, // matProjInv * flo
	0x61, 0x74, 0x34, 0x28, 0x28, 0x69, 0x6e, 0x2e, 0x76, 0x5f, 0x74, 0x65, 0x78, 0x63, 0x6f, 0x6f, // at4((in.v_texcoo
	0x72, 0x64, 0x30, 0x2e, 0x78, 0x20, 0x2a, 0x20, 0x32, 0x2e, 0x30, 0x29, 0x20, 0x2d, 0x20, 0x31, // rd0.x * 2.0) - 1
	0x2e, 0x30, 0x2c, 0x20, 0x31, 0x2e, 0x30, 0x20, 0x2d, 0x20, 0x28, 0x69, 0x6e, 0x2e, 0x76, 0x5f, // .0, 1.0 - (in.v_
	0x74, 0x65, 0x78, 0x63, 0x6f, 0x6f, 0x72, 0x64, 0x30, 0x2e, 0x79, 0x20, 0x2a, 0x20, 0x32, 0x2e, // texcoord0.y * 2.
	0x30, 0x29, 0x2c, 0x20, 0x74, 0x65, 0x78, 0x5f, 0x64, 0x65, 0x70, 0x74, 0x68, 0x2e, 0x73, 0x61, // 0), tex_depth.sa
	0x6d, 0x70, 0x6c, 0x65, 0x28, 0x74, 0x65, 0x78, 0x5f, 0x64, 0x65, 0x70, 0x74, 0x68, 0x53, 0x61, // mple(tex_depthSa
	0x6d, 0x70, 0x6c, 0x65, 0x72, 0x2c, 0x20, 0x69, 0x6e, 0x2e, 0x76, 0x5f, 0x74, 0x65, 0x78, 0x63, // mpler, in.v_texc
	0x6f, 0x6f, 0x72, 0x64, 0x30, 0x2c, 0x20, 0x6c, 0x65, 0x76, 0x65, 0x6c, 0x28, 0x30, 0x2e, 0x30, // oord0, level(0.0
	0x29, 0x29, 0x2e, 0x78, 0x2c, 0x20, 0x31, 0x2e, 0x30, 0x29, 0x3b, 0x0a, 0x20, 0x20, 0x20, 0x20, // )).x, 1.0);.    
	0x20, 0x20, 0x20, 0x20, 0x66, 0x6c, 0x6f, 0x61, 0x74, 0x33, 0x20, 0x5f, 0x35, 0x31, 0x39, 0x20, //     float3 _519 
	0x3d, 0x20, 0x5f, 0x35, 0x31, 0x33, 0x2e, 0x78, 0x79, 0x7a, 0x20, 0x2f, 0x20, 0x66, 0x6c, 0x6f, // = _513.xyz / flo
	0x61, 0x74, 0x33, 0x28, 0x5f, 0x35, 0x31, 0x33, 0x2e, 0x77, 0x29, 0x3b, 0x0a, 0x20, 0x20, 0x20, // at3(_513.w);.   
	0x20, 0x20, 0x20, 0x20, 0x20, 0x66, 0x6c, 0x6f, 0x61, 0x74, 0x34, 0x20, 0x5f, 0x38, 0x31, 0x35, //      float4 _815
	0x3b, 0x0a, 0x20, 0x20, 0x20, 0x20, 0x20, 0x20, 0x20, 0x20, 0x5f, 0x38, 0x31, 0x35, 0x2e, 0x78, // ;.        _815.x
	0x20, 0x3d, 0x20, 0x5f, 0x35, 0x31, 0x39, 0x2e, 0x78, 0x3b, 0x0a, 0x20, 0x20, 0x20, 0x20, 0x20, //  = _519.x;.     
	0x20, 0x20, 0x20, 0x5f, 0x38, 0x31, 0x35, 0x2e, 0x79, 0x20, 0x3d, 0x20, 0x5f, 0x35, 0x31, 0x39, //    _815.y = _519
	0x2e, 0x79, 0x3b, 0x0a, 0x20, 0x20, 0x20, 0x20, 0x20, 0x20, 0x20, 0x20, 0x66, 0x6c, 0x6f, 0x61, // .y;.        floa
	0x74, 0x20, 0x5f, 0x35, 0x32, 0x35, 0x20, 0x3d, 0x20, 0x5f, 0x35, 0x31, 0x39, 0x2e, 0x7a, 0x3b, // t _525 = _519.z;
	0x0a, 0x20, 0x20, 0x20, 0x20, 0x20, 0x20, 0x20, 0x20, 0x5f, 0x38, 0x31, 0x35, 0x2e, 0x7a, 0x20, // .        _815.z 
	0x3d, 0x20, 0x5f, 0x35, 0x32, 0x35, 0x3b, 0x0a, 0x20, 0x20, 0x20, 0x20, 0x20, 0x20, 0x20, 0x20, // = _525;.        
	0x66, 0x6c, 0x6f, 0x61, 0x74, 0x33, 0x20, 0x5f, 0x35, 0x32, 0x38, 0x20, 0x3d, 0x20, 0x66, 0x61, // float3 _528 = fa
	0x73, 0x74, 0x3a, 0x3a, 0x6e, 0x6f, 0x72, 0x6d, 0x61, 0x6c, 0x69, 0x7a, 0x65, 0x28, 0x5f, 0x38, // st::normalize(_8
	0x31, 0x35, 0x2e, 0x78, 0x79, 0x7a, 0x29, 0x3b, 0x0a, 0x20, 0x20, 0x20, 0x20, 0x20, 0x20, 0x20, // 15.xyz);.       
	0x20, 0x66, 0x6c, 0x6f, 0x61, 0x74, 0x20, 0x5f, 0x35, 0x33, 0x39, 0x20, 0x3d, 0x20, 0x5f, 0x6d, //  float _539 = _m
	0x74, 0x6c, 0x5f, 0x75, 0x2e, 0x62, 0x61, 0x6c, 0x6c, 0x73, 0x5b, 0x30, 0x5d, 0x2e, 0x77, 0x20, // tl_u.balls[0].w 
	0x2a, 0x20, 0x5f, 0x6d, 0x74, 0x6c, 0x5f, 0x75, 0x2e, 0x62, 0x61, 0x6c, 0x6c, 0x73, 0x5b, 0x30, // * _mtl_u.balls[0
	0x5d, 0x2e, 0x77, 0x3b, 0x0a, 0x20, 0x20, 0x20, 0x20, 0x20, 0x20, 0x20, 0x20, 0x66, 0x6c, 0x6f, // ].w;.        flo
	0x61, 0x74, 0x34, 0x20, 0x5f, 0x37, 0x34, 0x30, 0x20, 0x3d, 0x20, 0x74, 0x65, 0x78, 0x5f, 0x66, // at4 _740 = tex_f
	0x62, 0x5f, 0x66, 0x69, 0x6c, 0x74, 0x65, 0x72, 0x65, 0x64, 0x2e, 0x73, 0x61, 0x6d, 0x70, 0x6c, // b_filtered.sampl
	0x65, 0x28, 0x74, 0x65, 0x78, 0x5f, 0x66, 0x62, 0x5f, 0x66, 0x69, 0x6c, 0x74, 0x65, 0x72, 0x65, // e(tex_fb_filtere
	0x64, 0x53, 0x61, 0x6d, 0x70, 0x6c, 0x65, 0x72, 0x2c, 0x20, 0x69, 0x6e, 0x2e, 0x76, 0x5f, 0x74, // dSampler, in.v_t
	0x65, 0x78, 0x63, 0x6f, 0x6f, 0x72, 0x64, 0x30, 0x2c, 0x20, 0x6c, 0x65, 0x76, 0x65, 0x6c, 0x28, // excoord0, level(
	0x30, 0x2e, 0x30, 0x29, 0x29, 0x3b, 0x0a, 0x20, 0x20, 0x20, 0x20, 0x20, 0x20, 0x20, 0x20, 0x66, // 0.0));.        f
	0x6c, 0x6f, 0x61, 0x74, 0x33, 0x20, 0x5f, 0x35, 0x34, 0x33, 0x20, 0x3d, 0x20, 0x5f, 0x37, 0x34, // loat3 _543 = _74
	0x30, 0x2e, 0x78, 0x79, 0x7a, 0x3b, 0x0a, 0x20, 0x20, 0x20, 0x20, 0x20, 0x20, 0x20, 0x20, 0x66, // 0.xyz;.        f
	0x6c, 0x6f, 0x61, 0x74, 0x20, 0x5f, 0x35, 0x34, 0x36, 0x20, 0x3d, 0x20, 0x64, 0x6f, 0x74, 0x28, // loat _546 = dot(
	0x5f, 0x35, 0x32, 0x38, 0x2c, 0x20, 0x5f, 0x6d, 0x74, 0x6c, 0x5f, 0x75, 0x2e, 0x62, 0x61, 0x6c, // _528, _mtl_u.bal
	0x6c, 0x73, 0x5b, 0x30, 0x5d, 0x2e, 0x78, 0x79, 0x7a, 0x29, 0x3b, 0x0a, 0x20, 0x20, 0x20, 0x20, // ls[0].xyz);.    
	0x20, 0x20, 0x20, 0x20, 0x66, 0x6c, 0x6f, 0x61, 0x74, 0x20, 0x5f, 0x35, 0x35, 0x37, 0x20, 0x3d, //     float _557 =
	0x20, 0x28, 0x5f, 0x35, 0x34, 0x36, 0x20, 0x2a, 0x20, 0x5f, 0x35, 0x34, 0x36, 0x29, 0x20, 0x2d, //  (_546 * _546) -
	0x20, 0x28, 0x64, 0x6f, 0x74, 0x28, 0x5f, 0x6d, 0x74, 0x6c, 0x5f, 0x75, 0x2e, 0x62, 0x61, 0x6c, //  (dot(_mtl_u.bal
	0x6c, 0x73, 0x5b, 0x30, 0x5d, 0x2e, 0x78, 0x79, 0x7a, 0x2c, 0x20, 0x5f, 0x6d, 0x74, 0x6c, 0x5f, // ls[0].xyz, _mtl_
	0x75, 0x2e, 0x62, 0x61, 0x6c, 0x6c, 0x73, 0x5b, 0x30, 0x5d, 0x2e, 0x78, 0x79, 0x7a, 0x29, 0x20, // u.balls[0].xyz) 
	0x2d, 0x20, 0x28, 0x5f, 0x35, 0x33, 0x39, 0x20, 0x2a, 0x20, 0x31, 0x2e, 0x31, 0x34, 0x39, 0x39, // - (_539 * 1.1499
	0x39, 0x39, 0x39, 0x37, 0x36, 0x31, 0x35, 0x38, 0x31, 0x34, 0x32, 0x30, 0x38, 0x39, 0x38, 0x34, // 9997615814208984
	0x33, 0x37, 0x35, 0x29, 0x29, 0x3b, 0x0a, 0x20, 0x20, 0x20, 0x20, 0x20, 0x20, 0x20, 0x20, 0x66, // 375));.        f
	0x6c, 0x6f, 0x61, 0x74, 0x33, 0x20, 0x5f, 0x38, 0x34, 0x34, 0x3b, 0x0a, 0x20, 0x20, 0x20, 0x20, // loat3 _844;.    
	0x20, 0x20, 0x20, 0x20, 0x69, 0x66, 0x20, 0x28, 0x5f, 0x35, 0x35, 0x37, 0x20, 0x3c, 0x20, 0x30, //     if (_557 < 0
	0x2e, 0x30, 0x29, 0x0a, 0x20, 0x20, 0x20, 0x20, 0x20, 0x20, 0x20, 0x20, 0x7b, 0x0a, 0x20, 0x20, // .0).        {.  
	0x20, 0x20, 0x20, 0x20, 0x20, 0x20, 0x20, 0x20, 0x20, 0x20, 0x5f, 0x38, 0x34, 0x34, 0x20, 0x3d, //           _844 =
	0x20, 0x5f, 0x35, 0x34, 0x33, 0x3b, 0x0a, 0x20, 0x20, 0x20, 0x20, 0x20, 0x20, 0x20, 0x20, 0x7d, //  _543;.        }
	0x0a, 0x20, 0x20, 0x20, 0x20, 0x20, 0x20, 0x20, 0x20, 0x65, 0x6c, 0x73, 0x65, 0x0a, 0x20, 0x20, // .        else.  
	0x20, 0x20, 0x20, 0x20, 0x20, 0x20, 0x7b, 0x0a, 0x20, 0x20, 0x20, 0x20, 0x20, 0x20, 0x20, 0x20, //       {.        
	0x20, 0x20, 0x20, 0x20, 0x69, 0x66, 0x20, 0x28, 0x5f, 0x35, 0x32, 0x35, 0x20, 0x3e, 0x20, 0x28, //     if (_525 > (
	0x28, 0x28, 0x5f, 0x35, 0x34, 0x36, 0x20, 0x2d, 0x20, 0x73, 0x71, 0x72, 0x74, 0x28, 0x5f, 0x35, // ((_546 - sqrt(_5
	0x35, 0x37, 0x29, 0x29, 0x20, 0x2a, 0x20, 0x5f, 0x35, 0x32, 0x38, 0x2e, 0x7a, 0x29, 0x20, 0x2b, // 57)) * _528.z) +
	0x20, 0x31, 0x2e, 0x30, 0x29, 0x29, 0x0a, 0x20, 0x20, 0x20, 0x20, 0x20, 0x20, 0x20, 0x20, 0x20, //  1.0)).         
	0x20, 0x20, 0x20, 0x7b, 0x0a, 0x20, 0x20, 0x20, 0x20, 0x20, 0x20, 0x20, 0x20, 0x20, 0x20, 0x20, //    {.           
	0x20, 0x20, 0x20, 0x20, 0x20, 0x5f, 0x38, 0x34, 0x32, 0x20, 0x3d, 0x20, 0x66, 0x6c, 0x6f, 0x61, //      _842 = floa
	0x74, 0x34, 0x28, 0x5f, 0x37, 0x34, 0x30, 0x2e, 0x78, 0x79, 0x7a, 0x2c, 0x20, 0x31, 0x2e, 0x30, // t4(_740.xyz, 1.0
	0x29, 0x3b, 0x0a, 0x20, 0x20, 0x20, 0x20, 0x20, 0x20, 0x20, 0x20, 0x20, 0x20, 0x20, 0x20, 0x20, // );.             
	0x20, 0x20, 0x20, 0x62, 0x72, 0x65, 0x61, 0x6b, 0x3b, 0x0a, 0x20, 0x20, 0x20, 0x20, 0x20, 0x20, //    break;.      
	0x20, 0x20, 0x20, 0x20, 0x20, 0x20, 0x7d, 0x0a, 0x20, 0x20, 0x20, 0x20, 0x20, 0x20, 0x20, 0x20, //       }.        
	0x20, 0x20, 0x20, 0x20, 0x5f, 0x38, 0x34, 0x34, 0x20, 0x3d, 0x20, 0x74, 0x65, 0x78, 0x5f, 0x62, //     _844 = tex_b
	0x6c, 0x6f, 0x6f, 0x6d, 0x2e, 0x73, 0x61, 0x6d, 0x70, 0x6c, 0x65, 0x28, 0x74, 0x65, 0x78, 0x5f, // loom.sample(tex_
	0x62, 0x6c, 0x6f, 0x6f, 0x6d, 0x53, 0x61, 0x6d, 0x70, 0x6c, 0x65, 0x72, 0x2c, 0x20, 0x69, 0x6e, // bloomSampler, in
	0x2e, 0x76, 0x5f, 0x74, 0x65, 0x78, 0x63, 0x6f, 0x6f, 0x72, 0x64, 0x30, 0x2c, 0x20, 0x6c, 0x65, // .v_texcoord0, le
	0x76, 0x65, 0x6c, 0x28, 0x30, 0x2e, 0x30, 0x29, 0x29, 0x2e, 0x78, 0x79, 0x7a, 0x3b, 0x0a, 0x20, // vel(0.0)).xyz;. 
	0x20, 0x20, 0x20, 0x20, 0x20, 0x20, 0x20, 0x7d, 0x0a, 0x20, 0x20, 0x20, 0x20, 0x20, 0x20, 0x20, //        }.       
	0x20, 0x66, 0x6c, 0x6f, 0x61, 0x74, 0x33, 0x20, 0x5f, 0x38, 0x34, 0x30, 0x3b, 0x0a, 0x20, 0x20, //  float3 _840;.  
	0x20, 0x20, 0x20, 0x20, 0x20, 0x20, 0x5f, 0x38, 0x34, 0x30, 0x20, 0x3d, 0x20, 0x5f, 0x35, 0x34, //       _840 = _54
	0x33, 0x3b, 0x0a, 0x20, 0x20, 0x20, 0x20, 0x20, 0x20, 0x20, 0x20, 0x66, 0x6c, 0x6f, 0x61, 0x74, // 3;.        float
	0x33, 0x20, 0x5f, 0x38, 0x34, 0x36, 0x3b, 0x0a, 0x20, 0x20, 0x20, 0x20, 0x20, 0x20, 0x20, 0x20, // 3 _846;.        
	0x66, 0x6f, 0x72, 0x20, 0x28, 0x69, 0x6e, 0x74, 0x20, 0x5f, 0x38, 0x33, 0x39, 0x20, 0x3d, 0x20, // for (int _839 = 
	0x31, 0x3b, 0x20, 0x5f, 0x38, 0x33, 0x39, 0x20, 0x3c, 0x20, 0x5f, 0x34, 0x39, 0x34, 0x3b, 0x20, // 1; _839 < _494; 
	0x5f, 0x38, 0x34, 0x30, 0x20, 0x3d, 0x20, 0x5f, 0x38, 0x34, 0x36, 0x2c, 0x20, 0x5f, 0x38, 0x33, // _840 = _846, _83
	0x39, 0x2b, 0x2b, 0x29, 0x0a, 0x20, 0x20, 0x20, 0x20, 0x20, 0x20, 0x20, 0x20, 0x7b, 0x0a, 0x20, // 9++).        {. 
	0x20, 0x20, 0x20, 0x20, 0x20, 0x20, 0x20, 0x20, 0x20, 0x20, 0x20, 0x66, 0x6c, 0x6f, 0x61, 0x74, //            float
	0x33, 0x20, 0x5f, 0x35, 0x39, 0x39, 0x20, 0x3d, 0x20, 0x66, 0x6c, 0x6f, 0x61, 0x74, 0x33, 0x28, // 3 _599 = float3(
	0x66, 0x6c, 0x6f, 0x61, 0x74, 0x28, 0x5f, 0x38, 0x33, 0x39, 0x29, 0x20, 0x2f, 0x20, 0x5f, 0x6d, // float(_839) / _m
	0x74, 0x6c, 0x5f, 0x75, 0x2e, 0x77, 0x5f, 0x68, 0x5f, 0x68, 0x65, 0x69, 0x67, 0x68, 0x74, 0x2e, // tl_u.w_h_height.
	0x77, 0x29, 0x3b, 0x0a, 0x20, 0x20, 0x20, 0x20, 0x20, 0x20, 0x20, 0x20, 0x20, 0x20, 0x20, 0x20, // w);.            
	0x66, 0x6c, 0x6f, 0x61, 0x74, 0x33, 0x20, 0x5f, 0x37, 0x35, 0x36, 0x20, 0x3d, 0x20, 0x6d, 0x69, // float3 _756 = mi
	0x78, 0x28, 0x5f, 0x6d, 0x74, 0x6c, 0x5f, 0x75, 0x2e, 0x62, 0x61, 0x6c, 0x6c, 0x73, 0x5b, 0x31, // x(_mtl_u.balls[1
	0x5d, 0x2e, 0x78, 0x79, 0x7a, 0x2c, 0x20, 0x5f, 0x6d, 0x74, 0x6c, 0x5f, 0x75, 0x2e, 0x62, 0x61, // ].xyz, _mtl_u.ba
	0x6c, 0x6c, 0x73, 0x5b, 0x30, 0x5d, 0x2e, 0x78, 0x79, 0x7a, 0x2c, 0x20, 0x5f, 0x35, 0x39, 0x39, // lls[0].xyz, _599
	0x29, 0x3b, 0x0a, 0x20, 0x20, 0x20, 0x20, 0x20, 0x20, 0x20, 0x20, 0x20, 0x20, 0x20, 0x20, 0x66, // );.            f
	0x6c, 0x6f, 0x61, 0x74, 0x20, 0x5f, 0x36, 0x30, 0x35, 0x20, 0x3d, 0x20, 0x64, 0x6f, 0x74, 0x28, // loat _605 = dot(
	0x5f, 0x35, 0x32, 0x38, 0x2c, 0x20, 0x5f, 0x37, 0x35, 0x36, 0x29, 0x3b, 0x0a, 0x20, 0x20, 0x20, // _528, _756);.   
	0x20, 0x20, 0x20, 0x20, 0x20, 0x20, 0x20, 0x20, 0x20, 0x66, 0x6c, 0x6f, 0x61, 0x74, 0x20, 0x5f, //          float _
	0x36, 0x31, 0x35, 0x20, 0x3d, 0x20, 0x28, 0x5f, 0x36, 0x30, 0x35, 0x20, 0x2a, 0x20, 0x5f, 0x36, // 615 = (_605 * _6
	0x30, 0x35, 0x29, 0x20, 0x2d, 0x20, 0x28, 0x64, 0x6f, 0x74, 0x28, 0x5f, 0x37, 0x35, 0x36, 0x2c, // 05) - (dot(_756,
	0x20, 0x5f, 0x37, 0x35, 0x36, 0x29, 0x20, 0x2d, 0x20, 0x5f, 0x35, 0x33, 0x39, 0x29, 0x3b, 0x0a, //  _756) - _539);.
	0x20, 0x20, 0x20, 0x20, 0x20, 0x20, 0x20, 0x20, 0x20, 0x20, 0x20, 0x20, 0x69, 0x66, 0x20, 0x28, //             if (
	0x5f, 0x36, 0x31, 0x35, 0x20, 0x3c, 0x20, 0x30, 0x2e, 0x30, 0x29, 0x0a, 0x20, 0x20, 0x20, 0x20, // _615 < 0.0).    
	0x20, 0x20, 0x20, 0x20, 0x20, 0x20, 0x20, 0x20, 0x7b, 0x0a, 0x20, 0x20, 0x20, 0x20, 0x20, 0x20, //         {.      
	0x20, 0x20, 0x20, 0x20, 0x20, 0x20, 0x20, 0x20, 0x20, 0x20, 0x5f, 0x38, 0x34, 0x36, 0x20, 0x3d, //           _846 =
	0x20, 0x5f, 0x38, 0x34, 0x30, 0x20, 0x2b, 0x20, 0x5f, 0x38, 0x34, 0x34, 0x3b, 0x0a, 0x20, 0x20, //  _840 + _844;.  
	0x20, 0x20, 0x20, 0x20, 0x20, 0x20, 0x20, 0x20, 0x20, 0x20, 0x7d, 0x0a, 0x20, 0x20, 0x20, 0x20, //           }.    
	0x20, 0x20, 0x20, 0x20, 0x20, 0x20, 0x20, 0x20, 0x65, 0x6c, 0x73, 0x65, 0x0a, 0x20, 0x20, 0x20, //         else.   
	0x20, 0x20, 0x20, 0x20, 0x20, 0x20, 0x20, 0x20, 0x20, 0x7b, 0x0a, 0x20, 0x20, 0x20, 0x20, 0x20, //          {.     
	0x20, 0x20, 0x20, 0x20, 0x20, 0x20, 0x20, 0x20, 0x20, 0x20, 0x20, 0x66, 0x6c, 0x6f, 0x61, 0x74, //            float
	0x33, 0x20, 0x5f, 0x36, 0x33, 0x30, 0x20, 0x3d, 0x20, 0x28, 0x5f, 0x35, 0x32, 0x38, 0x20, 0x2a, // 3 _630 = (_528 *
	0x20, 0x28, 0x5f, 0x36, 0x30, 0x35, 0x20, 0x2d, 0x20, 0x73, 0x71, 0x72, 0x74, 0x28, 0x5f, 0x36, //  (_605 - sqrt(_6
	0x31, 0x35, 0x29, 0x29, 0x29, 0x20, 0x2d, 0x20, 0x5f, 0x37, 0x35, 0x36, 0x3b, 0x0a, 0x20, 0x20, // 15))) - _756;.  
	0x20, 0x20, 0x20, 0x20, 0x20, 0x20, 0x20, 0x20, 0x20, 0x20, 0x20, 0x20, 0x20, 0x20, 0x66, 0x6c, //               fl
	0x6f, 0x61, 0x74, 0x34, 0x20, 0x5f, 0x36, 0x34, 0x30, 0x20, 0x3d, 0x20, 0x5f, 0x6d, 0x74, 0x6c, // oat4 _640 = _mtl
	0x5f, 0x75, 0x2e, 0x6d, 0x61, 0x74, 0x50, 0x72, 0x6f, 0x6a, 0x20, 0x2a, 0x20, 0x66, 0x6c, 0x6f, // _u.matProj * flo
	0x61, 0x74, 0x34, 0x28, 0x5f, 0x6d, 0x74, 0x6c, 0x5f, 0x75, 0x2e, 0x62, 0x61, 0x6c, 0x6c, 0x73, // at4(_mtl_u.balls
	0x5b, 0x31, 0x5d, 0x2e, 0x78, 0x79, 0x7a, 0x20, 0x2b, 0x20, 0x5f, 0x36, 0x33, 0x30, 0x2c, 0x20, // [1].xyz + _630, 
	0x31, 0x2e, 0x30, 0x29, 0x3b, 0x0a, 0x20, 0x20, 0x20, 0x20, 0x20, 0x20, 0x20, 0x20, 0x20, 0x20, // 1.0);.          
	0x20, 0x20, 0x20, 0x20, 0x20, 0x20, 0x66, 0x6c, 0x6f, 0x61, 0x74, 0x34, 0x20, 0x5f, 0x36, 0x35, //       float4 _65
	0x30, 0x20, 0x3d, 0x20, 0x5f, 0x6d, 0x74, 0x6c, 0x5f, 0x75, 0x2e, 0x6d, 0x61, 0x74, 0x50, 0x72, // 0 = _mtl_u.matPr
	0x6f, 0x6a, 0x20, 0x2a, 0x20, 0x66, 0x6c, 0x6f, 0x61, 0x74, 0x34, 0x28, 0x5f, 0x6d, 0x74, 0x6c, // oj * float4(_mtl
	0x5f, 0x75, 0x2e, 0x62, 0x61, 0x6c, 0x6c, 0x73, 0x5b, 0x30, 0x5d, 0x2e, 0x78, 0x79, 0x7a, 0x20, // _u.balls[0].xyz 
	0x2b, 0x20, 0x5f, 0x36, 0x33, 0x30, 0x2c, 0x20, 0x31, 0x2e, 0x30, 0x29, 0x3b, 0x0a, 0x20, 0x20, // + _630, 1.0);.  
	0x20, 0x20, 0x20, 0x20, 0x20, 0x20, 0x20, 0x20, 0x20, 0x20, 0x20, 0x20, 0x20, 0x20, 0x66, 0x6c, //               fl
	0x6f, 0x61, 0x74, 0x32, 0x20, 0x5f, 0x36, 0x35, 0x36, 0x20, 0x3d, 0x20, 0x5f, 0x36, 0x34, 0x30, // oat2 _656 = _640
	0x2e, 0x78, 0x79, 0x20, 0x2f, 0x20, 0x66, 0x6c, 0x6f, 0x61, 0x74, 0x32, 0x28, 0x5f, 0x36, 0x34, // .xy / float2(_64
	0x30, 0x2e, 0x77, 0x29, 0x3b, 0x0a, 0x20, 0x20, 0x20, 0x20, 0x20, 0x20, 0x20, 0x20, 0x20, 0x20, // 0.w);.          
	0x20, 0x20, 0x20, 0x20, 0x20, 0x20, 0x66, 0x6c, 0x6f, 0x61, 0x74, 0x32, 0x20, 0x5f, 0x36, 0x36, //       float2 _66
	0x36, 0x20, 0x3d, 0x20, 0x5f, 0x36, 0x35, 0x30, 0x2e, 0x78, 0x79, 0x20, 0x2f, 0x20, 0x66, 0x6c, // 6 = _650.xy / fl
	0x6f, 0x61, 0x74, 0x32, 0x28, 0x5f, 0x36, 0x35, 0x30, 0x2e, 0x77, 0x29, 0x3b, 0x0a, 0x20, 0x20, // oat2(_650.w);.  
	0x20, 0x20, 0x20, 0x20, 0x20, 0x20, 0x20, 0x20, 0x20, 0x20, 0x20, 0x20, 0x20, 0x20, 0x5f, 0x38, //               _8
	0x34, 0x36, 0x20, 0x3d, 0x20, 0x5f, 0x38, 0x34, 0x30, 0x20, 0x2b, 0x20, 0x6d, 0x69, 0x78, 0x28, // 46 = _840 + mix(
	0x74, 0x65, 0x78, 0x5f, 0x62, 0x6c, 0x6f, 0x6f, 0x6d, 0x2e, 0x73, 0x61, 0x6d, 0x70, 0x6c, 0x65, // tex_bloom.sample
	0x28, 0x74, 0x65, 0x78, 0x5f, 0x62, 0x6c, 0x6f, 0x6f, 0x6d, 0x53, 0x61, 0x6d, 0x70, 0x6c, 0x65, // (tex_bloomSample
	0x72, 0x2c, 0x20, 0x28, 0x66, 0x6c, 0x6f, 0x61, 0x74, 0x32, 0x28, 0x30, 0x2e, 0x35, 0x29, 0x20, // r, (float2(0.5) 
	0x2b, 0x20, 0x28, 0x66, 0x6c, 0x6f, 0x61, 0x74, 0x32, 0x28, 0x5f, 0x36, 0x35, 0x36, 0x2e, 0x78, // + (float2(_656.x
	0x2c, 0x20, 0x2d, 0x5f, 0x36, 0x35, 0x36, 0x2e, 0x79, 0x29, 0x20, 0x2a, 0x20, 0x30, 0x2e, 0x35, // , -_656.y) * 0.5
	0x29, 0x29, 0x2c, 0x20, 0x6c, 0x65, 0x76, 0x65, 0x6c, 0x28, 0x30, 0x2e, 0x30, 0x29, 0x29, 0x2e, // )), level(0.0)).
	0x78, 0x79, 0x7a, 0x2c, 0x20, 0x74, 0x65, 0x78, 0x5f, 0x66, 0x62, 0x5f, 0x66, 0x69, 0x6c, 0x74, // xyz, tex_fb_filt
	0x65, 0x72, 0x65, 0x64, 0x2e, 0x73, 0x61, 0x6d, 0x70, 0x6c, 0x65, 0x28, 0x74, 0x65, 0x78, 0x5f, // ered.sample(tex_
	0x66, 0x62, 0x5f, 0x66, 0x69, 0x6c, 0x74, 0x65, 0x72, 0x65, 0x64, 0x53, 0x61, 0x6d, 0x70, 0x6c, // fb_filteredSampl
	0x65, 0x72, 0x2c, 0x20, 0x28, 0x66, 0x6c, 0x6f, 0x61, 0x74, 0x32, 0x28, 0x30, 0x2e, 0x35, 0x29, // er, (float2(0.5)
	0x20, 0x2b, 0x20, 0x28, 0x66, 0x6c, 0x6f, 0x61, 0x74, 0x32, 0x28, 0x5f, 0x36, 0x36, 0x36, 0x2e, //  + (float2(_666.
	0x78, 0x2c, 0x20, 0x2d, 0x5f, 0x36, 0x36, 0x36, 0x2e, 0x79, 0x29, 0x20, 0x2a, 0x20, 0x30, 0x2e, // x, -_666.y) * 0.
	0x35, 0x29, 0x29, 0x2c, 0x20, 0x6c, 0x65, 0x76, 0x65, 0x6c, 0x28, 0x30, 0x2e, 0x30, 0x29, 0x29, // 5)), level(0.0))
	0x2e, 0x78, 0x79, 0x7a, 0x2c, 0x20, 0x5f, 0x35, 0x39, 0x39, 0x29, 0x3b, 0x0a, 0x20, 0x20, 0x20, // .xyz, _599);.   
	0x20, 0x20, 0x20, 0x20, 0x20, 0x20, 0x20, 0x20, 0x20, 0x7d, 0x0a, 0x20, 0x20, 0x20, 0x20, 0x20, //          }.     
	0x20, 0x20, 0x20, 0x7d, 0x0a, 0x20, 0x20, 0x20, 0x20, 0x20, 0x20, 0x20, 0x20, 0x5f, 0x38, 0x34, //    }.        _84
	0x32, 0x20, 0x3d, 0x20, 0x66, 0x6c, 0x6f, 0x61, 0x74, 0x34, 0x28, 0x5f, 0x38, 0x34, 0x30, 0x20, // 2 = float4(_840 
	0x2f, 0x20, 0x66, 0x6c, 0x6f, 0x61, 0x74, 0x33, 0x28, 0x5f, 0x6d, 0x74, 0x6c, 0x5f, 0x75, 0x2e, // / float3(_mtl_u.
	0x77, 0x5f, 0x68, 0x5f, 0x68, 0x65, 0x69, 0x67, 0x68, 0x74, 0x2e, 0x77, 0x29, 0x2c, 0x20, 0x31, // w_h_height.w), 1
	0x2e, 0x30, 0x29, 0x3b, 0x0a, 0x20, 0x20, 0x20, 0x20, 0x20, 0x20, 0x20, 0x20, 0x62, 0x72, 0x65, // .0);.        bre
	0x61, 0x6b, 0x3b, 0x0a, 0x20, 0x20, 0x20, 0x20, 0x7d, 0x20, 0x77, 0x68, 0x69, 0x6c, 0x65, 0x28, // ak;.    } while(
	0x66, 0x61, 0x6c, 0x73, 0x65, 0x29, 0x3b, 0x0a, 0x20, 0x20, 0x20, 0x20, 0x6f, 0x75, 0x74, 0x2e, // false);.    out.
	0x62, 0x67, 0x66, 0x78, 0x5f, 0x46, 0x72, 0x61, 0x67, 0x44, 0x61, 0x74, 0x61, 0x30, 0x20, 0x3d, // bgfx_FragData0 =
	0x20, 0x5f, 0x38, 0x34, 0x32, 0x3b, 0x0a, 0x20, 0x20, 0x20, 0x20, 0x72, 0x65, 0x74, 0x75, 0x72, //  _842;.    retur
	0x6e, 0x20, 0x6f, 0x75, 0x74, 0x3b, 0x0a, 0x7d, 0x0a, 0x0a, 0x00, 0x00, 0x10, 0x01,             // n out;.}......
};
static const uint8_t fs_pp_motionblur_essl[3028] =
{
	0x46, 0x53, 0x48, 0x0c, 0x6f, 0x1e, 0x3e, 0x3c, 0x00, 0x00, 0x00, 0x00, 0x00, 0x00, 0x00, 0x00, // FSH.o.><........
	0x00, 0x00, 0x00, 0x00, 0x07, 0x00, 0x0a, 0x77, 0x5f, 0x68, 0x5f, 0x68, 0x65, 0x69, 0x67, 0x68, // .......w_h_heigh
	0x74, 0x02, 0x01, 0x00, 0x00, 0x01, 0x00, 0x00, 0x00, 0x00, 0x00, 0x0a, 0x6d, 0x61, 0x74, 0x50, // t...........matP
	0x72, 0x6f, 0x6a, 0x49, 0x6e, 0x76, 0x04, 0x01, 0x00, 0x00, 0x04, 0x00, 0x00, 0x00, 0x00, 0x00, // rojInv..........
	0x05, 0x62, 0x61, 0x6c, 0x6c, 0x73, 0x02, 0x08, 0x00, 0x00, 0x08, 0x00, 0x00, 0x00, 0x00, 0x00, // .balls..........
	0x07, 0x6d, 0x61, 0x74, 0x50, 0x72, 0x6f, 0x6a, 0x04, 0x01, 0x00, 0x00, 0x04, 0x00, 0x00, 0x00, // .matProj........
	0x00, 0x00, 0x09, 0x74, 0x65, 0x78, 0x5f, 0x64, 0x65, 0x70, 0x74, 0x68, 0x00, 0x01, 0x00, 0x00, // ...tex_depth....
	0x01, 0x00, 0x00, 0x02, 0x00, 0x00, 0x0f, 0x74, 0x65, 0x78, 0x5f, 0x66, 0x62, 0x5f, 0x66, 0x69, // .......tex_fb_fi
	0x6c, 0x74, 0x65, 0x72, 0x65, 0x64, 0x00, 0x01, 0x00, 0x00, 0x01, 0x00, 0x00, 0x02, 0x00, 0x00, // ltered..........
	0x09, 0x74, 0x65, 0x78, 0x5f, 0x62, 0x6c, 0x6f, 0x6f, 0x6d, 0x00, 0x01, 0x00, 0x00, 0x01, 0x00, // .tex_bloom......
	0x00, 0x02, 0x00, 0x00, 0x2b, 0x0b, 0x00, 0x00, 0x70, 0x72, 0x65, 0x63, 0x69, 0x73, 0x69, 0x6f, // ....+...precisio
	0x6e, 0x20, 0x6d, 0x65, 0x64, 0x69, 0x75, 0x6d, 0x70, 0x20, 0x66, 0x6c, 0x6f, 0x61, 0x74, 0x3b, // n mediump float;
	0x0a, 0x70, 0x72, 0x65, 0x63, 0x69, 0x73, 0x69, 0x6f, 0x6e, 0x20, 0x68, 0x69, 0x67, 0x68, 0x70, // .precision highp
	0x20, 0x69, 0x6e, 0x74, 0x3b, 0x0a, 0x0a, 0x76, 0x65, 0x63, 0x34, 0x20, 0x5f, 0x33, 0x36, 0x34, //  int;..vec4 _364
	0x3b, 0x0a, 0x0a, 0x75, 0x6e, 0x69, 0x66, 0x6f, 0x72, 0x6d, 0x20, 0x68, 0x69, 0x67, 0x68, 0x70, // ;..uniform highp
	0x20, 0x76, 0x65, 0x63, 0x34, 0x20, 0x77, 0x5f, 0x68, 0x5f, 0x68, 0x65, 0x69, 0x67, 0x68, 0x74, //  vec4 w_h_height
	0x3b, 0x0a, 0x75, 0x6e, 0x69, 0x66, 0x6f, 0x72, 0x6d, 0x20, 0x68, 0x69, 0x67, 0x68, 0x70, 0x20, // ;.uniform highp 
	0x73, 0x61, 0x6d, 0x70, 0x6c, 0x65, 0x72, 0x32, 0x44, 0x20, 0x74, 0x65, 0x78, 0x5f, 0x64, 0x65, // sampler2D tex_de
	0x70, 0x74, 0x68, 0x3b, 0x0a, 0x75, 0x6e, 0x69, 0x66, 0x6f, 0x72, 0x6d, 0x20, 0x68, 0x69, 0x67, // pth;.uniform hig
	0x68, 0x70, 0x20, 0x6d, 0x61, 0x74, 0x34, 0x20, 0x6d, 0x61, 0x74, 0x50, 0x72, 0x6f, 0x6a, 0x49, // hp mat4 matProjI
	0x6e, 0x76, 0x3b, 0x0a, 0x75, 0x6e, 0x69, 0x66, 0x6f, 0x72, 0x6d, 0x20, 0x68, 0x69, 0x67, 0x68, // nv;.uniform high
	0x70, 0x20, 0x76, 0x65, 0x63, 0x34, 0x20, 0x62, 0x61, 0x6c, 0x6c, 0x73, 0x5b, 0x38, 0x5d, 0x3b, // p vec4 balls[8];
	0x0a, 0x75, 0x6e, 0x69, 0x66, 0x6f, 0x72, 0x6d, 0x20, 0x68, 0x69, 0x67, 0x68, 0x70, 0x20, 0x73, // .uniform highp s
	0x61, 0x6d, 0x70, 0x6c, 0x65, 0x72, 0x32, 0x44, 0x20, 0x74, 0x65, 0x78, 0x5f, 0x66, 0x62, 0x5f, // ampler2D tex_fb_
	0x66, 0x69, 0x6c, 0x74, 0x65, 0x72, 0x65, 0x64, 0x3b, 0x0a, 0x75, 0x6e, 0x69, 0x66, 0x6f, 0x72, // filtered;.unifor
	0x6d, 0x20, 0x68, 0x69, 0x67, 0x68, 0x70, 0x20, 0x73, 0x61, 0x6d, 0x70, 0x6c, 0x65, 0x72, 0x32, // m highp sampler2
	0x44, 0x20, 0x74, 0x65, 0x78, 0x5f, 0x62, 0x6c, 0x6f, 0x6f, 0x6d, 0x3b, 0x0a, 0x75, 0x6e, 0x69, // D tex_bloom;.uni
	0x66, 0x6f, 0x72, 0x6d, 0x20, 0x68, 0x69, 0x67, 0x68, 0x70, 0x20, 0x6d, 0x61, 0x74, 0x34, 0x20, // form highp mat4 
	0x6d, 0x61, 0x74, 0x50, 0x72, 0x6f, 0x6a, 0x3b, 0x0a, 0x0a, 0x69, 0x6e, 0x20, 0x68, 0x69, 0x67, // matProj;..in hig
	0x68, 0x70, 0x20, 0x76, 0x65, 0x63, 0x32, 0x20, 0x76, 0x5f, 0x74, 0x65, 0x78, 0x63, 0x6f, 0x6f, // hp vec2 v_texcoo
	0x72, 0x64, 0x30, 0x3b, 0x0a, 0x6c, 0x61, 0x79, 0x6f, 0x75, 0x74, 0x28, 0x6c, 0x6f, 0x63, 0x61, // rd0;.layout(loca
	0x74, 0x69, 0x6f, 0x6e, 0x20, 0x3d, 0x20, 0x30, 0x29, 0x20, 0x6f, 0x75, 0x74, 0x20, 0x68, 0x69, // tion = 0) out hi
	0x67, 0x68, 0x70, 0x20, 0x76, 0x65, 0x63, 0x34, 0x20, 0x62, 0x67, 0x66, 0x78, 0x5f, 0x46, 0x72, // ghp vec4 bgfx_Fr
	0x61, 0x67, 0x43, 0x6f, 0x6c, 0x6f, 0x72, 0x3b, 0x0a, 0x0a, 0x76, 0x6f, 0x69, 0x64, 0x20, 0x6d, // agColor;..void m
	0x61, 0x69, 0x6e, 0x28, 0x29, 0x0a, 0x7b, 0x0a, 0x20, 0x20, 0x20, 0x20, 0x64, 0x6f, 0x0a, 0x20, // ain().{.    do. 
	0x20, 0x20, 0x20, 0x7b, 0x0a, 0x20, 0x20, 0x20, 0x20, 0x20, 0x20, 0x20, 0x20, 0x69, 0x6e, 0x74, //    {.        int
	0x20, 0x5f, 0x32, 0x38, 0x20, 0x3d, 0x20, 0x69, 0x6e, 0x74, 0x28, 0x77, 0x5f, 0x68, 0x5f, 0x68, //  _28 = int(w_h_h
	0x65, 0x69, 0x67, 0x68, 0x74, 0x2e, 0x77, 0x29, 0x3b, 0x0a, 0x20, 0x20, 0x20, 0x20, 0x20, 0x20, // eight.w);.      
	0x20, 0x20, 0x68, 0x69, 0x67, 0x68, 0x70, 0x20, 0x76, 0x65, 0x63, 0x34, 0x20, 0x5f, 0x36, 0x39, //   highp vec4 _69
	0x20, 0x3d, 0x20, 0x6d, 0x61, 0x74, 0x50, 0x72, 0x6f, 0x6a, 0x49, 0x6e, 0x76, 0x20, 0x2a, 0x20, //  = matProjInv * 
	0x76, 0x65, 0x63, 0x34, 0x28, 0x28, 0x76, 0x5f, 0x74, 0x65, 0x78, 0x63, 0x6f, 0x6f, 0x72, 0x64, // vec4((v_texcoord
	0x30, 0x2e, 0x78, 0x20, 0x2a, 0x20, 0x32, 0x2e, 0x30, 0x29, 0x20, 0x2d, 0x20, 0x31, 0x2e, 0x30, // 0.x * 2.0) - 1.0
	0x2c, 0x20, 0x31, 0x2e, 0x30, 0x20, 0x2d, 0x20, 0x28, 0x28, 0x31, 0x2e, 0x30, 0x20, 0x2d, 0x20, // , 1.0 - ((1.0 - 
	0x76, 0x5f, 0x74, 0x65, 0x78, 0x63, 0x6f, 0x6f, 0x72, 0x64, 0x30, 0x2e, 0x79, 0x29, 0x20, 0x2a, // v_texcoord0.y) *
	0x20, 0x32, 0x2e, 0x30, 0x29, 0x2c, 0x20, 0x28, 0x74, 0x65, 0x78, 0x74, 0x75, 0x72, 0x65, 0x4c, //  2.0), (textureL
	0x6f, 0x64, 0x28, 0x74, 0x65, 0x78, 0x5f, 0x64, 0x65, 0x70, 0x74, 0x68, 0x2c, 0x20, 0x76, 0x5f, // od(tex_depth, v_
	0x74, 0x65, 0x78, 0x63, 0x6f, 0x6f, 0x72, 0x64, 0x30, 0x2c, 0x20, 0x30, 0x2e, 0x30, 0x29, 0x2e, // texcoord0, 0.0).
	0x78, 0x20, 0x2a, 0x20, 0x32, 0x2e, 0x30, 0x29, 0x20, 0x2d, 0x20, 0x31, 0x2e, 0x30, 0x2c, 0x20, // x * 2.0) - 1.0, 
	0x31, 0x2e, 0x30, 0x29, 0x3b, 0x0a, 0x20, 0x20, 0x20, 0x20, 0x20, 0x20, 0x20, 0x20, 0x68, 0x69, // 1.0);.        hi
	0x67, 0x68, 0x70, 0x20, 0x76, 0x65, 0x63, 0x33, 0x20, 0x5f, 0x37, 0x36, 0x20, 0x3d, 0x20, 0x5f, // ghp vec3 _76 = _
	0x36, 0x39, 0x2e, 0x78, 0x79, 0x7a, 0x20, 0x2f, 0x20, 0x76, 0x65, 0x63, 0x33, 0x28, 0x5f, 0x36, // 69.xyz / vec3(_6
	0x39, 0x2e, 0x77, 0x29, 0x3b, 0x0a, 0x20, 0x20, 0x20, 0x20, 0x20, 0x20, 0x20, 0x20, 0x68, 0x69, // 9.w);.        hi
	0x67, 0x68, 0x70, 0x20, 0x76, 0x65, 0x63, 0x34, 0x20, 0x5f, 0x33, 0x33, 0x37, 0x3b, 0x0a, 0x20, // ghp vec4 _337;. 
	0x20, 0x20, 0x20, 0x20, 0x20, 0x20, 0x20, 0x5f, 0x33, 0x33, 0x37, 0x2e, 0x78, 0x20, 0x3d, 0x20, //        _337.x = 
	0x5f, 0x37, 0x36, 0x2e, 0x78, 0x3b, 0x0a, 0x20, 0x20, 0x20, 0x20, 0x20, 0x20, 0x20, 0x20, 0x5f, // _76.x;.        _
	0x33, 0x33, 0x37, 0x2e, 0x79, 0x20, 0x3d, 0x20, 0x5f, 0x37, 0x36, 0x2e, 0x79, 0x3b, 0x0a, 0x20, // 337.y = _76.y;. 
	0x20, 0x20, 0x20, 0x20, 0x20, 0x20, 0x20, 0x68, 0x69, 0x67, 0x68, 0x70, 0x20, 0x66, 0x6c, 0x6f, //        highp flo
	0x61, 0x74, 0x20, 0x5f, 0x38, 0x33, 0x20, 0x3d, 0x20, 0x5f, 0x37, 0x36, 0x2e, 0x7a, 0x3b, 0x0a, // at _83 = _76.z;.
	0x20, 0x20, 0x20, 0x20, 0x20, 0x20, 0x20, 0x20, 0x5f, 0x33, 0x33, 0x37, 0x2e, 0x7a, 0x20, 0x3d, //         _337.z =
	0x20, 0x5f, 0x38, 0x33, 0x3b, 0x0a, 0x20, 0x20, 0x20, 0x20, 0x20, 0x20, 0x20, 0x20, 0x68, 0x69, //  _83;.        hi
	0x67, 0x68, 0x70, 0x20, 0x76, 0x65, 0x63, 0x33, 0x20, 0x5f, 0x38, 0x38, 0x20, 0x3d, 0x20, 0x6e, // ghp vec3 _88 = n
	0x6f, 0x72, 0x6d, 0x61, 0x6c, 0x69, 0x7a, 0x65, 0x28, 0x5f, 0x33, 0x33, 0x37, 0x2e, 0x78, 0x79, // ormalize(_337.xy
	0x7a, 0x29, 0x3b, 0x0a, 0x20, 0x20, 0x20, 0x20, 0x20, 0x20, 0x20, 0x20, 0x68, 0x69, 0x67, 0x68, // z);.        high
	0x70, 0x20, 0x66, 0x6c, 0x6f, 0x61, 0x74, 0x20, 0x5f, 0x31, 0x30, 0x38, 0x20, 0x3d, 0x20, 0x62, // p float _108 = b
	0x61, 0x6c, 0x6c, 0x73, 0x5b, 0x30, 0x5d, 0x2e, 0x77, 0x20, 0x2a, 0x20, 0x62, 0x61, 0x6c, 0x6c, // alls[0].w * ball
	0x73, 0x5b, 0x30, 0x5d, 0x2e, 0x77, 0x3b, 0x0a, 0x20, 0x20, 0x20, 0x20, 0x20, 0x20, 0x20, 0x20, // s[0].w;.        
	0x68, 0x69, 0x67, 0x68, 0x70, 0x20, 0x76, 0x65, 0x63, 0x34, 0x20, 0x5f, 0x31, 0x31, 0x33, 0x20, // highp vec4 _113 
	0x3d, 0x20, 0x74, 0x65, 0x78, 0x74, 0x75, 0x72, 0x65, 0x4c, 0x6f, 0x64, 0x28, 0x74, 0x65, 0x78, // = textureLod(tex
	0x5f, 0x66, 0x62, 0x5f, 0x66, 0x69, 0x6c, 0x74, 0x65, 0x72, 0x65, 0x64, 0x2c, 0x20, 0x76, 0x5f, // _fb_filtered, v_
	0x74, 0x65, 0x78, 0x63, 0x6f, 0x6f, 0x72, 0x64, 0x30, 0x2c, 0x20, 0x30, 0x2e, 0x30, 0x29, 0x3b, // texcoord0, 0.0);
	0x0a, 0x20, 0x20, 0x20, 0x20, 0x20, 0x20, 0x20, 0x20, 0x68, 0x69, 0x67, 0x68, 0x70, 0x20, 0x76, // .        highp v
	0x65, 0x63, 0x33, 0x20, 0x5f, 0x31, 0x31, 0x34, 0x20, 0x3d, 0x20, 0x5f, 0x31, 0x31, 0x33, 0x2e, // ec3 _114 = _113.
	0x78, 0x79, 0x7a, 0x3b, 0x0a, 0x20, 0x20, 0x20, 0x20, 0x20, 0x20, 0x20, 0x20, 0x68, 0x69, 0x67, // xyz;.        hig
	0x68, 0x70, 0x20, 0x66, 0x6c, 0x6f, 0x61, 0x74, 0x20, 0x5f, 0x31, 0x31, 0x38, 0x20, 0x3d, 0x20, // hp float _118 = 
	0x64, 0x6f, 0x74, 0x28, 0x5f, 0x38, 0x38, 0x2c, 0x20, 0x62, 0x61, 0x6c, 0x6c, 0x73, 0x5b, 0x30, // dot(_88, balls[0
	0x5d, 0x2e, 0x78, 0x79, 0x7a, 0x29, 0x3b, 0x0a, 0x20, 0x20, 0x20, 0x20, 0x20, 0x20, 0x20, 0x20, // ].xyz);.        
	0x68, 0x69, 0x67, 0x68, 0x70, 0x20, 0x66, 0x6c, 0x6f, 0x61, 0x74, 0x20, 0x5f, 0x31, 0x33, 0x32, // highp float _132
	0x20, 0x3d, 0x20, 0x28, 0x5f, 0x31, 0x31, 0x38, 0x20, 0x2a, 0x20, 0x5f, 0x31, 0x31, 0x38, 0x29, //  = (_118 * _118)
	0x20, 0x2d, 0x20, 0x28, 0x64, 0x6f, 0x74, 0x28, 0x62, 0x61, 0x6c, 0x6c, 0x73, 0x5b, 0x30, 0x5d, //  - (dot(balls[0]
	0x2e, 0x78, 0x79, 0x7a, 0x2c, 0x20, 0x62, 0x61, 0x6c, 0x6c, 0x73, 0x5b, 0x30, 0x5d, 0x2e, 0x78, // .xyz, balls[0].x
	0x79, 0x7a, 0x29, 0x20, 0x2d, 0x20, 0x28, 0x5f, 0x31, 0x30, 0x38, 0x20, 0x2a, 0x20, 0x31, 0x2e, // yz) - (_108 * 1.
	0x31, 0x34, 0x39, 0x39, 0x39, 0x39, 0x39, 0x37, 0x36, 0x31, 0x35, 0x38, 0x31, 0x34, 0x32, 0x30, // 1499999761581420
	0x38, 0x39, 0x38, 0x34, 0x33, 0x37, 0x35, 0x29, 0x29, 0x3b, 0x0a, 0x20, 0x20, 0x20, 0x20, 0x20, // 8984375));.     
	0x20, 0x20, 0x20, 0x68, 0x69, 0x67, 0x68, 0x70, 0x20, 0x76, 0x65, 0x63, 0x33, 0x20, 0x5f, 0x33, //    highp vec3 _3
	0x35, 0x38, 0x3b, 0x0a, 0x20, 0x20, 0x20, 0x20, 0x20, 0x20, 0x20, 0x20, 0x69, 0x66, 0x20, 0x28, // 58;.        if (
	0x5f, 0x31, 0x33, 0x32, 0x20, 0x3c, 0x20, 0x30, 0x2e, 0x30, 0x29, 0x0a, 0x20, 0x20, 0x20, 0x20, // _132 < 0.0).    
	0x20, 0x20, 0x20, 0x20, 0x7b, 0x0a, 0x20, 0x20, 0x20, 0x20, 0x20, 0x20, 0x20, 0x20, 0x20, 0x20, //     {.          
	0x20, 0x20, 0x5f, 0x33, 0x35, 0x38, 0x20, 0x3d, 0x20, 0x5f, 0x31, 0x31, 0x34, 0x3b, 0x0a, 0x20, //   _358 = _114;. 
	0x20, 0x20, 0x20, 0x20, 0x20, 0x20, 0x20, 0x7d, 0x0a, 0x20, 0x20, 0x20, 0x20, 0x20, 0x20, 0x20, //        }.       
	0x20, 0x65, 0x6c, 0x73, 0x65, 0x0a, 0x20, 0x20, 0x20, 0x20, 0x20, 0x20, 0x20, 0x20, 0x7b, 0x0a, //  else.        {.
	0x20, 0x20, 0x20, 0x20, 0x20, 0x20, 0x20, 0x20, 0x20, 0x20, 0x20, 0x20, 0x69, 0x66, 0x20, 0x28, //             if (
	0x5f, 0x38, 0x33, 0x20, 0x3e, 0x20, 0x28, 0x28, 0x28, 0x5f, 0x31, 0x31, 0x38, 0x20, 0x2d, 0x20, // _83 > (((_118 - 
	0x73, 0x71, 0x72, 0x74, 0x28, 0x5f, 0x31, 0x33, 0x32, 0x29, 0x29, 0x20, 0x2a, 0x20, 0x5f, 0x38, // sqrt(_132)) * _8
	0x38, 0x2e, 0x7a, 0x29, 0x20, 0x2b, 0x20, 0x31, 0x2e, 0x30, 0x29, 0x29, 0x0a, 0x20, 0x20, 0x20, // 8.z) + 1.0)).   
	0x20, 0x20, 0x20, 0x20, 0x20, 0x20, 0x20, 0x20, 0x20, 0x7b, 0x0a, 0x20, 0x20, 0x20, 0x20, 0x20, //          {.     
	0x20, 0x20, 0x20, 0x20, 0x20, 0x20, 0x20, 0x20, 0x20, 0x20, 0x20, 0x62, 0x67, 0x66, 0x78, 0x5f, //            bgfx_
	0x46, 0x72, 0x61, 0x67, 0x43, 0x6f, 0x6c, 0x6f, 0x72, 0x20, 0x3d, 0x20, 0x76, 0x65, 0x63, 0x34, // FragColor = vec4
	0x28, 0x5f, 0x31, 0x31, 0x33, 0x2e, 0x78, 0x79, 0x7a, 0x2c, 0x20, 0x31, 0x2e, 0x30, 0x29, 0x3b, // (_113.xyz, 1.0);
	0x0a, 0x20, 0x20, 0x20, 0x20, 0x20, 0x20, 0x20, 0x20, 0x20, 0x20, 0x20, 0x20, 0x20, 0x20, 0x20, // .               
	0x20, 0x62, 0x72, 0x65, 0x61, 0x6b, 0x3b, 0x0a, 0x20, 0x20, 0x20, 0x20, 0x20, 0x20, 0x20, 0x20, //  break;.        
	0x20, 0x20, 0x20, 0x20, 0x7d, 0x0a, 0x20, 0x20, 0x20, 0x20, 0x20, 0x20, 0x20, 0x20, 0x20, 0x20, //     }.          
	0x20, 0x20, 0x5f, 0x33, 0x35, 0x38, 0x20, 0x3d, 0x20, 0x74, 0x65, 0x78, 0x74, 0x75, 0x72, 0x65, //   _358 = texture
	0x4c, 0x6f, 0x64, 0x28, 0x74, 0x65, 0x78, 0x5f, 0x62, 0x6c, 0x6f, 0x6f, 0x6d, 0x2c, 0x20, 0x76, // Lod(tex_bloom, v
	0x5f, 0x74, 0x65, 0x78, 0x63, 0x6f, 0x6f, 0x72, 0x64, 0x30, 0x2c, 0x20, 0x30, 0x2e, 0x30, 0x29, // _texcoord0, 0.0)
	0x2e, 0x78, 0x79, 0x7a, 0x3b, 0x0a, 0x20, 0x20, 0x20, 0x20, 0x20, 0x20, 0x20, 0x20, 0x7d, 0x0a, // .xyz;.        }.
	0x20, 0x20, 0x20, 0x20, 0x20, 0x20, 0x20, 0x20, 0x68, 0x69, 0x67, 0x68, 0x70, 0x20, 0x76, 0x65, //         highp ve
	0x63, 0x33, 0x20, 0x5f, 0x33, 0x35, 0x35, 0x3b, 0x0a, 0x20, 0x20, 0x20, 0x20, 0x20, 0x20, 0x20, // c3 _355;.       
	0x20, 0x5f, 0x33, 0x35, 0x35, 0x20, 0x3d, 0x20, 0x5f, 0x31, 0x31, 0x34, 0x3b, 0x0a, 0x20, 0x20, //  _355 = _114;.  
	0x20, 0x20, 0x20, 0x20, 0x20, 0x20, 0x68, 0x69, 0x67, 0x68, 0x70, 0x20, 0x76, 0x65, 0x63, 0x33, //       highp vec3
	0x20, 0x5f, 0x33, 0x36, 0x30, 0x3b, 0x0a, 0x20, 0x20, 0x20, 0x20, 0x20, 0x20, 0x20, 0x20, 0x66, //  _360;.        f
	0x6f, 0x72, 0x20, 0x28, 0x69, 0x6e, 0x74, 0x20, 0x5f, 0x33, 0x35, 0x34, 0x20, 0x3d, 0x20, 0x31, // or (int _354 = 1
	0x3b, 0x20, 0x5f, 0x33, 0x35, 0x34, 0x20, 0x3c, 0x20, 0x5f, 0x32, 0x38, 0x3b, 0x20, 0x5f, 0x33, // ; _354 < _28; _3
	0x35, 0x35, 0x20, 0x3d, 0x20, 0x5f, 0x33, 0x36, 0x30, 0x2c, 0x20, 0x5f, 0x33, 0x35, 0x34, 0x2b, // 55 = _360, _354+
	0x2b, 0x29, 0x0a, 0x20, 0x20, 0x20, 0x20, 0x20, 0x20, 0x20, 0x20, 0x7b, 0x0a, 0x20, 0x20, 0x20, // +).        {.   
	0x20, 0x20, 0x20, 0x20, 0x20, 0x20, 0x20, 0x20, 0x20, 0x68, 0x69, 0x67, 0x68, 0x70, 0x20, 0x76, //          highp v
	0x65, 0x63, 0x33, 0x20, 0x5f, 0x31, 0x38, 0x38, 0x20, 0x3d, 0x20, 0x76, 0x65, 0x63, 0x33, 0x28, // ec3 _188 = vec3(
	0x66, 0x6c, 0x6f, 0x61, 0x74, 0x28, 0x5f, 0x33, 0x35, 0x34, 0x29, 0x20, 0x2f, 0x20, 0x77, 0x5f, // float(_354) / w_
	0x68, 0x5f, 0x68, 0x65, 0x69, 0x67, 0x68, 0x74, 0x2e, 0x77, 0x29, 0x3b, 0x0a, 0x20, 0x20, 0x20, // h_height.w);.   
	0x20, 0x20, 0x20, 0x20, 0x20, 0x20, 0x20, 0x20, 0x20, 0x68, 0x69, 0x67, 0x68, 0x70, 0x20, 0x76, //          highp v
	0x65, 0x63, 0x33, 0x20, 0x5f, 0x31, 0x38, 0x39, 0x20, 0x3d, 0x20, 0x6d, 0x69, 0x78, 0x28, 0x62, // ec3 _189 = mix(b
	0x61, 0x6c, 0x6c, 0x73, 0x5b, 0x31, 0x5d, 0x2e, 0x78, 0x79, 0x7a, 0x2c, 0x20, 0x62, 0x61, 0x6c, // alls[1].xyz, bal
	0x6c, 0x73, 0x5b, 0x30, 0x5d, 0x2e, 0x78, 0x79, 0x7a, 0x2c, 0x20, 0x5f, 0x31, 0x38, 0x38, 0x29, // ls[0].xyz, _188)
	0x3b, 0x0a, 0x20, 0x20, 0x20, 0x20, 0x20, 0x20, 0x20, 0x20, 0x20, 0x20, 0x20, 0x20, 0x68, 0x69, // ;.            hi
	0x67, 0x68, 0x70, 0x20, 0x66, 0x6c, 0x6f, 0x61, 0x74, 0x20, 0x5f, 0x31, 0x39, 0x33, 0x20, 0x3d, // ghp float _193 =
	0x20, 0x64, 0x6f, 0x74, 0x28, 0x5f, 0x38, 0x38, 0x2c, 0x20, 0x5f, 0x31, 0x38, 0x39, 0x29, 0x3b, //  dot(_88, _189);
	0x0a, 0x20, 0x20, 0x20, 0x20, 0x20, 0x20, 0x20, 0x20, 0x20, 0x20, 0x20, 0x20, 0x68, 0x69, 0x67, // .            hig
	0x68, 0x70, 0x20, 0x66, 0x6c, 0x6f, 0x61, 0x74, 0x20, 0x5f, 0x32, 0x30, 0x35, 0x20, 0x3d, 0x20, // hp float _205 = 
	0x28, 0x5f, 0x31, 0x39, 0x33, 0x20, 0x2a, 0x20, 0x5f, 0x31, 0x39, 0x33, 0x29, 0x20, 0x2d, 0x20, // (_193 * _193) - 
	0x28, 0x64, 0x6f, 0x74, 0x28, 0x5f, 0x31, 0x38, 0x39, 0x2c, 0x20, 0x5f, 0x31, 0x38, 0x39, 0x29, // (dot(_189, _189)
	0x20, 0x2d, 0x20, 0x5f, 0x31, 0x30, 0x38, 0x29, 0x3b, 0x0a, 0x20, 0x20, 0x20, 0x20, 0x20, 0x20, //  - _108);.      
	0x20, 0x20, 0x20, 0x20, 0x20, 0x20, 0x69, 0x66, 0x20, 0x28, 0x5f, 0x32, 0x30, 0x35, 0x20, 0x3c, //       if (_205 <
	0x20, 0x30, 0x2e, 0x30, 0x29, 0x0a, 0x20, 0x20, 0x20, 0x20, 0x20, 0x20, 0x20, 0x20, 0x20, 0x20, //  0.0).          
	0x20, 0x20, 0x7b, 0x0a, 0x20, 0x20, 0x20, 0x20, 0x20, 0x20, 0x20, 0x20, 0x20, 0x20, 0x20, 0x20, //   {.            
	0x20, 0x20, 0x20, 0x20, 0x5f, 0x33, 0x36, 0x30, 0x20, 0x3d, 0x20, 0x5f, 0x33, 0x35, 0x35, 0x20, //     _360 = _355 
	0x2b, 0x20, 0x5f, 0x33, 0x35, 0x38, 0x3b, 0x0a, 0x20, 0x20, 0x20, 0x20, 0x20, 0x20, 0x20, 0x20, // + _358;.        
	0x20, 0x20, 0x20, 0x20, 0x7d, 0x0a, 0x20, 0x20, 0x20, 0x20, 0x20, 0x20, 0x20, 0x20, 0x20, 0x20, //     }.          
	0x20, 0x20, 0x65, 0x6c, 0x73, 0x65, 0x0a, 0x20, 0x20, 0x20, 0x20, 0x20, 0x20, 0x20, 0x20, 0x20, //   else.         
	0x20, 0x20, 0x20, 0x7b, 0x0a, 0x20, 0x20, 0x20, 0x20, 0x20, 0x20, 0x20, 0x20, 0x20, 0x20, 0x20, //    {.           
	0x20, 0x20, 0x20, 0x20, 0x20, 0x68, 0x69, 0x67, 0x68, 0x70, 0x20, 0x76, 0x65, 0x63, 0x33, 0x20, //      highp vec3 
	0x5f, 0x32, 0x32, 0x32, 0x20, 0x3d, 0x20, 0x28, 0x5f, 0x38, 0x38, 0x20, 0x2a, 0x20, 0x28, 0x5f, // _222 = (_88 * (_
	0x31, 0x39, 0x33, 0x20, 0x2d, 0x20, 0x73, 0x71, 0x72, 0x74, 0x28, 0x5f, 0x32, 0x30, 0x35, 0x29, // 193 - sqrt(_205)
	0x29, 0x29, 0x20, 0x2d, 0x20, 0x5f, 0x31, 0x38, 0x39, 0x3b, 0x0a, 0x20, 0x20, 0x20, 0x20, 0x20, // )) - _189;.     
	0x20, 0x20, 0x20, 0x20, 0x20, 0x20, 0x20, 0x20, 0x20, 0x20, 0x20, 0x68, 0x69, 0x67, 0x68, 0x70, //            highp
	0x20, 0x76, 0x65, 0x63, 0x34, 0x20, 0x5f, 0x32, 0x33, 0x33, 0x20, 0x3d, 0x20, 0x6d, 0x61, 0x74, //  vec4 _233 = mat
	0x50, 0x72, 0x6f, 0x6a, 0x20, 0x2a, 0x20, 0x76, 0x65, 0x63, 0x34, 0x28, 0x62, 0x61, 0x6c, 0x6c, // Proj * vec4(ball
	0x73, 0x5b, 0x31, 0x5d, 0x2e, 0x78, 0x79, 0x7a, 0x20, 0x2b, 0x20, 0x5f, 0x32, 0x32, 0x32, 0x2c, // s[1].xyz + _222,
	0x20, 0x31, 0x2e, 0x30, 0x29, 0x3b, 0x0a, 0x20, 0x20, 0x20, 0x20, 0x20, 0x20, 0x20, 0x20, 0x20, //  1.0);.         
	0x20, 0x20, 0x20, 0x20, 0x20, 0x20, 0x20, 0x68, 0x69, 0x67, 0x68, 0x70, 0x20, 0x76, 0x65, 0x63, //        highp vec
	0x34, 0x20, 0x5f, 0x32, 0x34, 0x33, 0x20, 0x3d, 0x20, 0x6d, 0x61, 0x74, 0x50, 0x72, 0x6f, 0x6a, // 4 _243 = matProj
	0x20, 0x2a, 0x20, 0x76, 0x65, 0x63, 0x34, 0x28, 0x62, 0x61, 0x6c, 0x6c, 0x73, 0x5b, 0x30, 0x5d, //  * vec4(balls[0]
	0x2e, 0x78, 0x79, 0x7a, 0x20, 0x2b, 0x20, 0x5f, 0x32, 0x32, 0x32, 0x2c, 0x20, 0x31, 0x2e, 0x30, // .xyz + _222, 1.0
	0x29, 0x3b, 0x0a, 0x20, 0x20, 0x20, 0x20, 0x20, 0x20, 0x20, 0x20, 0x20, 0x20, 0x20, 0x20, 0x20, // );.             
	0x20, 0x20, 0x20, 0x68, 0x69, 0x67, 0x68, 0x70, 0x20, 0x76, 0x65, 0x63, 0x32, 0x20, 0x5f, 0x32, //    highp vec2 _2
	0x34, 0x39, 0x20, 0x3d, 0x20, 0x5f, 0x32, 0x33, 0x33, 0x2e, 0x78, 0x79, 0x20, 0x2f, 0x20, 0x76, // 49 = _233.xy / v
	0x65, 0x63, 0x32, 0x28, 0x5f, 0x32, 0x33, 0x33, 0x2e, 0x77, 0x29, 0x3b, 0x0a, 0x20, 0x20, 0x20, // ec2(_233.w);.   
	0x20, 0x20, 0x20, 0x20, 0x20, 0x20, 0x20, 0x20, 0x20, 0x20, 0x20, 0x20, 0x20, 0x68, 0x69, 0x67, //              hig
	0x68, 0x70, 0x20, 0x76, 0x65, 0x63, 0x34, 0x20, 0x5f, 0x33, 0x34, 0x36, 0x3b, 0x0a, 0x20, 0x20, // hp vec4 _346;.  
	0x20, 0x20, 0x20, 0x20, 0x20, 0x20, 0x20, 0x20, 0x20, 0x20, 0x20, 0x20, 0x20, 0x20, 0x5f, 0x33, //               _3
	0x34, 0x36, 0x2e, 0x78, 0x20, 0x3d, 0x20, 0x5f, 0x32, 0x34, 0x39, 0x2e, 0x78, 0x3b, 0x0a, 0x20, // 46.x = _249.x;. 
	0x20, 0x20, 0x20, 0x20, 0x20, 0x20, 0x20, 0x20, 0x20, 0x20, 0x20, 0x20, 0x20, 0x20, 0x20, 0x5f, //                _
	0x33, 0x34, 0x36, 0x2e, 0x79, 0x20, 0x3d, 0x20, 0x5f, 0x32, 0x34, 0x39, 0x2e, 0x79, 0x3b, 0x0a, // 346.y = _249.y;.
	0x20, 0x20, 0x20, 0x20, 0x20, 0x20, 0x20, 0x20, 0x20, 0x20, 0x20, 0x20, 0x20, 0x20, 0x20, 0x20, //                 
	0x68, 0x69, 0x67, 0x68, 0x70, 0x20, 0x76, 0x65, 0x63, 0x32, 0x20, 0x5f, 0x32, 0x35, 0x39, 0x20, // highp vec2 _259 
	0x3d, 0x20, 0x5f, 0x32, 0x34, 0x33, 0x2e, 0x78, 0x79, 0x20, 0x2f, 0x20, 0x76, 0x65, 0x63, 0x32, // = _243.xy / vec2
	0x28, 0x5f, 0x32, 0x34, 0x33, 0x2e, 0x77, 0x29, 0x3b, 0x0a, 0x20, 0x20, 0x20, 0x20, 0x20, 0x20, // (_243.w);.      
	0x20, 0x20, 0x20, 0x20, 0x20, 0x20, 0x20, 0x20, 0x20, 0x20, 0x68, 0x69, 0x67, 0x68, 0x70, 0x20, //           highp 
	0x76, 0x65, 0x63, 0x34, 0x20, 0x5f, 0x33, 0x35, 0x31, 0x3b, 0x0a, 0x20, 0x20, 0x20, 0x20, 0x20, // vec4 _351;.     
	0x20, 0x20, 0x20, 0x20, 0x20, 0x20, 0x20, 0x20, 0x20, 0x20, 0x20, 0x5f, 0x33, 0x35, 0x31, 0x2e, //            _351.
	0x78, 0x20, 0x3d, 0x20, 0x5f, 0x32, 0x35, 0x39, 0x2e, 0x78, 0x3b, 0x0a, 0x20, 0x20, 0x20, 0x20, // x = _259.x;.    
	0x20, 0x20, 0x20, 0x20, 0x20, 0x20, 0x20, 0x20, 0x20, 0x20, 0x20, 0x20, 0x5f, 0x33, 0x35, 0x31, //             _351
	0x2e, 0x79, 0x20, 0x3d, 0x20, 0x5f, 0x32, 0x35, 0x39, 0x2e, 0x79, 0x3b, 0x0a, 0x20, 0x20, 0x20, // .y = _259.y;.   
	0x20, 0x20, 0x20, 0x20, 0x20, 0x20, 0x20, 0x20, 0x20, 0x20, 0x20, 0x20, 0x20, 0x5f, 0x33, 0x36, //              _36
	0x30, 0x20, 0x3d, 0x20, 0x5f, 0x33, 0x35, 0x35, 0x20, 0x2b, 0x20, 0x6d, 0x69, 0x78, 0x28, 0x74, // 0 = _355 + mix(t
	0x65, 0x78, 0x74, 0x75, 0x72, 0x65, 0x4c, 0x6f, 0x64, 0x28, 0x74, 0x65, 0x78, 0x5f, 0x62, 0x6c, // extureLod(tex_bl
	0x6f, 0x6f, 0x6d, 0x2c, 0x20, 0x76, 0x65, 0x63, 0x32, 0x28, 0x30, 0x2e, 0x35, 0x29, 0x20, 0x2b, // oom, vec2(0.5) +
	0x20, 0x28, 0x5f, 0x33, 0x34, 0x36, 0x2e, 0x78, 0x79, 0x20, 0x2a, 0x20, 0x30, 0x2e, 0x35, 0x29, //  (_346.xy * 0.5)
	0x2c, 0x20, 0x30, 0x2e, 0x30, 0x29, 0x2e, 0x78, 0x79, 0x7a, 0x2c, 0x20, 0x74, 0x65, 0x78, 0x74, // , 0.0).xyz, text
	0x75, 0x72, 0x65, 0x4c, 0x6f, 0x64, 0x28, 0x74, 0x65, 0x78, 0x5f, 0x66, 0x62, 0x5f, 0x66, 0x69, // ureLod(tex_fb_fi
	0x6c, 0x74, 0x65, 0x72, 0x65, 0x64, 0x2c, 0x20, 0x76, 0x65, 0x63, 0x32, 0x28, 0x30, 0x2e, 0x35, // ltered, vec2(0.5
	0x29, 0x20, 0x2b, 0x20, 0x28, 0x5f, 0x33, 0x35, 0x31, 0x2e, 0x78, 0x79, 0x20, 0x2a, 0x20, 0x30, // ) + (_351.xy * 0
	0x2e, 0x35, 0x29, 0x2c, 0x20, 0x30, 0x2e, 0x30, 0x29, 0x2e, 0x78, 0x79, 0x7a, 0x2c, 0x20, 0x5f, // .5), 0.0).xyz, _
	0x31, 0x38, 0x38, 0x29, 0x3b, 0x0a, 0x20, 0x20, 0x20, 0x20, 0x20, 0x20, 0x20, 0x20, 0x20, 0x20, // 188);.          
	0x20, 0x20, 0x7d, 0x0a, 0x20, 0x20, 0x20, 0x20, 0x20, 0x20, 0x20, 0x20, 0x7d, 0x0a, 0x20, 0x20, //   }.        }.  
	0x20, 0x20, 0x20, 0x20, 0x20, 0x20, 0x62, 0x67, 0x66, 0x78, 0x5f, 0x46, 0x72, 0x61, 0x67, 0x43, //       bgfx_FragC
	0x6f, 0x6c, 0x6f, 0x72, 0x20, 0x3d, 0x20, 0x76, 0x65, 0x63, 0x34, 0x28, 0x5f, 0x33, 0x35, 0x35, // olor = vec4(_355
	0x20, 0x2f, 0x20, 0x76, 0x65, 0x63, 0x33, 0x28, 0x77, 0x5f, 0x68, 0x5f, 0x68, 0x65, 0x69, 0x67, //  / vec3(w_h_heig
	0x68, 0x74, 0x2e, 0x77, 0x29, 0x2c, 0x20, 0x31, 0x2e, 0x30, 0x29, 0x3b, 0x0a, 0x20, 0x20, 0x20, // ht.w), 1.0);.   
	0x20, 0x20, 0x20, 0x20, 0x20, 0x62, 0x72, 0x65, 0x61, 0x6b, 0x3b, 0x0a, 0x20, 0x20, 0x20, 0x20, //      break;.    
	0x7d, 0x20, 0x77, 0x68, 0x69, 0x6c, 0x65, 0x28, 0x66, 0x61, 0x6c, 0x73, 0x65, 0x29, 0x3b, 0x0a, // } while(false);.
	0x7d, 0x0a, 0x0a, 0x00,                                                                         // }...
};
static const uint8_t fs_pp_motionblur_glsl[2784] =
{
	0x46, 0x53, 0x48, 0x0c, 0x6f, 0x1e, 0x3e, 0x3c, 0x00, 0x00, 0x00, 0x00, 0x00, 0x00, 0x00, 0x00, // FSH.o.><........
	0x00, 0x00, 0x00, 0x00, 0x07, 0x00, 0x0a, 0x77, 0x5f, 0x68, 0x5f, 0x68, 0x65, 0x69, 0x67, 0x68, // .......w_h_heigh
	0x74, 0x02, 0x01, 0x00, 0x00, 0x01, 0x00, 0x00, 0x00, 0x00, 0x00, 0x0a, 0x6d, 0x61, 0x74, 0x50, // t...........matP
	0x72, 0x6f, 0x6a, 0x49, 0x6e, 0x76, 0x04, 0x01, 0x00, 0x00, 0x04, 0x00, 0x00, 0x00, 0x00, 0x00, // rojInv..........
	0x05, 0x62, 0x61, 0x6c, 0x6c, 0x73, 0x02, 0x08, 0x00, 0x00, 0x08, 0x00, 0x00, 0x00, 0x00, 0x00, // .balls..........
	0x07, 0x6d, 0x61, 0x74, 0x50, 0x72, 0x6f, 0x6a, 0x04, 0x01, 0x00, 0x00, 0x04, 0x00, 0x00, 0x00, // .matProj........
	0x00, 0x00, 0x09, 0x74, 0x65, 0x78, 0x5f, 0x64, 0x65, 0x70, 0x74, 0x68, 0x00, 0x01, 0x00, 0x00, // ...tex_depth....
	0x01, 0x00, 0x00, 0x02, 0x00, 0x00, 0x0f, 0x74, 0x65, 0x78, 0x5f, 0x66, 0x62, 0x5f, 0x66, 0x69, // .......tex_fb_fi
	0x6c, 0x74, 0x65, 0x72, 0x65, 0x64, 0x00, 0x01, 0x00, 0x00, 0x01, 0x00, 0x00, 0x02, 0x00, 0x00, // ltered..........
	0x09, 0x74, 0x65, 0x78, 0x5f, 0x62, 0x6c, 0x6f, 0x6f, 0x6d, 0x00, 0x01, 0x00, 0x00, 0x01, 0x00, // .tex_bloom......
	0x00, 0x02, 0x00, 0x00, 0x37, 0x0a, 0x00, 0x00, 0x0a, 0x76, 0x65, 0x63, 0x34, 0x20, 0x5f, 0x33, // ....7....vec4 _3
	0x36, 0x34, 0x3b, 0x0a, 0x0a, 0x75, 0x6e, 0x69, 0x66, 0x6f, 0x72, 0x6d, 0x20, 0x76, 0x65, 0x63, // 64;..uniform vec
	0x34, 0x20, 0x77, 0x5f, 0x68, 0x5f, 0x68, 0x65, 0x69, 0x67, 0x68, 0x74, 0x3b, 0x0a, 0x75, 0x6e, // 4 w_h_height;.un
	0x69, 0x66, 0x6f, 0x72, 0x6d, 0x20, 0x73, 0x61, 0x6d, 0x70, 0x6c, 0x65, 0x72, 0x32, 0x44, 0x20, // iform sampler2D 
	0x74, 0x65, 0x78, 0x5f, 0x64, 0x65, 0x70, 0x74, 0x68, 0x3b, 0x0a, 0x75, 0x6e, 0x69, 0x66, 0x6f, // tex_depth;.unifo
	0x72, 0x6d, 0x20, 0x6d, 0x61, 0x74, 0x34, 0x20, 0x6d, 0x61, 0x74, 0x50, 0x72, 0x6f, 0x6a, 0x49, // rm mat4 matProjI
	0x6e, 0x76, 0x3b, 0x0a, 0x75, 0x6e, 0x69, 0x66, 0x6f, 0x72, 0x6d, 0x20, 0x76, 0x65, 0x63, 0x34, // nv;.uniform vec4
	0x20, 0x62, 0x61, 0x6c, 0x6c, 0x73, 0x5b, 0x38, 0x5d, 0x3b, 0x0a, 0x75, 0x6e, 0x69, 0x66, 0x6f, //  balls[8];.unifo
	0x72, 0x6d, 0x20, 0x73, 0x61, 0x6d, 0x70, 0x6c, 0x65, 0x72, 0x32, 0x44, 0x20, 0x74, 0x65, 0x78, // rm sampler2D tex
	0x5f, 0x66, 0x62, 0x5f, 0x66, 0x69, 0x6c, 0x74, 0x65, 0x72, 0x65, 0x64, 0x3b, 0x0a, 0x75, 0x6e, // _fb_filtered;.un
	0x69, 0x66, 0x6f, 0x72, 0x6d, 0x20, 0x73, 0x61, 0x6d, 0x70, 0x6c, 0x65, 0x72, 0x32, 0x44, 0x20, // iform sampler2D 
	0x74, 0x65, 0x78, 0x5f, 0x62, 0x6c, 0x6f, 0x6f, 0x6d, 0x3b, 0x0a, 0x75, 0x6e, 0x69, 0x66, 0x6f, // tex_bloom;.unifo
	0x72, 0x6d, 0x20, 0x6d, 0x61, 0x74, 0x34, 0x20, 0x6d, 0x61, 0x74, 0x50, 0x72, 0x6f, 0x6a, 0x3b, // rm mat4 matProj;
	0x0a, 0x0a, 0x69, 0x6e, 0x20, 0x76, 0x65, 0x63, 0x32, 0x20, 0x76, 0x5f, 0x74, 0x65, 0x78, 0x63, // ..in vec2 v_texc
	0x6f, 0x6f, 0x72, 0x64, 0x30, 0x3b, 0x0a, 0x6c, 0x61, 0x79, 0x6f, 0x75, 0x74, 0x28, 0x6c, 0x6f, // oord0;.layout(lo
	0x63, 0x61, 0x74, 0x69, 0x6f, 0x6e, 0x20, 0x3d, 0x20, 0x30, 0x29, 0x20, 0x6f, 0x75, 0x74, 0x20, // cation = 0) out 
	0x76, 0x65, 0x63, 0x34, 0x20, 0x62, 0x67, 0x66, 0x78, 0x5f, 0x46, 0x72, 0x61, 0x67, 0x43, 0x6f, // vec4 bgfx_FragCo
	0x6c, 0x6f, 0x72, 0x3b, 0x0a, 0x0a, 0x76, 0x6f, 0x69, 0x64, 0x20, 0x6d, 0x61, 0x69, 0x6e, 0x28, // lor;..void main(
	0x29, 0x0a, 0x7b, 0x0a, 0x20, 0x20, 0x20, 0x20, 0x64, 0x6f, 0x0a, 0x20, 0x20, 0x20, 0x20, 0x7b, // ).{.    do.    {
	0x0a, 0x20, 0x20, 0x20, 0x20, 0x20, 0x20, 0x20, 0x20, 0x69, 0x6e, 0x74, 0x20, 0x5f, 0x32, 0x38, // .        int _28
	0x20, 0x3d, 0x20, 0x69, 0x6e, 0x74, 0x28, 0x77, 0x5f, 0x68, 0x5f, 0x68, 0x65, 0x69, 0x67, 0x68, //  = int(w_h_heigh
	0x74, 0x2e, 0x77, 0x29, 0x3b, 0x0a, 0x20, 0x20, 0x20, 0x20, 0x20, 0x20, 0x20, 0x20, 0x76, 0x65, // t.w);.        ve
	0x63, 0x34, 0x20, 0x5f, 0x36, 0x39, 0x20, 0x3d, 0x20, 0x6d, 0x61, 0x74, 0x50, 0x72, 0x6f, 0x6a, // c4 _69 = matProj
	0x49, 0x6e, 0x76, 0x20, 0x2a, 0x20, 0x76, 0x65, 0x63, 0x34, 0x28, 0x28, 0x76, 0x5f, 0x74, 0x65, // Inv * vec4((v_te
	0x78, 0x63, 0x6f, 0x6f, 0x72, 0x64, 0x30, 0x2e, 0x78, 0x20, 0x2a, 0x20, 0x32, 0x2e, 0x30, 0x29, // xcoord0.x * 2.0)
	0x20, 0x2d, 0x20, 0x31, 0x2e, 0x30, 0x2c, 0x20, 0x31, 0x2e, 0x30, 0x20, 0x2d, 0x20, 0x28, 0x28, //  - 1.0, 1.0 - ((
	0x31, 0x2e, 0x30, 0x20, 0x2d, 0x20, 0x76, 0x5f, 0x74, 0x65, 0x78, 0x63, 0x6f, 0x6f, 0x72, 0x64, // 1.0 - v_texcoord
	0x30, 0x2e, 0x79, 0x29, 0x20, 0x2a, 0x20, 0x32, 0x2e, 0x30, 0x29, 0x2c, 0x20, 0x28, 0x74, 0x65, // 0.y) * 2.0), (te
	0x78, 0x74, 0x75, 0x72, 0x65, 0x4c, 0x6f, 0x64, 0x28, 0x74, 0x65, 0x78, 0x5f, 0x64, 0x65, 0x70, // xtureLod(tex_dep
	0x74, 0x68, 0x2c, 0x20, 0x76, 0x5f, 0x74, 0x65, 0x78, 0x63, 0x6f, 0x6f, 0x72, 0x64, 0x30, 0x2c, // th, v_texcoord0,
	0x20, 0x30, 0x2e, 0x30, 0x29, 0x2e, 0x78, 0x20, 0x2a, 0x20, 0x32, 0x2e, 0x30, 0x29, 0x20, 0x2d, //  0.0).x * 2.0) -
	0x20, 0x31, 0x2e, 0x30, 0x2c, 0x20, 0x31, 0x2e, 0x30, 0x29, 0x3b, 0x0a, 0x20, 0x20, 0x20, 0x20, //  1.0, 1.0);.    
	0x20, 0x20, 0x20, 0x20, 0x76, 0x65, 0x63, 0x33, 0x20, 0x5f, 0x37, 0x36, 0x20, 0x3d, 0x20, 0x5f, //     vec3 _76 = _
	0x36, 0x39, 0x2e, 0x78, 0x79, 0x7a, 0x20, 0x2f, 0x20, 0x76, 0x65, 0x63, 0x33, 0x28, 0x5f, 0x36, // 69.xyz / vec3(_6
	0x39, 0x2e, 0x77, 0x29, 0x3b, 0x0a, 0x20, 0x20, 0x20, 0x20, 0x20, 0x20, 0x20, 0x20, 0x76, 0x65, // 9.w);.        ve
	0x63, 0x34, 0x20, 0x5f, 0x33, 0x33, 0x37, 0x3b, 0x0a, 0x20, 0x20, 0x20, 0x20, 0x20, 0x20, 0x20, // c4 _337;.       
	0x20, 0x5f, 0x33, 0x33, 0x37, 0x2e, 0x78, 0x20, 0x3d, 0x20, 0x5f, 0x37, 0x36, 0x2e, 0x78, 0x3b, //  _337.x = _76.x;
	0x0a, 0x20, 0x20, 0x20, 0x20, 0x20, 0x20, 0x20, 0x20, 0x5f, 0x33, 0x33, 0x37, 0x2e, 0x79, 0x20, // .        _337.y 
	0x3d, 0x20, 0x5f, 0x37, 0x36, 0x2e, 0x79, 0x3b, 0x0a, 0x20, 0x20, 0x20, 0x20, 0x20, 0x20, 0x20, // = _76.y;.       
	0x20, 0x66, 0x6c, 0x6f, 0x61, 0x74, 0x20, 0x5f, 0x38, 0x33, 0x20, 0x3d, 0x20, 0x5f, 0x37, 0x36, //  float _83 = _76
	0x2e, 0x7a, 0x3b, 0x0a, 0x20, 0x20, 0x20, 0x20, 0x20, 0x20, 0x20, 0x20, 0x5f, 0x33, 0x33, 0x37, // .z;.        _337
	0x2e, 0x7a, 0x20, 0x3d, 0x20, 0x5f, 0x38, 0x33, 0x3b, 0x0a, 0x20, 0x20, 0x20, 0x20, 0x20, 0x20, // .z = _83;.      
	0x20, 0x20, 0x76, 0x65, 0x63, 0x33, 0x20, 0x5f, 0x38, 0x38, 0x20, 0x3d, 0x20, 0x6e, 0x6f, 0x72, //   vec3 _88 = nor
	0x6d, 0x61, 0x6c, 0x69, 0x7a, 0x65, 0x28, 0x5f, 0x33, 0x33, 0x37, 0x2e, 0x78, 0x79, 0x7a, 0x29, // malize(_337.xyz)
	0x3b, 0x0a, 0x20, 0x20, 0x20, 0x20, 0x20, 0x20, 0x20, 0x20, 0x66, 0x6c, 0x6f, 0x61, 0x74, 0x20, // ;.        float 
	0x5f, 0x31, 0x30, 0x38, 0x20, 0x3d, 0x20, 0x62, 0x61, 0x6c, 0x6c, 0x73, 0x5b, 0x30, 0x5d, 0x2e, // _108 = balls[0].
	0x77, 0x20, 0x2a, 0x20, 0x62, 0x61, 0x6c, 0x6c, 0x73, 0x5b, 0x30, 0x5d, 0x2e, 0x77, 0x3b, 0x0a, // w * balls[0].w;.
	0x20, 0x20, 0x20, 0x20, 0x20, 0x20, 0x20, 0x20, 0x76, 0x65, 0x63, 0x34, 0x20, 0x5f, 0x31, 0x31, //         vec4 _11
	0x33, 0x20, 0x3d, 0x20, 0x74, 0x65, 0x78, 0x74, 0x75, 0x72, 0x65, 0x4c, 0x6f, 0x64, 0x28, 0x74, // 3 = textureLod(t
	0x65, 0x78, 0x5f, 0x66, 0x62, 0x5f, 0x66, 0x69, 0x6c, 0x74, 0x65, 0x72, 0x65, 0x64, 0x2c, 0x20, // ex_fb_filtered, 
	0x76, 0x5f, 0x74, 0x65, 0x78, 0x63, 0x6f, 0x6f, 0x72, 0x64, 0x30, 0x2c, 0x20, 0x30, 0x2e, 0x30, // v_texcoord0, 0.0
	0x29, 0x3b, 0x0a, 0x20, 0x20, 0x20, 0x20, 0x20, 0x20, 0x20, 0x20, 0x76, 0x65, 0x63, 0x33, 0x20, // );.        vec3 
	0x5f, 0x31, 0x31, 0x34, 0x20, 0x3d, 0x20, 0x5f, 0x31, 0x31, 0x33, 0x2e, 0x78, 0x79, 0x7a, 0x3b, // _114 = _113.xyz;
	0x0a, 0x20, 0x20, 0x20, 0x20, 0x20, 0x20, 0x20, 0x20, 0x66, 0x6c, 0x6f, 0x61, 0x74, 0x20, 0x5f, // .        float _
	0x31, 0x31, 0x38, 0x20, 0x3d, 0x20, 0x64, 0x6f, 0x74, 0x28, 0x5f, 0x38, 0x38, 0x2c, 0x20, 0x62, // 118 = dot(_88, b
	0x61, 0x6c, 0x6c, 0x73, 0x5b, 0x30, 0x5d, 0x2e, 0x78, 0x79, 0x7a, 0x29, 0x3b, 0x0a, 0x20, 0x20, // alls[0].xyz);.  
	0x20, 0x20, 0x20, 0x20, 0x20, 0x20, 0x66, 0x6c, 0x6f, 0x61, 0x74, 0x20, 0x5f, 0x31, 0x33, 0x32, //       float _132
	0x20, 0x3d, 0x20, 0x28, 0x5f, 0x31, 0x31, 0x38, 0x20, 0x2a, 0x20, 0x5f, 0x31, 0x31, 0x38, 0x29, //  = (_118 * _118)
	0x20, 0x2d, 0x20, 0x28, 0x64, 0x6f, 0x74, 0x28, 0x62, 0x61, 0x6c, 0x6c, 0x73, 0x5b, 0x30, 0x5d, //  - (dot(balls[0]
	0x2e, 0x78, 0x79, 0x7a, 0x2c, 0x20, 0x62, 0x61, 0x6c, 0x6c, 0x73, 0x5b, 0x30, 0x5d, 0x2e, 0x78, // .xyz, balls[0].x
	0x79, 0x7a, 0x29, 0x20, 0x2d, 0x20, 0x28, 0x5f, 0x31, 0x30, 0x38, 0x20, 0x2a, 0x20, 0x31, 0x2e, // yz) - (_108 * 1.
	0x31, 0x34, 0x39, 0x39, 0x39, 0x39, 0x39, 0x37, 0x36, 0x31, 0x35, 0x38, 0x31, 0x34, 0x32, 0x30, // 1499999761581420
	0x38, 0x39, 0x38, 0x34, 0x33, 0x37, 0x35, 0x29, 0x29, 0x3b, 0x0a, 0x20, 0x20, 0x20, 0x20, 0x20, // 8984375));.     
	0x20, 0x20, 0x20, 0x76, 0x65, 0x63, 0x33, 0x20, 0x5f, 0x33, 0x35, 0x38, 0x3b, 0x0a, 0x20, 0x20, //    vec3 _358;.  
	0x20, 0x20, 0x20, 0x20, 0x20, 0x20, 0x69, 0x66, 0x20, 0x28, 0x5f, 0x31, 0x33, 0x32, 0x20, 0x3c, //       if (_132 <
	0x20, 0x30, 0x2e, 0x30, 0x29, 0x0a, 0x20, 0x20, 0x20, 0x20, 0x20, 0x20, 0x20, 0x20, 0x7b, 0x0a, //  0.0).        {.
	0x20, 0x20, 0x20, 0x20, 0x20, 0x20, 0x20, 0x20, 0x20, 0x20, 0x20, 0x20, 0x5f, 0x33, 0x35, 0x38, //             _358
	0x20, 0x3d, 0x20, 0x5f, 0x31, 0x31, 0x34, 0x3b, 0x0a, 0x20, 0x20, 0x20, 0x20, 0x20, 0x20, 0x20, //  = _114;.       
	0x20, 0x7d, 0x0a, 0x20, 0x20, 0x20, 0x20, 0x20, 0x20, 0x20, 0x20, 0x65, 0x6c, 0x73, 0x65, 0x0a, //  }.        else.
	0x20, 0x20, 0x20, 0x20, 0x20, 0x20, 0x20, 0x20, 0x7b, 0x0a, 0x20, 0x20, 0x20, 0x20, 0x20, 0x20, //         {.      
	0x20, 0x20, 0x20, 0x20, 0x20, 0x20, 0x69, 0x66, 0x20, 0x28, 0x5f, 0x38, 0x33, 0x20, 0x3e, 0x20, //       if (_83 > 
	0x28, 0x28, 0x28, 0x5f, 0x31, 0x31, 0x38, 0x20, 0x2d, 0x20, 0x73, 0x71, 0x72, 0x74, 0x28, 0x5f, // (((_118 - sqrt(_
	0x31, 0x33, 0x32, 0x29, 0x29, 0x20, 0x2a, 0x20, 0x5f, 0x38, 0x38, 0x2e, 0x7a, 0x29, 0x20, 0x2b, // 132)) * _88.z) +
	0x20, 0x31, 0x2e, 0x30, 0x29, 0x29, 0x0a, 0x20, 0x20, 0x20, 0x20, 0x20, 0x20, 0x20, 0x20, 0x20, //  1.0)).         
	0x20, 0x20, 0x20, 0x7b, 0x0a, 0x20, 0x20, 0x20, 0x20, 0x20, 0x20, 0x20, 0x20, 0x20, 0x20, 0x20, //    {.           
	0x20, 0x20, 0x20, 0x20, 0x20, 0x62, 0x67, 0x66, 0x78, 0x5f, 0x46, 0x72, 0x61, 0x67, 0x43, 0x6f, //      bgfx_FragCo
	0x6c, 0x6f, 0x72, 0x20, 0x3d, 0x20, 0x76, 0x65, 0x63, 0x34, 0x28, 0x5f, 0x31, 0x31, 0x33, 0x2e, // lor = vec4(_113.
	0x78, 0x79, 0x7a, 0x2c, 0x20, 0x31, 0x2e, 0x30, 0x29, 0x3b, 0x0a, 0x20, 0x20, 0x20, 0x20, 0x20, // xyz, 1.0);.     
	0x20, 0x20, 0x20, 0x20, 0x20, 0x20, 0x20, 0x20, 0x20, 0x20, 0x20, 0x62, 0x72, 0x65, 0x61, 0x6b, //            break
	0x3b, 0x0a, 0x20, 0x20, 0x20, 0x20, 0x20, 0x20, 0x20, 0x20, 0x20, 0x20, 0x20, 0x20, 0x7d, 0x0a, // ;.            }.
	0x20, 0x20, 0x20, 0x20, 0x20, 0x20, 0x20, 0x20, 0x20, 0x20, 0x20, 0x20, 0x5f, 0x33, 0x35, 0x38, //             _358
	0x20, 0x3d, 0x20, 0x74, 0x65, 0x78, 0x74, 0x75, 0x72, 0x65, 0x4c, 0x6f, 0x64, 0x28, 0x74, 0x65, //  = textureLod(te
	0x78, 0x5f, 0x62, 0x6c, 0x6f, 0x6f, 0x6d, 0x2c, 0x20, 0x76, 0x5f, 0x74, 0x65, 0x78, 0x63, 0x6f, // x_bloom, v_texco
	0x6f, 0x72, 0x64, 0x30, 0x2c, 0x20, 0x30, 0x2e, 0x30, 0x29, 0x2e, 0x78, 0x79, 0x7a, 0x3b, 0x0a, // ord0, 0.0).xyz;.
	0x20, 0x20, 0x20, 0x20, 0x20, 0x20, 0x20, 0x20, 0x7d, 0x0a, 0x20, 0x20, 0x20, 0x20, 0x20, 0x20, //         }.      
	0x20, 0x20, 0x76, 0x65, 0x63, 0x33, 0x20, 0x5f, 0x33, 0x35, 0x35, 0x3b, 0x0a, 0x20, 0x20, 0x20, //   vec3 _355;.   
	0x20, 0x20, 0x20, 0x20, 0x20, 0x5f, 0x33, 0x35, 0x35, 0x20, 0x3d, 0x20, 0x5f, 0x31, 0x31, 0x34, //      _355 = _114
	0x3b, 0x0a, 0x20, 0x20, 0x20, 0x20, 0x20, 0x20, 0x20, 0x20, 0x76, 0x65, 0x63, 0x33, 0x20, 0x5f, // ;.        vec3 _
	0x33, 0x36, 0x30, 0x3b, 0x0a, 0x20, 0x20, 0x20, 0x20, 0x20, 0x20, 0x20, 0x20, 0x66, 0x6f, 0x72, // 360;.        for
	0x20, 0x28, 0x69, 0x6e, 0x74, 0x20, 0x5f, 0x33, 0x35, 0x34, 0x20, 0x3d, 0x20, 0x31, 0x3b, 0x20, //  (int _354 = 1; 
	0x5f, 0x33, 0x35, 0x34, 0x20, 0x3c, 0x20, 0x5f, 0x32, 0x38, 0x3b, 0x20, 0x5f, 0x33, 0x35, 0x35, // _354 < _28; _355
	0x20, 0x3d, 0x20, 0x5f, 0x33, 0x36, 0x30, 0x2c, 0x20, 0x5f, 0x33, 0x35, 0x34, 0x2b, 0x2b, 0x29, //  = _360, _354++)
	0x0a, 0x20, 0x20, 0x20, 0x20, 0x20, 0x20, 0x20, 0x20, 0x7b, 0x0a, 0x20, 0x20, 0x20, 0x20, 0x20, // .        {.     
	0x20, 0x20, 0x20, 0x20, 0x20, 0x20, 0x20, 0x76, 0x65, 0x63, 0x33, 0x20, 0x5f, 0x31, 0x38, 0x38, //        vec3 _188
	0x20, 0x3d, 0x20, 0x76, 0x65, 0x63, 0x33, 0x28, 0x66, 0x6c, 0x6f, 0x61, 0x74, 0x28, 0x5f, 0x33, //  = vec3(float(_3
	0x35, 0x34, 0x29, 0x20, 0x2f, 0x20, 0x77, 0x5f, 0x68, 0x5f, 0x68, 0x65, 0x69, 0x67, 0x68, 0x74, // 54) / w_h_height
	0x2e, 0x77, 0x29, 0x3b, 0x0a, 0x20, 0x20, 0x20, 0x20, 0x20, 0x20, 0x20, 0x20, 0x20, 0x20, 0x20, // .w);.           
	0x20, 0x76, 0x65, 0x63, 0x33, 0x20, 0x5f, 0x31, 0x38, 0x39, 0x20, 0x3d, 0x20, 0x6d, 0x69, 0x78, //  vec3 _189 = mix
	0x28, 0x62, 0x61, 0x6c, 0x6c, 0x73, 0x5b, 0x31, 0x5d, 0x2e, 0x78, 0x79, 0x7a, 0x2c, 0x20, 0x62, // (balls[1].xyz, b
	0x61, 0x6c, 0x6c, 0x73, 0x5b, 0x30, 0x5d, 0x2e, 0x78, 0x79, 0x7a, 0x2c, 0x20, 0x5f, 0x31, 0x38, // alls[0].xyz, _18
	0x38, 0x29, 0x3b, 0x0a, 0x20, 0x20, 0x20, 0x20, 0x20, 0x20, 0x20, 0x20, 0x20, 0x20, 0x20, 0x20, // 8);.            
	0x66, 0x6c, 0x6f, 0x61, 0x74, 0x20, 0x5f, 0x31, 0x39, 0x33, 0x20, 0x3d, 0x20, 0x64, 0x6f, 0x74, // float _193 = dot
	0x28, 0x5f, 0x38, 0x38, 0x2c, 0x20, 0x5f, 0x31, 0x38, 0x39, 0x29, 0x3b, 0x0a, 0x20, 0x20, 0x20, // (_88, _189);.   
	0x20, 0x20, 0x20, 0x20, 0x20, 0x20, 0x20, 0x20, 0x20, 0x66, 0x6c, 0x6f, 0x61, 0x74, 0x20, 0x5f, //          float _
	0x32, 0x30, 0x35, 0x20, 0x3d, 0x20, 0x28, 0x5f, 0x31, 0x39, 0x33, 0x20, 0x2a, 0x20, 0x5f, 0x31, // 205 = (_193 * _1
	0x39, 0x33, 0x29, 0x20, 0x2d, 0x20, 0x28, 0x64, 0x6f, 0x74, 0x28, 0x5f, 0x31, 0x38, 0x39, 0x2c, // 93) - (dot(_189,
	0x20, 0x5f, 0x31, 0x38, 0x39, 0x29, 0x20, 0x2d, 0x20, 0x5f, 0x31, 0x30, 0x38, 0x29, 0x3b, 0x0a, //  _189) - _108);.
	0x20, 0x20, 0x20, 0x20, 0x20, 0x20, 0x20, 0x20, 0x20, 0x20, 0x20, 0x20, 0x69, 0x66, 0x20, 0x28, //             if (
	0x5f, 0x32, 0x30, 0x35, 0x20, 0x3c, 0x20, 0x30, 0x2e, 0x30, 0x29, 0x0a, 0x20, 0x20, 0x20, 0x20, // _205 < 0.0).    
	0x20, 0x20, 0x20, 0x20, 0x20, 0x20, 0x20, 0x20, 0x7b, 0x0a, 0x20, 0x20, 0x20, 0x20, 0x20, 0x20, //         {.      
	0x20, 0x20, 0x20, 0x20, 0x20, 0x20, 0x20, 0x20, 0x20, 0x20, 0x5f, 0x33, 0x36, 0x30, 0x20, 0x3d, //           _360 =
	0x20, 0x5f, 0x33, 0x35, 0x35, 0x20, 0x2b, 0x20, 0x5f, 0x33, 0x35, 0x38, 0x3b, 0x0a, 0x20, 0x20, //  _355 + _358;.  
	0x20, 0x20, 0x20, 0x20, 0x20, 0x20, 0x20, 0x20, 0x20, 0x20, 0x7d, 0x0a, 0x20, 0x20, 0x20, 0x20, //           }.    
	0x20, 0x20, 0x20, 0x20, 0x20, 0x20, 0x20, 0x20, 0x65, 0x6c, 0x73, 0x65, 0x0a, 0x20, 0x20, 0x20, //         else.   
	0x20, 0x20, 0x20, 0x20, 0x20, 0x20, 0x20, 0x20, 0x20, 0x7b, 0x0a, 0x20, 0x20, 0x20, 0x20, 0x20, //          {.     
	0x20, 0x20, 0x20, 0x20, 0x20, 0x20, 0x20, 0x20, 0x20, 0x20, 0x20, 0x76, 0x65, 0x63, 0x33, 0x20, //            vec3 
	0x5f, 0x32, 0x32, 0x32, 0x20, 0x3d, 0x20, 0x28, 0x5f, 0x38, 0x38, 0x20, 0x2a, 0x20, 0x28, 0x5f, // _222 = (_88 * (_
	0x31, 0x39, 0x33, 0x20, 0x2d, 0x20, 0x73, 0x71, 0x72, 0x74, 0x28, 0x5f, 0x32, 0x30, 0x35, 0x29, // 193 - sqrt(_205)
	0x29, 0x29, 0x20, 0x2d, 0x20, 0x5f, 0x31, 0x38, 0x39, 0x3b, 0x0a, 0x20, 0x20, 0x20, 0x20, 0x20, // )) - _189;.     
	0x20, 0x20, 0x20, 0x20, 0x20, 0x20, 0x20, 0x20, 0x20, 0x20, 0x20, 0x76, 0x65, 0x63, 0x34, 0x20, //            vec4 
	0x5f, 0x32, 0x33, 0x33, 0x20, 0x3d, 0x20, 0x6d, 0x61, 0x74, 0x50, 0x72, 0x6f, 0x6a, 0x20, 0x2a, // _233 = matProj *
	0x20, 0x76, 0x65, 0x63, 0x34, 0x28, 0x62, 0x61, 0x6c, 0x6c, 0x73, 0x5b, 0x31, 0x5d, 0x2e, 0x78, //  vec4(balls[1].x
	0x79, 0x7a, 0x20, 0x2b, 0x20, 0x5f, 0x32, 0x32, 0x32, 0x2c, 0x20, 0x31, 0x2e, 0x30, 0x29, 0x3b, // yz + _222, 1.0);
	0x0a, 0x20, 0x20, 0x20, 0x20, 0x20, 0x20, 0x20, 0x20, 0x20, 0x20, 0x20, 0x20, 0x20, 0x20, 0x20, // .               
	0x20, 0x76, 0x65, 0x63, 0x34, 0x20, 0x5f, 0x32, 0x34, 0x33, 0x20, 0x3d, 0x20, 0x6d, 0x61, 0x74, //  vec4 _243 = mat
	0x50, 0x72, 0x6f, 0x6a, 0x20, 0x2a, 0x20, 0x76, 0x65, 0x63, 0x34, 0x28, 0x62, 0x61, 0x6c, 0x6c, // Proj * vec4(ball
	0x73, 0x5b, 0x30, 0x5d, 0x2e, 0x78, 0x79, 0x7a, 0x20, 0x2b, 0x20, 0x5f, 0x32, 0x32, 0x32, 0x2c, // s[0].xyz + _222,
	0x20, 0x31, 0x2e, 0x30, 0x29, 0x3b, 0x0a, 0x20, 0x20, 0x20, 0x20, 0x20, 0x20, 0x20, 0x20, 0x20, //  1.0);.         
	0x20, 0x20, 0x20, 0x20, 0x20, 0x20, 0x20, 0x76, 0x65, 0x63, 0x32, 0x20, 0x5f, 0x32, 0x34, 0x39, //        vec2 _249
	0x20, 0x3d, 0x20, 0x5f, 0x32, 0x33, 0x33, 0x2e, 0x78, 0x79, 0x20, 0x2f, 0x20, 0x76, 0x65, 0x63, //  = _233.xy / vec
	0x32, 0x28, 0x5f, 0x32, 0x33, 0x33, 0x2e, 0x77, 0x29, 0x3b, 0x0a, 0x20, 0x20, 0x20, 0x20, 0x20, // 2(_233.w);.     
	0x20, 0x20, 0x20, 0x20, 0x20, 0x20, 0x20, 0x20, 0x20, 0x20, 0x20, 0x76, 0x65, 0x63, 0x34, 0x20, //            vec4 
	0x5f, 0x33, 0x34, 0x36, 0x3b, 0x0a, 0x20, 0x20, 0x20, 0x20, 0x20, 0x20, 0x20, 0x20, 0x20, 0x20, // _346;.          
	0x20, 0x20, 0x20, 0x20, 0x20, 0x20, 0x5f, 0x33, 0x34, 0x36, 0x2e, 0x78, 0x20, 0x3d, 0x20, 0x5f, //       _346.x = _
	0x32, 0x34, 0x39, 0x2e, 0x78, 0x3b, 0x0a, 0x20, 0x20, 0x20, 0x20, 0x20, 0x20, 0x20, 0x20, 0x20, // 249.x;.         
	0x20, 0x20, 0x20, 0x20, 0x20, 0x20, 0x20, 0x5f, 0x33, 0x34, 0x36, 0x2e, 0x79, 0x20, 0x3d, 0x20, //        _346.y = 
	0x5f, 0x32, 0x34, 0x39, 0x2e, 0x79, 0x3b, 0x0a, 0x20, 0x20, 0x20, 0x20, 0x20, 0x20, 0x20, 0x20, // _249.y;.        
	0x20, 0x20, 0x20, 0x20, 0x20, 0x20, 0x20, 0x20, 0x76, 0x65, 0x63, 0x32, 0x20, 0x5f, 0x32, 0x35, //         vec2 _25
	0x39, 0x20, 0x3d, 0x20, 0x5f, 0x32, 0x34, 0x33, 0x2e, 0x78, 0x79, 0x20, 0x2f, 0x20, 0x76, 0x65, // 9 = _243.xy / ve
	0x63, 0x32, 0x28, 0x5f, 0x32, 0x34, 0x33, 0x2e, 0x77, 0x29, 0x3b, 0x0a, 0x20, 0x20, 0x20, 0x20, // c2(_243.w);.    
	0x20, 0x20, 0x20, 0x20, 0x20, 0x20, 0x20, 0x20, 0x20, 0x20, 0x20, 0x20, 0x76, 0x65, 0x63, 0x34, //             vec4
	0x20, 0x5f, 0x33, 0x35, 0x31, 0x3b, 0x0a, 0x20, 0x20, 0x20, 0x20, 0x20, 0x20, 0x20, 0x20, 0x20, //  _351;.         
	0x20, 0x20, 0x20, 0x20, 0x20, 0x20, 0x20, 0x5f, 0x33, 0x35, 0x31, 0x2e, 0x78, 0x20, 0x3d, 0x20, //        _351.x = 
	0x5f, 0x32, 0x35, 0x39, 0x2e, 0x78, 0x3b, 0x0a, 0x20, 0x20, 0x20, 0x20, 0x20, 0x20, 0x20, 0x20, // _259.x;.        
	0x20, 0x20, 0x20, 0x20, 0x20, 0x20, 0x20, 0x20, 0x5f, 0x33, 0x35, 0x31, 0x2e, 0x79, 0x20, 0x3d, //         _351.y =
	0x20, 0x5f, 0x32, 0x35, 0x39, 0x2e, 0x79, 0x3b, 0x0a, 0x20, 0x20, 0x20, 0x20, 0x20, 0x20, 0x20, //  _259.y;.       
	0x20, 0x20, 0x20, 0x20, 0x20, 0x20, 0x20, 0x20, 0x20, 0x5f, 0x33, 0x36, 0x30, 0x20, 0x3d, 0x20, //          _360 = 
	0x5f, 0x33, 0x35, 0x35, 0x20, 0x2b, 0x20, 0x6d, 0x69, 0x78, 0x28, 0x74, 0x65, 0x78, 0x74, 0x75, // _355 + mix(textu
	0x72, 0x65, 0x4c, 0x6f, 0x64, 0x28, 0x74, 0x65, 0x78, 0x5f, 0x62, 0x6c, 0x6f, 0x6f, 0x6d, 0x2c, // reLod(tex_bloom,
	0x20, 0x76, 0x65, 0x63, 0x32, 0x28, 0x30, 0x2e, 0x35, 0x29, 0x20, 0x2b, 0x20, 0x28, 0x5f, 0x33, //  vec2(0.5) + (_3
	0x34, 0x36, 0x2e, 0x78, 0x79, 0x20, 0x2a, 0x20, 0x30, 0x2e, 0x35, 0x29, 0x2c, 0x20, 0x30, 0x2e, // 46.xy * 0.5), 0.
	0x30, 0x29, 0x2e, 0x78, 0x79, 0x7a, 0x2c, 0x20, 0x74, 0x65, 0x78, 0x74, 0x75, 0x72, 0x65, 0x4c, // 0).xyz, textureL
	0x6f, 0x64, 0x28, 0x74, 0x65, 0x78, 0x5f, 0x66, 0x62, 0x5f, 0x66, 0x69, 0x6c, 0x74, 0x65, 0x72, // od(tex_fb_filter
	0x65, 0x64, 0x2c, 0x20, 0x76, 0x65, 0x63, 0x32, 0x28, 0x30, 0x2e, 0x35, 0x29, 0x20, 0x2b, 0x20, // ed, vec2(0.5) + 
	0x28, 0x5f, 0x33, 0x35, 0x31, 0x2e, 0x78, 0x79, 0x20, 0x2a, 0x20, 0x30, 0x2e, 0x35, 0x29, 0x2c, // (_351.xy * 0.5),
	0x20, 0x30, 0x2e, 0x30, 0x29, 0x2e, 0x78, 0x79, 0x7a, 0x2c, 0x20, 0x5f, 0x31, 0x38, 0x38, 0x29, //  0.0).xyz, _188)
	0x3b, 0x0a, 0x20, 0x20, 0x20, 0x20, 0x20, 0x20, 0x20, 0x20, 0x20, 0x20, 0x20, 0x20, 0x7d, 0x0a, // ;.            }.
	0x20, 0x20, 0x20, 0x20, 0x20, 0x20, 0x20, 0x20, 0x7d, 0x0a, 0x20, 0x20, 0x20, 0x20, 0x20, 0x20, //         }.      
	0x20, 0x20, 0x62, 0x67, 0x66, 0x78, 0x5f, 0x46, 0x72, 0x61, 0x67, 0x43, 0x6f, 0x6c, 0x6f, 0x72, //   bgfx_FragColor
	0x20, 0x3d, 0x20, 0x76, 0x65, 0x63, 0x34, 0x28, 0x5f, 0x33, 0x35, 0x35, 0x20, 0x2f, 0x20, 0x76, //  = vec4(_355 / v
	0x65, 0x63, 0x33, 0x28, 0x77, 0x5f, 0x68, 0x5f, 0x68, 0x65, 0x69, 0x67, 0x68, 0x74, 0x2e, 0x77, // ec3(w_h_height.w
	0x29, 0x2c, 0x20, 0x31, 0x2e, 0x30, 0x29, 0x3b, 0x0a, 0x20, 0x20, 0x20, 0x20, 0x20, 0x20, 0x20, // ), 1.0);.       
	0x20, 0x62, 0x72, 0x65, 0x61, 0x6b, 0x3b, 0x0a, 0x20, 0x20, 0x20, 0x20, 0x7d, 0x20, 0x77, 0x68, //  break;.    } wh
	0x69, 0x6c, 0x65, 0x28, 0x66, 0x61, 0x6c, 0x73, 0x65, 0x29, 0x3b, 0x0a, 0x7d, 0x0a, 0x0a, 0x00, // ile(false);.}...
};
static const uint8_t fs_pp_motionblur_dxbc[2784] =
{
	0x46, 0x53, 0x48, 0x0c, 0x6f, 0x1e, 0x3e, 0x3c, 0x00, 0x00, 0x00, 0x00, 0x00, 0x00, 0x00, 0x00, // FSH.o.><........
	0x00, 0x00, 0x00, 0x00, 0x07, 0x00, 0x05, 0x62, 0x61, 0x6c, 0x6c, 0x73, 0x12, 0x08, 0x00, 0x00, // .......balls....
	0x08, 0x00, 0x00, 0x00, 0x00, 0x00, 0x07, 0x6d, 0x61, 0x74, 0x50, 0x72, 0x6f, 0x6a, 0x14, 0x00, // .......matProj..
	0x80, 0x00, 0x04, 0x00, 0x00, 0x00, 0x00, 0x00, 0x0a, 0x6d, 0x61, 0x74, 0x50, 0x72, 0x6f, 0x6a, // .........matProj
	0x49, 0x6e, 0x76, 0x14, 0x00, 0xc0, 0x00, 0x04, 0x00, 0x00, 0x00, 0x00, 0x00, 0x0a, 0x77, 0x5f, // Inv...........w_
	0x68, 0x5f, 0x68, 0x65, 0x69, 0x67, 0x68, 0x74, 0x12, 0x00, 0x00, 0x01, 0x01, 0x00, 0x00, 0x00, // h_height........
	0x00, 0x00, 0x0f, 0x74, 0x65, 0x78, 0x5f, 0x66, 0x62, 0x5f, 0x66, 0x69, 0x6c, 0x74, 0x65, 0x72, // ...tex_fb_filter
	0x65, 0x64, 0x30, 0x01, 0x00, 0x00, 0x01, 0x00, 0x00, 0x02, 0x00, 0x00, 0x09, 0x74, 0x65, 0x78, // ed0..........tex
	0x5f, 0x62, 0x6c, 0x6f, 0x6f, 0x6d, 0x30, 0x01, 0x01, 0x00, 0x01, 0x00, 0x00, 0x02, 0x00, 0x00, // _bloom0.........
	0x09, 0x74, 0x65, 0x78, 0x5f, 0x64, 0x65, 0x70, 0x74, 0x68, 0x30, 0x01, 0x04, 0x00, 0x01, 0x00, // .tex_depth0.....
	0x00, 0x02, 0x00, 0x00, 0x34, 0x0a, 0x00, 0x00, 0x44, 0x58, 0x42, 0x43, 0x2d, 0x70, 0x1f, 0xe8, // ....4...DXBC-p..
	0x44, 0x2a, 0x21, 0xc8, 0x1f, 0x56, 0x46, 0x7a, 0x37, 0xd4, 0x94, 0xb3, 0x01, 0x00, 0x00, 0x00, // D*!..VFz7.......
	0x34, 0x0a, 0x00, 0x00, 0x03, 0x00, 0x00, 0x00, 0x2c, 0x00, 0x00, 0x00, 0x84, 0x00, 0x00, 0x00, // 4.......,.......
	0xb8, 0x00, 0x00, 0x00, 0x49, 0x53, 0x47, 0x4e, 0x50, 0x00, 0x00, 0x00, 0x02, 0x00, 0x00, 0x00, // ....ISGNP.......
	0x08, 0x00, 0x00, 0x00, 0x38, 0x00, 0x00, 0x00, 0x00, 0x00, 0x00, 0x00, 0x01, 0x00, 0x00, 0x00, // ....8...........
	0x03, 0x00, 0x00, 0x00, 0x00, 0x00, 0x00, 0x00, 0x0f, 0x00, 0x00, 0x00, 0x44, 0x00, 0x00, 0x00, // ............D...
	0x00, 0x00, 0x00, 0x00, 0x00, 0x00, 0x00, 0x00, 0x03, 0x00, 0x00, 0x00, 0x01, 0x00, 0x00, 0x00, // ................
	0x03, 0x03, 0x00, 0x00, 0x53, 0x56, 0x5f, 0x50, 0x4f, 0x53, 0x49, 0x54, 0x49, 0x4f, 0x4e, 0x00, // ....SV_POSITION.
	0x54, 0x45, 0x58, 0x43, 0x4f, 0x4f, 0x52, 0x44, 0x00, 0xab, 0xab, 0xab, 0x4f, 0x53, 0x47, 0x4e, // TEXCOORD....OSGN
	0x2c, 0x00, 0x00, 0x00, 0x01, 0x00, 0x00, 0x00, 0x08, 0x00, 0x00, 0x00, 0x20, 0x00, 0x00, 0x00, // ,........... ...
	0x00, 0x00, 0x00, 0x00, 0x00, 0x00, 0x00, 0x00, 0x03, 0x00, 0x00, 0x00, 0x00, 0x00, 0x00, 0x00, // ................
	0x0f, 0x00, 0x00, 0x00, 0x53, 0x56, 0x5f, 0x54, 0x41, 0x52, 0x47, 0x45, 0x54, 0x00, 0xab, 0xab, // ....SV_TARGET...
	0x53, 0x48, 0x45, 0x58, 0x74, 0x09, 0x00, 0x00, 0x50, 0x00, 0x00, 0x00, 0x5d, 0x02, 0x00, 0x00, // SHEXt...P...]...
	0x6a, 0x08, 0x00, 0x01, 0x59, 0x00, 0x00, 0x04, 0x46, 0x8e, 0x20, 0x00, 0x00, 0x00, 0x00, 0x00, // j...Y...F. .....
	0x11, 0x00, 0x00, 0x00, 0x5a, 0x00, 0x00, 0x03, 0x00, 0x60, 0x10, 0x00, 0x00, 0x00, 0x00, 0x00, // ....Z....`......
	0x5a, 0x00, 0x00, 0x03, 0x00, 0x60, 0x10, 0x00, 0x01, 0x00, 0x00, 0x00, 0x5a, 0x00, 0x00, 0x03, // Z....`......Z...
	0x00, 0x60, 0x10, 0x00, 0x04, 0x00, 0x00, 0x00, 0x58, 0x18, 0x00, 0x04, 0x00, 0x70, 0x10, 0x00, // .`......X....p..
	0x00, 0x00, 0x00, 0x00, 0x55, 0x55, 0x00, 0x00, 0x58, 0x18, 0x00, 0x04, 0x00, 0x70, 0x10, 0x00, // ....UU..X....p..
	0x01, 0x00, 0x00, 0x00, 0x55, 0x55, 0x00, 0x00, 0x58, 0x18, 0x00, 0x04, 0x00, 0x70, 0x10, 0x00, // ....UU..X....p..
	0x04, 0x00, 0x00, 0x00, 0x55, 0x55, 0x00, 0x00, 0x62, 0x10, 0x00, 0x03, 0x32, 0x10, 0x10, 0x00, // ....UU..b...2...
	0x01, 0x00, 0x00, 0x00, 0x65, 0x00, 0x00, 0x03, 0xf2, 0x20, 0x10, 0x00, 0x00, 0x00, 0x00, 0x00, // ....e.... ......
	0x68, 0x00, 0x00, 0x02, 0x08, 0x00, 0x00, 0x00, 0x48, 0x00, 0x00, 0x8d, 0xc2, 0x00, 0x00, 0x80, // h.......H.......
	0x43, 0x55, 0x15, 0x00, 0x12, 0x00, 0x10, 0x00, 0x00, 0x00, 0x00, 0x00, 0x46, 0x10, 0x10, 0x00, // CU..........F...
	0x01, 0x00, 0x00, 0x00, 0x46, 0x7e, 0x10, 0x00, 0x04, 0x00, 0x00, 0x00, 0x00, 0x60, 0x10, 0x00, // ....F~.......`..
	0x04, 0x00, 0x00, 0x00, 0x01, 0x40, 0x00, 0x00, 0x00, 0x00, 0x00, 0x00, 0x32, 0x00, 0x00, 0x09, // .....@......2...
	0x22, 0x00, 0x10, 0x00, 0x00, 0x00, 0x00, 0x00, 0x0a, 0x10, 0x10, 0x00, 0x01, 0x00, 0x00, 0x00, // "...............
	0x01, 0x40, 0x00, 0x00, 0x00, 0x00, 0x00, 0x40, 0x01, 0x40, 0x00, 0x00, 0x00, 0x00, 0x80, 0xbf, // .@.....@.@......
	0x32, 0x00, 0x00, 0x0a, 0x42, 0x00, 0x10, 0x00, 0x00, 0x00, 0x00, 0x00, 0x1a, 0x10, 0x10, 0x80, // 2...B...........
	0x41, 0x00, 0x00, 0x00, 0x01, 0x00, 0x00, 0x00, 0x01, 0x40, 0x00, 0x00, 0x00, 0x00, 0x00, 0x40, // A........@.....@
	0x01, 0x40, 0x00, 0x00, 0x00, 0x00, 0x80, 0x3f, 0x38, 0x00, 0x00, 0x08, 0xf2, 0x00, 0x10, 0x00, // .@.....?8.......
	0x01, 0x00, 0x00, 0x00, 0xa6, 0x0a, 0x10, 0x00, 0x00, 0x00, 0x00, 0x00, 0x46, 0x8e, 0x20, 0x00, // ............F. .
	0x00, 0x00, 0x00, 0x00, 0x0d, 0x00, 0x00, 0x00, 0x32, 0x00, 0x00, 0x0a, 0xf2, 0x00, 0x10, 0x00, // ........2.......
	0x01, 0x00, 0x00, 0x00, 0x46, 0x8e, 0x20, 0x00, 0x00, 0x00, 0x00, 0x00, 0x0c, 0x00, 0x00, 0x00, // ....F. .........
	0x56, 0x05, 0x10, 0x00, 0x00, 0x00, 0x00, 0x00, 0x46, 0x0e, 0x10, 0x00, 0x01, 0x00, 0x00, 0x00, // V.......F.......
	0x32, 0x00, 0x00, 0x0a, 0xf2, 0x00, 0x10, 0x00, 0x00, 0x00, 0x00, 0x00, 0x46, 0x8e, 0x20, 0x00, // 2...........F. .
	0x00, 0x00, 0x00, 0x00, 0x0e, 0x00, 0x00, 0x00, 0x06, 0x00, 0x10, 0x00, 0x00, 0x00, 0x00, 0x00, // ................
	0x46, 0x0e, 0x10, 0x00, 0x01, 0x00, 0x00, 0x00, 0x00, 0x00, 0x00, 0x08, 0xf2, 0x00, 0x10, 0x00, // F...............
	0x00, 0x00, 0x00, 0x00, 0x46, 0x0e, 0x10, 0x00, 0x00, 0x00, 0x00, 0x00, 0x46, 0x8e, 0x20, 0x00, // ....F.......F. .
	0x00, 0x00, 0x00, 0x00, 0x0f, 0x00, 0x00, 0x00, 0x0e, 0x00, 0x00, 0x07, 0x72, 0x00, 0x10, 0x00, // ............r...
	0x00, 0x00, 0x00, 0x00, 0x46, 0x02, 0x10, 0x00, 0x00, 0x00, 0x00, 0x00, 0xf6, 0x0f, 0x10, 0x00, // ....F...........
	0x00, 0x00, 0x00, 0x00, 0x10, 0x00, 0x00, 0x07, 0x82, 0x00, 0x10, 0x00, 0x00, 0x00, 0x00, 0x00, // ................
	0x46, 0x02, 0x10, 0x00, 0x00, 0x00, 0x00, 0x00, 0x46, 0x02, 0x10, 0x00, 0x00, 0x00, 0x00, 0x00, // F.......F.......
	0x44, 0x00, 0x00, 0x05, 0x82, 0x00, 0x10, 0x00, 0x00, 0x00, 0x00, 0x00, 0x3a, 0x00, 0x10, 0x00, // D...........:...
	0x00, 0x00, 0x00, 0x00, 0x38, 0x00, 0x00, 0x07, 0xb2, 0x00, 0x10, 0x00, 0x00, 0x00, 0x00, 0x00, // ....8...........
	0xf6, 0x0f, 0x10, 0x00, 0x00, 0x00, 0x00, 0x00, 0x46, 0x08, 0x10, 0x00, 0x00, 0x00, 0x00, 0x00, // ........F.......
	0x38, 0x00, 0x00, 0x09, 0x12, 0x00, 0x10, 0x00, 0x01, 0x00, 0x00, 0x00, 0x3a, 0x80, 0x20, 0x00, // 8...........:. .
	0x00, 0x00, 0x00, 0x00, 0x00, 0x00, 0x00, 0x00, 0x3a, 0x80, 0x20, 0x00, 0x00, 0x00, 0x00, 0x00, // ........:. .....
	0x00, 0x00, 0x00, 0x00, 0x48, 0x00, 0x00, 0x8d, 0xc2, 0x00, 0x00, 0x80, 0x43, 0x55, 0x15, 0x00, // ....H.......CU..
	0xe2, 0x00, 0x10, 0x00, 0x01, 0x00, 0x00, 0x00, 0x46, 0x10, 0x10, 0x00, 0x01, 0x00, 0x00, 0x00, // ........F.......
	0x36, 0x79, 0x10, 0x00, 0x00, 0x00, 0x00, 0x00, 0x00, 0x60, 0x10, 0x00, 0x00, 0x00, 0x00, 0x00, // 6y.......`......
	0x01, 0x40, 0x00, 0x00, 0x00, 0x00, 0x00, 0x00, 0x10, 0x00, 0x00, 0x08, 0x12, 0x00, 0x10, 0x00, // .@..............
	0x02, 0x00, 0x00, 0x00, 0x46, 0x03, 0x10, 0x00, 0x00, 0x00, 0x00, 0x00, 0x46, 0x82, 0x20, 0x00, // ....F.......F. .
	0x00, 0x00, 0x00, 0x00, 0x00, 0x00, 0x00, 0x00, 0x10, 0x00, 0x00, 0x09, 0x22, 0x00, 0x10, 0x00, // ............"...
	0x02, 0x00, 0x00, 0x00, 0x46, 0x82, 0x20, 0x00, 0x00, 0x00, 0x00, 0x00, 0x00, 0x00, 0x00, 0x00, // ....F. .........
	0x46, 0x82, 0x20, 0x00, 0x00, 0x00, 0x00, 0x00, 0x00, 0x00, 0x00, 0x00, 0x32, 0x00, 0x00, 0x0a, // F. .........2...
	0x12, 0x00, 0x10, 0x00, 0x01, 0x00, 0x00, 0x00, 0x0a, 0x00, 0x10, 0x80, 0x41, 0x00, 0x00, 0x00, // ............A...
	0x01, 0x00, 0x00, 0x00, 0x01, 0x40, 0x00, 0x00, 0x33, 0x33, 0x93, 0x3f, 0x1a, 0x00, 0x10, 0x00, // .....@..33.?....
	0x02, 0x00, 0x00, 0x00, 0x32, 0x00, 0x00, 0x0a, 0x12, 0x00, 0x10, 0x00, 0x01, 0x00, 0x00, 0x00, // ....2...........
	0x0a, 0x00, 0x10, 0x00, 0x02, 0x00, 0x00, 0x00, 0x0a, 0x00, 0x10, 0x00, 0x02, 0x00, 0x00, 0x00, // ................
	0x0a, 0x00, 0x10, 0x80, 0x41, 0x00, 0x00, 0x00, 0x01, 0x00, 0x00, 0x00, 0x31, 0x00, 0x00, 0x07, // ....A.......1...
	0x22, 0x00, 0x10, 0x00, 0x02, 0x00, 0x00, 0x00, 0x0a, 0x00, 0x10, 0x00, 0x01, 0x00, 0x00, 0x00, // "...............
	0x01, 0x40, 0x00, 0x00, 0x00, 0x00, 0x00, 0x00, 0x1f, 0x00, 0x04, 0x03, 0x1a, 0x00, 0x10, 0x00, // .@..............
	0x02, 0x00, 0x00, 0x00, 0x36, 0x00, 0x00, 0x05, 0xe2, 0x00, 0x10, 0x00, 0x02, 0x00, 0x00, 0x00, // ....6...........
	0x56, 0x0e, 0x10, 0x00, 0x01, 0x00, 0x00, 0x00, 0x12, 0x00, 0x00, 0x01, 0x4b, 0x00, 0x00, 0x05, // V...........K...
	0x12, 0x00, 0x10, 0x00, 0x01, 0x00, 0x00, 0x00, 0x0a, 0x00, 0x10, 0x00, 0x01, 0x00, 0x00, 0x00, // ................
	0x00, 0x00, 0x00, 0x08, 0x12, 0x00, 0x10, 0x00, 0x01, 0x00, 0x00, 0x00, 0x0a, 0x00, 0x10, 0x80, // ................
	0x41, 0x00, 0x00, 0x00, 0x01, 0x00, 0x00, 0x00, 0x0a, 0x00, 0x10, 0x00, 0x02, 0x00, 0x00, 0x00, // A...............
	0x32, 0x00, 0x00, 0x09, 0x12, 0x00, 0x10, 0x00, 0x01, 0x00, 0x00, 0x00, 0x0a, 0x00, 0x10, 0x00, // 2...............
	0x01, 0x00, 0x00, 0x00, 0x3a, 0x00, 0x10, 0x00, 0x00, 0x00, 0x00, 0x00, 0x01, 0x40, 0x00, 0x00, // ....:........@..
	0x00, 0x00, 0x80, 0x3f, 0x31, 0x00, 0x00, 0x07, 0x42, 0x00, 0x10, 0x00, 0x00, 0x00, 0x00, 0x00, // ...?1...B.......
	0x0a, 0x00, 0x10, 0x00, 0x01, 0x00, 0x00, 0x00, 0x2a, 0x00, 0x10, 0x00, 0x00, 0x00, 0x00, 0x00, // ........*.......
	0x1f, 0x00, 0x04, 0x03, 0x2a, 0x00, 0x10, 0x00, 0x00, 0x00, 0x00, 0x00, 0x36, 0x00, 0x00, 0x05, // ....*.......6...
	0x72, 0x20, 0x10, 0x00, 0x00, 0x00, 0x00, 0x00, 0x96, 0x07, 0x10, 0x00, 0x01, 0x00, 0x00, 0x00, // r ..............
	0x36, 0x00, 0x00, 0x05, 0x82, 0x20, 0x10, 0x00, 0x00, 0x00, 0x00, 0x00, 0x01, 0x40, 0x00, 0x00, // 6.... .......@..
	0x00, 0x00, 0x80, 0x3f, 0x3e, 0x00, 0x00, 0x01, 0x15, 0x00, 0x00, 0x01, 0x48, 0x00, 0x00, 0x8d, // ...?>.......H...
	0xc2, 0x00, 0x00, 0x80, 0x43, 0x55, 0x15, 0x00, 0xe2, 0x00, 0x10, 0x00, 0x02, 0x00, 0x00, 0x00, // ....CU..........
	0x46, 0x10, 0x10, 0x00, 0x01, 0x00, 0x00, 0x00, 0x36, 0x79, 0x10, 0x00, 0x01, 0x00, 0x00, 0x00, // F.......6y......
	0x00, 0x60, 0x10, 0x00, 0x01, 0x00, 0x00, 0x00, 0x01, 0x40, 0x00, 0x00, 0x00, 0x00, 0x00, 0x00, // .`.......@......
	0x15, 0x00, 0x00, 0x01, 0x1b, 0x00, 0x00, 0x06, 0x42, 0x00, 0x10, 0x00, 0x00, 0x00, 0x00, 0x00, // ........B.......
	0x3a, 0x80, 0x20, 0x00, 0x00, 0x00, 0x00, 0x00, 0x10, 0x00, 0x00, 0x00, 0x00, 0x00, 0x00, 0x0a, // :. .............
	0x72, 0x00, 0x10, 0x00, 0x03, 0x00, 0x00, 0x00, 0x46, 0x82, 0x20, 0x00, 0x00, 0x00, 0x00, 0x00, // r.......F. .....
	0x00, 0x00, 0x00, 0x00, 0x46, 0x82, 0x20, 0x80, 0x41, 0x00, 0x00, 0x00, 0x00, 0x00, 0x00, 0x00, // ....F. .A.......
	0x01, 0x00, 0x00, 0x00, 0x36, 0x00, 0x00, 0x05, 0x72, 0x00, 0x10, 0x00, 0x04, 0x00, 0x00, 0x00, // ....6...r.......
	0x96, 0x07, 0x10, 0x00, 0x01, 0x00, 0x00, 0x00, 0x36, 0x00, 0x00, 0x05, 0x12, 0x00, 0x10, 0x00, // ........6.......
	0x01, 0x00, 0x00, 0x00, 0x01, 0x40, 0x00, 0x00, 0x01, 0x00, 0x00, 0x00, 0x30, 0x00, 0x00, 0x01, // .....@......0...
	0x21, 0x00, 0x00, 0x07, 0x12, 0x00, 0x10, 0x00, 0x02, 0x00, 0x00, 0x00, 0x0a, 0x00, 0x10, 0x00, // !...............
	0x01, 0x00, 0x00, 0x00, 0x2a, 0x00, 0x10, 0x00, 0x00, 0x00, 0x00, 0x00, 0x03, 0x00, 0x04, 0x03, // ....*...........
	0x0a, 0x00, 0x10, 0x00, 0x02, 0x00, 0x00, 0x00, 0x2b, 0x00, 0x00, 0x05, 0x12, 0x00, 0x10, 0x00, // ........+.......
	0x02, 0x00, 0x00, 0x00, 0x0a, 0x00, 0x10, 0x00, 0x01, 0x00, 0x00, 0x00, 0x0e, 0x00, 0x00, 0x08, // ................
	0x12, 0x00, 0x10, 0x00, 0x02, 0x00, 0x00, 0x00, 0x0a, 0x00, 0x10, 0x00, 0x02, 0x00, 0x00, 0x00, // ................
	0x3a, 0x80, 0x20, 0x00, 0x00, 0x00, 0x00, 0x00, 0x10, 0x00, 0x00, 0x00, 0x32, 0x00, 0x00, 0x0a, // :. .........2...
	0x72, 0x00, 0x10, 0x00, 0x05, 0x00, 0x00, 0x00, 0x06, 0x00, 0x10, 0x00, 0x02, 0x00, 0x00, 0x00, // r...............
	0x46, 0x02, 0x10, 0x00, 0x03, 0x00, 0x00, 0x00, 0x46, 0x82, 0x20, 0x00, 0x00, 0x00, 0x00, 0x00, // F.......F. .....
	0x01, 0x00, 0x00, 0x00, 0x10, 0x00, 0x00, 0x07, 0x82, 0x00, 0x10, 0x00, 0x03, 0x00, 0x00, 0x00, // ................
	0x46, 0x03, 0x10, 0x00, 0x00, 0x00, 0x00, 0x00, 0x46, 0x02, 0x10, 0x00, 0x05, 0x00, 0x00, 0x00, // F.......F.......
	0x10, 0x00, 0x00, 0x07, 0x82, 0x00, 0x10, 0x00, 0x04, 0x00, 0x00, 0x00, 0x46, 0x02, 0x10, 0x00, // ............F...
	0x05, 0x00, 0x00, 0x00, 0x46, 0x02, 0x10, 0x00, 0x05, 0x00, 0x00, 0x00, 0x32, 0x00, 0x00, 0x0c, // ....F.......2...
	0x82, 0x00, 0x10, 0x00, 0x04, 0x00, 0x00, 0x00, 0x3a, 0x80, 0x20, 0x80, 0x41, 0x00, 0x00, 0x00, // ........:. .A...
	0x00, 0x00, 0x00, 0x00, 0x00, 0x00, 0x00, 0x00, 0x3a, 0x80, 0x20, 0x00, 0x00, 0x00, 0x00, 0x00, // ........:. .....
	0x00, 0x00, 0x00, 0x00, 0x3a, 0x00, 0x10, 0x00, 0x04, 0x00, 0x00, 0x00, 0x32, 0x00, 0x00, 0x0a, // ....:.......2...
	0x82, 0x00, 0x10, 0x00, 0x04, 0x00, 0x00, 0x00, 0x3a, 0x00, 0x10, 0x00, 0x03, 0x00, 0x00, 0x00, // ........:.......
	0x3a, 0x00, 0x10, 0x00, 0x03, 0x00, 0x00, 0x00, 0x3a, 0x00, 0x10, 0x80, 0x41, 0x00, 0x00, 0x00, // :.......:...A...
	0x04, 0x00, 0x00, 0x00, 0x31, 0x00, 0x00, 0x07, 0x82, 0x00, 0x10, 0x00, 0x05, 0x00, 0x00, 0x00, // ....1...........
	0x3a, 0x00, 0x10, 0x00, 0x04, 0x00, 0x00, 0x00, 0x01, 0x40, 0x00, 0x00, 0x00, 0x00, 0x00, 0x00, // :........@......
	0x1f, 0x00, 0x04, 0x03, 0x3a, 0x00, 0x10, 0x00, 0x05, 0x00, 0x00, 0x00, 0x00, 0x00, 0x00, 0x07, // ....:...........
	0x72, 0x00, 0x10, 0x00, 0x04, 0x00, 0x00, 0x00, 0x96, 0x07, 0x10, 0x00, 0x02, 0x00, 0x00, 0x00, // r...............
	0x46, 0x02, 0x10, 0x00, 0x04, 0x00, 0x00, 0x00, 0x12, 0x00, 0x00, 0x01, 0x4b, 0x00, 0x00, 0x05, // F...........K...
	0x82, 0x00, 0x10, 0x00, 0x04, 0x00, 0x00, 0x00, 0x3a, 0x00, 0x10, 0x00, 0x04, 0x00, 0x00, 0x00, // ........:.......
	0x00, 0x00, 0x00, 0x08, 0x82, 0x00, 0x10, 0x00, 0x03, 0x00, 0x00, 0x00, 0x3a, 0x00, 0x10, 0x00, // ............:...
	0x03, 0x00, 0x00, 0x00, 0x3a, 0x00, 0x10, 0x80, 0x41, 0x00, 0x00, 0x00, 0x04, 0x00, 0x00, 0x00, // ....:...A.......
	0x32, 0x00, 0x00, 0x0a, 0x72, 0x00, 0x10, 0x00, 0x05, 0x00, 0x00, 0x00, 0xf6, 0x0f, 0x10, 0x00, // 2...r...........
	0x03, 0x00, 0x00, 0x00, 0x46, 0x03, 0x10, 0x00, 0x00, 0x00, 0x00, 0x00, 0x46, 0x02, 0x10, 0x80, // ....F.......F...
	0x41, 0x00, 0x00, 0x00, 0x05, 0x00, 0x00, 0x00, 0x00, 0x00, 0x00, 0x08, 0x72, 0x00, 0x10, 0x00, // A...........r...
	0x06, 0x00, 0x00, 0x00, 0x46, 0x02, 0x10, 0x00, 0x05, 0x00, 0x00, 0x00, 0x46, 0x82, 0x20, 0x00, // ....F.......F. .
	0x00, 0x00, 0x00, 0x00, 0x01, 0x00, 0x00, 0x00, 0x38, 0x00, 0x00, 0x08, 0x72, 0x00, 0x10, 0x00, // ........8...r...
	0x07, 0x00, 0x00, 0x00, 0x56, 0x05, 0x10, 0x00, 0x06, 0x00, 0x00, 0x00, 0x46, 0x83, 0x20, 0x00, // ....V.......F. .
	0x00, 0x00, 0x00, 0x00, 0x09, 0x00, 0x00, 0x00, 0x32, 0x00, 0x00, 0x0a, 0xb2, 0x00, 0x10, 0x00, // ........2.......
	0x06, 0x00, 0x00, 0x00, 0x46, 0x8c, 0x20, 0x00, 0x00, 0x00, 0x00, 0x00, 0x08, 0x00, 0x00, 0x00, // ....F. .........
	0x06, 0x00, 0x10, 0x00, 0x06, 0x00, 0x00, 0x00, 0x46, 0x08, 0x10, 0x00, 0x07, 0x00, 0x00, 0x00, // ........F.......
	0x32, 0x00, 0x00, 0x0a, 0x72, 0x00, 0x10, 0x00, 0x06, 0x00, 0x00, 0x00, 0x46, 0x83, 0x20, 0x00, // 2...r.......F. .
	0x00, 0x00, 0x00, 0x00, 0x0a, 0x00, 0x00, 0x00, 0xa6, 0x0a, 0x10, 0x00, 0x06, 0x00, 0x00, 0x00, // ................
	0x46, 0x03, 0x10, 0x00, 0x06, 0x00, 0x00, 0x00, 0x00, 0x00, 0x00, 0x08, 0x72, 0x00, 0x10, 0x00, // F...........r...
	0x06, 0x00, 0x00, 0x00, 0x46, 0x02, 0x10, 0x00, 0x06, 0x00, 0x00, 0x00, 0x46, 0x83, 0x20, 0x00, // ....F.......F. .
	0x00, 0x00, 0x00, 0x00, 0x0b, 0x00, 0x00, 0x00, 0x00, 0x00, 0x00, 0x08, 0x72, 0x00, 0x10, 0x00, // ............r...
	0x05, 0x00, 0x00, 0x00, 0x46, 0x02, 0x10, 0x00, 0x05, 0x00, 0x00, 0x00, 0x46, 0x82, 0x20, 0x00, // ....F.......F. .
	0x00, 0x00, 0x00, 0x00, 0x00, 0x00, 0x00, 0x00, 0x38, 0x00, 0x00, 0x08, 0x72, 0x00, 0x10, 0x00, // ........8...r...
	0x07, 0x00, 0x00, 0x00, 0x56, 0x05, 0x10, 0x00, 0x05, 0x00, 0x00, 0x00, 0x46, 0x83, 0x20, 0x00, // ....V.......F. .
	0x00, 0x00, 0x00, 0x00, 0x09, 0x00, 0x00, 0x00, 0x32, 0x00, 0x00, 0x0a, 0xb2, 0x00, 0x10, 0x00, // ........2.......
	0x05, 0x00, 0x00, 0x00, 0x46, 0x8c, 0x20, 0x00, 0x00, 0x00, 0x00, 0x00, 0x08, 0x00, 0x00, 0x00, // ....F. .........
	0x06, 0x00, 0x10, 0x00, 0x05, 0x00, 0x00, 0x00, 0x46, 0x08, 0x10, 0x00, 0x07, 0x00, 0x00, 0x00, // ........F.......
	0x32, 0x00, 0x00, 0x0a, 0x72, 0x00, 0x10, 0x00, 0x05, 0x00, 0x00, 0x00, 0x46, 0x83, 0x20, 0x00, // 2...r.......F. .
	0x00, 0x00, 0x00, 0x00, 0x0a, 0x00, 0x00, 0x00, 0xa6, 0x0a, 0x10, 0x00, 0x05, 0x00, 0x00, 0x00, // ................
	0x46, 0x03, 0x10, 0x00, 0x05, 0x00, 0x00, 0x00, 0x00, 0x00, 0x00, 0x08, 0x72, 0x00, 0x10, 0x00, // F...........r...
	0x05, 0x00, 0x00, 0x00, 0x46, 0x02, 0x10, 0x00, 0x05, 0x00, 0x00, 0x00, 0x46, 0x83, 0x20, 0x00, // ....F.......F. .
	0x00, 0x00, 0x00, 0x00, 0x0b, 0x00, 0x00, 0x00, 0x0e, 0x00, 0x00, 0x07, 0x32, 0x00, 0x10, 0x00, // ............2...
	0x06, 0x00, 0x00, 0x00, 0x46, 0x00, 0x10, 0x00, 0x06, 0x00, 0x00, 0x00, 0xa6, 0x0a, 0x10, 0x00, // ....F...........
	0x06, 0x00, 0x00, 0x00, 0x0e, 0x00, 0x00, 0x07, 0x32, 0x00, 0x10, 0x00, 0x05, 0x00, 0x00, 0x00, // ........2.......
	0x46, 0x00, 0x10, 0x00, 0x05, 0x00, 0x00, 0x00, 0xa6, 0x0a, 0x10, 0x00, 0x05, 0x00, 0x00, 0x00, // F...............
	0x32, 0x00, 0x00, 0x0f, 0xc2, 0x00, 0x10, 0x00, 0x05, 0x00, 0x00, 0x00, 0x06, 0x04, 0x10, 0x00, // 2...............
	0x06, 0x00, 0x00, 0x00, 0x02, 0x40, 0x00, 0x00, 0x00, 0x00, 0x00, 0x00, 0x00, 0x00, 0x00, 0x00, // .....@..........
	0x00, 0x00, 0x00, 0x3f, 0x00, 0x00, 0x00, 0xbf, 0x02, 0x40, 0x00, 0x00, 0x00, 0x00, 0x00, 0x00, // ...?.....@......
	0x00, 0x00, 0x00, 0x00, 0x00, 0x00, 0x00, 0x3f, 0x00, 0x00, 0x00, 0x3f, 0x48, 0x00, 0x00, 0x8d, // .......?...?H...
	0xc2, 0x00, 0x00, 0x80, 0x43, 0x55, 0x15, 0x00, 0x72, 0x00, 0x10, 0x00, 0x06, 0x00, 0x00, 0x00, // ....CU..r.......
	0xe6, 0x0a, 0x10, 0x00, 0x05, 0x00, 0x00, 0x00, 0x46, 0x7e, 0x10, 0x00, 0x01, 0x00, 0x00, 0x00, // ........F~......
	0x00, 0x60, 0x10, 0x00, 0x01, 0x00, 0x00, 0x00, 0x01, 0x40, 0x00, 0x00, 0x00, 0x00, 0x00, 0x00, // .`.......@......
	0x32, 0x00, 0x00, 0x0f, 0x32, 0x00, 0x10, 0x00, 0x05, 0x00, 0x00, 0x00, 0x46, 0x00, 0x10, 0x00, // 2...2.......F...
	0x05, 0x00, 0x00, 0x00, 0x02, 0x40, 0x00, 0x00, 0x00, 0x00, 0x00, 0x3f, 0x00, 0x00, 0x00, 0xbf, // .....@.....?....
	0x00, 0x00, 0x00, 0x00, 0x00, 0x00, 0x00, 0x00, 0x02, 0x40, 0x00, 0x00, 0x00, 0x00, 0x00, 0x3f, // .........@.....?
	0x00, 0x00, 0x00, 0x3f, 0x00, 0x00, 0x00, 0x00, 0x00, 0x00, 0x00, 0x00, 0x48, 0x00, 0x00, 0x8d, // ...?........H...
	0xc2, 0x00, 0x00, 0x80, 0x43, 0x55, 0x15, 0x00, 0x72, 0x00, 0x10, 0x00, 0x05, 0x00, 0x00, 0x00, // ....CU..r.......
	0x46, 0x00, 0x10, 0x00, 0x05, 0x00, 0x00, 0x00, 0x46, 0x7e, 0x10, 0x00, 0x00, 0x00, 0x00, 0x00, // F.......F~......
	0x00, 0x60, 0x10, 0x00, 0x00, 0x00, 0x00, 0x00, 0x01, 0x40, 0x00, 0x00, 0x00, 0x00, 0x00, 0x00, // .`.......@......
	0x00, 0x00, 0x00, 0x08, 0x72, 0x00, 0x10, 0x00, 0x05, 0x00, 0x00, 0x00, 0x46, 0x02, 0x10, 0x80, // ....r.......F...
	0x41, 0x00, 0x00, 0x00, 0x06, 0x00, 0x00, 0x00, 0x46, 0x02, 0x10, 0x00, 0x05, 0x00, 0x00, 0x00, // A.......F.......
	0x32, 0x00, 0x00, 0x09, 0x72, 0x00, 0x10, 0x00, 0x05, 0x00, 0x00, 0x00, 0x06, 0x00, 0x10, 0x00, // 2...r...........
	0x02, 0x00, 0x00, 0x00, 0x46, 0x02, 0x10, 0x00, 0x05, 0x00, 0x00, 0x00, 0x46, 0x02, 0x10, 0x00, // ....F.......F...
	0x06, 0x00, 0x00, 0x00, 0x00, 0x00, 0x00, 0x07, 0x72, 0x00, 0x10, 0x00, 0x04, 0x00, 0x00, 0x00, // ........r.......
	0x46, 0x02, 0x10, 0x00, 0x04, 0x00, 0x00, 0x00, 0x46, 0x02, 0x10, 0x00, 0x05, 0x00, 0x00, 0x00, // F.......F.......
	0x15, 0x00, 0x00, 0x01, 0x1e, 0x00, 0x00, 0x07, 0x12, 0x00, 0x10, 0x00, 0x01, 0x00, 0x00, 0x00, // ................
	0x0a, 0x00, 0x10, 0x00, 0x01, 0x00, 0x00, 0x00, 0x01, 0x40, 0x00, 0x00, 0x01, 0x00, 0x00, 0x00, // .........@......
	0x16, 0x00, 0x00, 0x01, 0x0e, 0x00, 0x00, 0x08, 0x72, 0x20, 0x10, 0x00, 0x00, 0x00, 0x00, 0x00, // ........r ......
	0x46, 0x02, 0x10, 0x00, 0x04, 0x00, 0x00, 0x00, 0xf6, 0x8f, 0x20, 0x00, 0x00, 0x00, 0x00, 0x00, // F......... .....
	0x10, 0x00, 0x00, 0x00, 0x36, 0x00, 0x00, 0x05, 0x82, 0x20, 0x10, 0x00, 0x00, 0x00, 0x00, 0x00, // ....6.... ......
	0x01, 0x40, 0x00, 0x00, 0x00, 0x00, 0x80, 0x3f, 0x3e, 0x00, 0x00, 0x01, 0x00, 0x00, 0x10, 0x01, // .@.....?>.......
};
static const uint8_t fs_pp_motionblur_dxil[4352] =
{
	0x46, 0x53, 0x48, 0x0c, 0x6f, 0x1e, 0x3e, 0x3c, 0x00, 0x00, 0x00, 0x00, 0x00, 0x00, 0x00, 0x00, // FSH.o.><........
	0x00, 0x00, 0x00, 0x00, 0x07, 0x00, 0x05, 0x62, 0x61, 0x6c, 0x6c, 0x73, 0x12, 0x08, 0x00, 0x00, // .......balls....
	0x08, 0x00, 0x00, 0x00, 0x00, 0x00, 0x07, 0x6d, 0x61, 0x74, 0x50, 0x72, 0x6f, 0x6a, 0x14, 0x00, // .......matProj..
	0x80, 0x00, 0x04, 0x00, 0x00, 0x00, 0x00, 0x00, 0x0a, 0x6d, 0x61, 0x74, 0x50, 0x72, 0x6f, 0x6a, // .........matProj
	0x49, 0x6e, 0x76, 0x14, 0x00, 0xc0, 0x00, 0x04, 0x00, 0x00, 0x00, 0x00, 0x00, 0x0a, 0x77, 0x5f, // Inv...........w_
	0x68, 0x5f, 0x68, 0x65, 0x69, 0x67, 0x68, 0x74, 0x12, 0x00, 0x00, 0x01, 0x01, 0x00, 0x00, 0x00, // h_height........
	0x00, 0x00, 0x0f, 0x74, 0x65, 0x78, 0x5f, 0x66, 0x62, 0x5f, 0x66, 0x69, 0x6c, 0x74, 0x65, 0x72, // ...tex_fb_filter
	0x65, 0x64, 0x30, 0x01, 0x00, 0x00, 0x01, 0x00, 0x00, 0x02, 0x00, 0x00, 0x09, 0x74, 0x65, 0x78, // ed0..........tex
	0x5f, 0x62, 0x6c, 0x6f, 0x6f, 0x6d, 0x30, 0x01, 0x01, 0x00, 0x01, 0x00, 0x00, 0x02, 0x00, 0x00, // _bloom0.........
	0x09, 0x74, 0x65, 0x78, 0x5f, 0x64, 0x65, 0x70, 0x74, 0x68, 0x30, 0x01, 0x04, 0x00, 0x01, 0x00, // .tex_depth0.....
	0x00, 0x02, 0x00, 0x00, 0x54, 0x10, 0x00, 0x00, 0x44, 0x58, 0x42, 0x43, 0xda, 0x86, 0x9a, 0x94, // ....T...DXBC....
	0xbd, 0xd4, 0xa8, 0x17, 0xcb, 0xff, 0x43, 0x52, 0x03, 0xd4, 0x1d, 0xe4, 0x01, 0x00, 0x00, 0x00, // ......CR........
	0x54, 0x10, 0x00, 0x00, 0x07, 0x00, 0x00, 0x00, 0x3c, 0x00, 0x00, 0x00, 0x4c, 0x00, 0x00, 0x00, // T.......<...L...
	0xb4, 0x00, 0x00, 0x00, 0xf0, 0x00, 0x00, 0x00, 0x54, 0x02, 0x00, 0x00, 0x88, 0x02, 0x00, 0x00, // ........T.......
	0xa4, 0x02, 0x00, 0x00, 0x53, 0x46, 0x49, 0x30, 0x08, 0x00, 0x00, 0x00, 0x00, 0x00, 0x00, 0x00, // ....SFI0........
	0x00, 0x00, 0x00, 0x00, 0x49, 0x53, 0x47, 0x31, 0x60, 0x00, 0x00, 0x00, 0x02, 0x00, 0x00, 0x00, // ....ISG1`.......
	0x08, 0x00, 0x00, 0x00, 0x00, 0x00, 0x00, 0x00, 0x48, 0x00, 0x00, 0x00, 0x00, 0x00, 0x00, 0x00, // ........H.......
	0x01, 0x00, 0x00, 0x00, 0x03, 0x00, 0x00, 0x00, 0x00, 0x00, 0x00, 0x00, 0x0f, 0x00, 0x00, 0x00, // ................
	0x00, 0x00, 0x00, 0x00, 0x00, 0x00, 0x00, 0x00, 0x54, 0x00, 0x00, 0x00, 0x00, 0x00, 0x00, 0x00, // ........T.......
	0x00, 0x00, 0x00, 0x00, 0x03, 0x00, 0x00, 0x00, 0x01, 0x00, 0x00, 0x00, 0x03, 0x03, 0x00, 0x00, // ................
	0x00, 0x00, 0x00, 0x00, 0x53, 0x56, 0x5f, 0x50, 0x6f, 0x73, 0x69, 0x74, 0x69, 0x6f, 0x6e, 0x00, // ....SV_Position.
	0x54, 0x45, 0x58, 0x43, 0x4f, 0x4f, 0x52, 0x44, 0x00, 0x00, 0x00, 0x00, 0x4f, 0x53, 0x47, 0x31, // TEXCOORD....OSG1
	0x34, 0x00, 0x00, 0x00, 0x01, 0x00, 0x00, 0x00, 0x08, 0x00, 0x00, 0x00, 0x00, 0x00, 0x00, 0x00, // 4...............
	0x28, 0x00, 0x00, 0x00, 0x00, 0x00, 0x00, 0x00, 0x40, 0x00, 0x00, 0x00, 0x03, 0x00, 0x00, 0x00, // (.......@.......
	0x00, 0x00, 0x00, 0x00, 0x0f, 0x00, 0x00, 0x00, 0x00, 0x00, 0x00, 0x00, 0x53, 0x56, 0x5f, 0x54, // ............SV_T
	0x61, 0x72, 0x67, 0x65, 0x74, 0x00, 0x00, 0x00, 0x50, 0x53, 0x56, 0x30, 0x5c, 0x01, 0x00, 0x00, // arget...PSV0....
	0x38, 0x00, 0x00, 0x00, 0x00, 0x00, 0x00, 0x00, 0x00, 0x00, 0x00, 0x00, 0x00, 0x00, 0x00, 0x00, // 8...............
	0x00, 0x00, 0x00, 0x00, 0x00, 0x00, 0x00, 0x00, 0xff, 0xff, 0xff, 0xff, 0x00, 0x00, 0x00, 0x00, // ................
	0x02, 0x01, 0x00, 0x02, 0x01, 0x00, 0x00, 0x00, 0x00, 0x00, 0x00, 0x00, 0x00, 0x00, 0x00, 0x00, // ................
	0x00, 0x00, 0x00, 0x00, 0x0a, 0x00, 0x00, 0x00, 0x00, 0x00, 0x00, 0x00, 0x07, 0x00, 0x00, 0x00, // ................
	0x18, 0x00, 0x00, 0x00, 0x02, 0x00, 0x00, 0x00, 0x00, 0x00, 0x00, 0x00, 0x00, 0x00, 0x00, 0x00, // ................
	0x00, 0x00, 0x00, 0x00, 0x0d, 0x00, 0x00, 0x00, 0x00, 0x00, 0x00, 0x00, 0x01, 0x00, 0x00, 0x00, // ................
	0x00, 0x00, 0x00, 0x00, 0x00, 0x00, 0x00, 0x00, 0x00, 0x00, 0x00, 0x00, 0x0e, 0x00, 0x00, 0x00, // ................
	0x00, 0x00, 0x00, 0x00, 0x01, 0x00, 0x00, 0x00, 0x00, 0x00, 0x00, 0x00, 0x01, 0x00, 0x00, 0x00, // ................
	0x01, 0x00, 0x00, 0x00, 0x0e, 0x00, 0x00, 0x00, 0x00, 0x00, 0x00, 0x00, 0x01, 0x00, 0x00, 0x00, // ................
	0x00, 0x00, 0x00, 0x00, 0x04, 0x00, 0x00, 0x00, 0x04, 0x00, 0x00, 0x00, 0x0e, 0x00, 0x00, 0x00, // ................
	0x00, 0x00, 0x00, 0x00, 0x03, 0x00, 0x00, 0x00, 0x00, 0x00, 0x00, 0x00, 0x00, 0x00, 0x00, 0x00, // ................
	0x00, 0x00, 0x00, 0x00, 0x02, 0x00, 0x00, 0x00, 0x00, 0x00, 0x00, 0x00, 0x03, 0x00, 0x00, 0x00, // ................
	0x00, 0x00, 0x00, 0x00, 0x01, 0x00, 0x00, 0x00, 0x01, 0x00, 0x00, 0x00, 0x02, 0x00, 0x00, 0x00, // ................
	0x00, 0x00, 0x00, 0x00, 0x03, 0x00, 0x00, 0x00, 0x00, 0x00, 0x00, 0x00, 0x04, 0x00, 0x00, 0x00, // ................
	0x04, 0x00, 0x00, 0x00, 0x02, 0x00, 0x00, 0x00, 0x00, 0x00, 0x00, 0x00, 0x10, 0x00, 0x00, 0x00, // ................
	0x00, 0x54, 0x45, 0x58, 0x43, 0x4f, 0x4f, 0x52, 0x44, 0x00, 0x6d, 0x61, 0x69, 0x6e, 0x00, 0x00, // .TEXCOORD.main..
	0x01, 0x00, 0x00, 0x00, 0x00, 0x00, 0x00, 0x00, 0x10, 0x00, 0x00, 0x00, 0x00, 0x00, 0x00, 0x00, // ................
	0x00, 0x00, 0x00, 0x00, 0x01, 0x00, 0x44, 0x03, 0x03, 0x04, 0x00, 0x00, 0x01, 0x00, 0x00, 0x00, // ......D.........
	0x00, 0x00, 0x00, 0x00, 0x01, 0x01, 0x42, 0x00, 0x03, 0x02, 0x00, 0x00, 0x00, 0x00, 0x00, 0x00, // ......B.........
	0x00, 0x00, 0x00, 0x00, 0x01, 0x00, 0x44, 0x10, 0x03, 0x00, 0x00, 0x00, 0x00, 0x00, 0x00, 0x00, // ......D.........
	0x00, 0x00, 0x00, 0x00, 0x00, 0x00, 0x00, 0x00, 0x00, 0x00, 0x00, 0x00, 0x0f, 0x00, 0x00, 0x00, // ................
	0x0f, 0x00, 0x00, 0x00, 0x00, 0x00, 0x00, 0x00, 0x00, 0x00, 0x00, 0x00, 0x49, 0x4c, 0x44, 0x4e, // ............ILDN
	0x2c, 0x00, 0x00, 0x00, 0x00, 0x00, 0x24, 0x00, 0x62, 0x65, 0x33, 0x34, 0x31, 0x63, 0x38, 0x66, // ,.....$.be341c8f
	0x33, 0x33, 0x61, 0x62, 0x63, 0x66, 0x65, 0x64, 0x64, 0x32, 0x39, 0x36, 0x65, 0x32, 0x38, 0x35, // 33abcfedd296e285
	0x39, 0x64, 0x63, 0x34, 0x63, 0x31, 0x34, 0x64, 0x2e, 0x70, 0x64, 0x62, 0x00, 0x00, 0x00, 0x00, // 9dc4c14d.pdb....
	0x48, 0x41, 0x53, 0x48, 0x14, 0x00, 0x00, 0x00, 0x00, 0x00, 0x00, 0x00, 0xbe, 0x34, 0x1c, 0x8f, // HASH.........4..
	0x33, 0xab, 0xcf, 0xed, 0xd2, 0x96, 0xe2, 0x85, 0x9d, 0xc4, 0xc1, 0x4d, 0x44, 0x58, 0x49, 0x4c, // 3..........MDXIL
	0xa8, 0x0d, 0x00, 0x00, 0x60, 0x00, 0x00, 0x00, 0x6a, 0x03, 0x00, 0x00, 0x44, 0x58, 0x49, 0x4c, // ....`...j...DXIL
	0x00, 0x01, 0x00, 0x00, 0x10, 0x00, 0x00, 0x00, 0x90, 0x0d, 0x00, 0x00, 0x42, 0x43, 0xc0, 0xde, // ............BC..
	0x21, 0x0c, 0x00, 0x00, 0x61, 0x03, 0x00, 0x00, 0x0b, 0x82, 0x20, 0x00, 0x02, 0x00, 0x00, 0x00, // !...a..... .....
	0x13, 0x00, 0x00, 0x00, 0x07, 0x81, 0x23, 0x91, 0x41, 0xc8, 0x04, 0x49, 0x06, 0x10, 0x32, 0x39, // ......#.A..I..29
	0x92, 0x01, 0x84, 0x0c, 0x25, 0x05, 0x08, 0x19, 0x1e, 0x04, 0x8b, 0x62, 0x80, 0x18, 0x45, 0x02, // ....%......b..E.
	0x42, 0x92, 0x0b, 0x42, 0xc4, 0x10, 0x32, 0x14, 0x38, 0x08, 0x18, 0x4b, 0x0a, 0x32, 0x62, 0x88, // B..B..2.8..K.2b.
	0x48, 0x90, 0x14, 0x20, 0x43, 0x46, 0x88, 0xa5, 0x00, 0x19, 0x32, 0x42, 0xe4, 0x48, 0x0e, 0x90, // H.. CF....2B.H..
	0x11, 0x23, 0xc4, 0x50, 0x41, 0x51, 0x81, 0x8c, 0xe1, 0x83, 0xe5, 0x8a, 0x04, 0x31, 0x46, 0x06, // .#.PAQ.......1F.
	0x51, 0x18, 0x00, 0x00, 0x08, 0x00, 0x00, 0x00, 0x1b, 0x8c, 0xe0, 0xff, 0xff, 0xff, 0xff, 0x07, // Q...............
	0x40, 0x02, 0xa8, 0x0d, 0x84, 0xf0, 0xff, 0xff, 0xff, 0xff, 0x03, 0x20, 0x6d, 0x30, 0x86, 0xff, // @.......... m0..
	0xff, 0xff, 0xff, 0x1f, 0x00, 0x09, 0xa8, 0x00, 0x49, 0x18, 0x00, 0x00, 0x03, 0x00, 0x00, 0x00, // ........I.......
	0x13, 0x82, 0x60, 0x42, 0x20, 0x4c, 0x08, 0x06, 0x00, 0x00, 0x00, 0x00, 0x89, 0x20, 0x00, 0x00, // ..`B L....... ..
	0x5b, 0x00, 0x00, 0x00, 0x32, 0x22, 0x88, 0x09, 0x20, 0x64, 0x85, 0x04, 0x13, 0x23, 0xa4, 0x84, // [...2".. d...#..
	0x04, 0x13, 0x23, 0xe3, 0x84, 0xa1, 0x90, 0x14, 0x12, 0x4c, 0x8c, 0x8c, 0x0b, 0x84, 0xc4, 0x4c, // ..#......L.....L
	0x10, 0xa0, 0xc1, 0x08, 0x40, 0x09, 0x00, 0x0a, 0x66, 0x00, 0xe6, 0x08, 0xc0, 0x60, 0x8e, 0x00, // ....@...f....`..
	0x29, 0xc6, 0x40, 0x10, 0x44, 0x41, 0x90, 0x51, 0x0c, 0x80, 0x20, 0x88, 0x62, 0x20, 0xa4, 0x20, // ).@.DA.Q.. .b . 
	0x03, 0x31, 0x0c, 0xc3, 0x30, 0x0c, 0xa4, 0x94, 0x61, 0x20, 0x06, 0x62, 0x6e, 0x1a, 0x2e, 0x7f, // .1..0...a .bn...
	0xc2, 0x1e, 0x42, 0xf2, 0x57, 0x42, 0x5a, 0x89, 0xc9, 0x2f, 0x6e, 0x1b, 0x15, 0xc3, 0x30, 0x0c, // ..B.WBZ../n...0.
	0x04, 0x15, 0xf7, 0x0c, 0x97, 0x3f, 0x61, 0x0f, 0x21, 0xf9, 0x21, 0xd0, 0x0c, 0x0b, 0x81, 0x82, // .....?a.!.!.....
	0xa7, 0x30, 0x0e, 0x01, 0x41, 0xc3, 0x30, 0x0c, 0x04, 0x41, 0x0c, 0x14, 0x1d, 0x35, 0x5c, 0xfe, // .0..A.0..A...5..
	0x84, 0x3d, 0x84, 0xe4, 0x73, 0x1b, 0x55, 0xac, 0xc4, 0xe4, 0x17, 0xb7, 0x8d, 0x88, 0x61, 0x18, // .=..s.U.......a.
	0x86, 0x42, 0x4c, 0x04, 0x44, 0x10, 0x55, 0x8a, 0x81, 0x18, 0x86, 0x81, 0xac, 0x39, 0x82, 0xa0, // .BL.D.U......9..
	0x18, 0x10, 0x51, 0x10, 0x04, 0x46, 0xd9, 0x40, 0xc0, 0x30, 0x02, 0x31, 0xcc, 0xd4, 0x06, 0xe3, // ..Q..F.@.0.1....
	0xc0, 0x0e, 0xe1, 0x30, 0x0f, 0xf3, 0xe0, 0x06, 0xb4, 0x50, 0x0e, 0xf8, 0x40, 0x0f, 0xf5, 0x20, // ...0.....P..@.. 
	0x0f, 0xe5, 0x20, 0x07, 0xa4, 0xc0, 0x07, 0xf6, 0x50, 0x0e, 0xe3, 0x40, 0x0f, 0xef, 0x20, 0x0f, // .. .....P..@.. .
	0x7c, 0x60, 0x0e, 0xec, 0xf0, 0x0e, 0xe1, 0x40, 0x0f, 0x6c, 0x00, 0x06, 0x74, 0xe0, 0x07, 0x60, // |`.....@.l..t..`
	0xe0, 0x07, 0x7a, 0xa0, 0x07, 0xed, 0x90, 0x0e, 0xf0, 0x30, 0x0f, 0xbf, 0x40, 0x0f, 0xf9, 0x00, // ..z......0..@...
	0x0f, 0xe5, 0x80, 0x02, 0x62, 0x26, 0x31, 0x18, 0x07, 0x76, 0x08, 0x87, 0x79, 0x98, 0x07, 0x37, // ....b&1..v..y..7
	0xa0, 0x85, 0x72, 0xc0, 0x07, 0x7a, 0xa8, 0x07, 0x79, 0x28, 0x07, 0x39, 0x20, 0x05, 0x3e, 0xb0, // ..r..z..y(.9 .>.
	0x87, 0x72, 0x18, 0x07, 0x7a, 0x78, 0x07, 0x79, 0xe0, 0x03, 0x73, 0x60, 0x87, 0x77, 0x08, 0x07, // .r..zx.y..s`.w..
	0x7a, 0x60, 0x03, 0x30, 0xa0, 0x03, 0x3f, 0x00, 0x03, 0x3f, 0x40, 0x02, 0xd7, 0x91, 0x97, 0x08, // z`.0..?..?@.....
	0x5c, 0x12, 0x70, 0x33, 0x4d, 0xe8, 0xf0, 0x0e, 0xf3, 0x40, 0x0f, 0xec, 0x10, 0x0e, 0xf9, 0xf0, // ..p3M....@......
	0x0e, 0xf5, 0x40, 0x0f, 0x6e, 0x40, 0x06, 0xa7, 0xc0, 0x0e, 0xef, 0x20, 0x0e, 0xe1, 0xc0, 0x0e, // ..@.n@..... ....
	0xf3, 0x80, 0x08, 0x30, 0x0c, 0x39, 0x12, 0x6f, 0x92, 0xa6, 0x88, 0x12, 0x26, 0x9f, 0x05, 0x98, // ...0.9.o....&...
	0x67, 0x21, 0x22, 0x76, 0x02, 0x26, 0x02, 0x05, 0x04, 0x91, 0x89, 0x40, 0x4c, 0x01, 0x00, 0x00, // g!"v.&.....@L...
	0x13, 0x14, 0x72, 0xc0, 0x87, 0x74, 0x60, 0x87, 0x36, 0x68, 0x87, 0x79, 0x68, 0x03, 0x72, 0xc0, // ..r..t`.6h.yh.r.
	0x87, 0x0d, 0xaf, 0x50, 0x0e, 0x6d, 0xd0, 0x0e, 0x7a, 0x50, 0x0e, 0x6d, 0x00, 0x0f, 0x7a, 0x30, // ...P.m..zP.m..z0
	0x07, 0x72, 0xa0, 0x07, 0x73, 0x20, 0x07, 0x6d, 0x90, 0x0e, 0x71, 0xa0, 0x07, 0x73, 0x20, 0x07, // .r..s .m..q..s .
	0x6d, 0x90, 0x0e, 0x78, 0xa0, 0x07, 0x73, 0x20, 0x07, 0x6d, 0x90, 0x0e, 0x71, 0x60, 0x07, 0x7a, // m..x..s .m..q`.z
	0x30, 0x07, 0x72, 0xd0, 0x06, 0xe9, 0x30, 0x07, 0x72, 0xa0, 0x07, 0x73, 0x20, 0x07, 0x6d, 0x90, // 0.r...0.r..s .m.
	0x0e, 0x76, 0x40, 0x07, 0x7a, 0x60, 0x07, 0x74, 0xd0, 0x06, 0xe6, 0x10, 0x07, 0x76, 0xa0, 0x07, // .v@.z`.t.....v..
	0x73, 0x20, 0x07, 0x6d, 0x60, 0x0e, 0x73, 0x20, 0x07, 0x7a, 0x30, 0x07, 0x72, 0xd0, 0x06, 0xe6, // s .m`.s .z0.r...
	0x60, 0x07, 0x74, 0xa0, 0x07, 0x76, 0x40, 0x07, 0x6d, 0xe0, 0x0e, 0x78, 0xa0, 0x07, 0x71, 0x60, // `.t..v@.m..x..q`
	0x07, 0x7a, 0x30, 0x07, 0x72, 0xa0, 0x07, 0x76, 0x40, 0x07, 0x43, 0x9e, 0x00, 0x00, 0x00, 0x00, // .z0.r..v@.C.....
	0x00, 0x00, 0x00, 0x00, 0x00, 0x00, 0x00, 0x86, 0x3c, 0x06, 0x10, 0x00, 0x01, 0x00, 0x00, 0x00, // ........<.......
	0x00, 0x00, 0x00, 0x00, 0x0c, 0x79, 0x10, 0x20, 0x00, 0x04, 0x00, 0x00, 0x00, 0x00, 0x00, 0x00, // .....y. ........
	0x00, 0x18, 0xf2, 0x28, 0x40, 0x00, 0x04, 0x00, 0x00, 0x00, 0x00, 0x00, 0x00, 0x00, 0x30, 0xe4, // ...(@.........0.
	0x61, 0x80, 0x00, 0x08, 0x00, 0x00, 0x00, 0x00, 0x00, 0x00, 0x00, 0x60, 0xc8, 0x13, 0x01, 0x01, // a..........`....
	0x30, 0x00, 0x00, 0x00, 0x00, 0x00, 0x00, 0x00, 0xc0, 0x90, 0x87, 0x02, 0x02, 0x60, 0x00, 0x00, // 0............`..
	0x00, 0x00, 0x00, 0x00, 0x00, 0x80, 0x21, 0x8f, 0x05, 0x04, 0x40, 0x00, 0x00, 0x00, 0x00, 0x00, // ......!...@.....
	0x00, 0x00, 0x00, 0x43, 0x9e, 0x0c, 0x08, 0x80, 0x01, 0x00, 0x00, 0x00, 0x00, 0x00, 0x00, 0x00, // ...C............
	0xb2, 0x40, 0x00, 0x00, 0x10, 0x00, 0x00, 0x00, 0x32, 0x1e, 0x98, 0x14, 0x19, 0x11, 0x4c, 0x90, // .@......2.....L.
	0x8c, 0x09, 0x26, 0x47, 0xc6, 0x04, 0x43, 0x22, 0x4a, 0x60, 0x04, 0xa0, 0x28, 0x8a, 0xa1, 0x08, // ..&G..C"J`..(...
	0x4a, 0xa2, 0x10, 0x0a, 0x94, 0xa0, 0x0c, 0xca, 0x83, 0x8a, 0x92, 0x28, 0x83, 0x42, 0x18, 0x01, // J..........(.B..
	0x28, 0x82, 0x02, 0xa1, 0x6f, 0x06, 0x80, 0xc6, 0x19, 0x00, 0x2a, 0x67, 0x00, 0xc8, 0x1c, 0x0b, // (...o.....*g....
	0x31, 0x08, 0x00, 0x00, 0x80, 0xe7, 0x01, 0x00, 0x79, 0x18, 0x00, 0x00, 0x6e, 0x00, 0x00, 0x00, // 1.......y...n...
	0x1a, 0x03, 0x4c, 0x90, 0x46, 0x02, 0x13, 0xc4, 0x8f, 0x0c, 0x6f, 0xec, 0xed, 0x4d, 0x0c, 0x24, // ..L.F.....o..M.$
	0xc6, 0x25, 0x06, 0xc6, 0x45, 0xc6, 0x06, 0xa6, 0xc6, 0x65, 0xe6, 0x06, 0x04, 0x65, 0x8c, 0x86, // .%..E....e...e..
	0x0c, 0xc7, 0x8c, 0xc6, 0x2c, 0x27, 0x27, 0x65, 0x43, 0x10, 0x4c, 0x10, 0x88, 0x64, 0x82, 0x40, // ....,''eC.L..d.@
	0x28, 0x1b, 0x84, 0x81, 0x98, 0x20, 0x10, 0xcb, 0x06, 0x61, 0x30, 0x28, 0xc0, 0xcd, 0x4d, 0x10, // (.... ...a0(..M.
	0x08, 0x66, 0xc3, 0x80, 0x24, 0xc4, 0x04, 0xe1, 0xcb, 0x08, 0x4c, 0x10, 0x88, 0x66, 0x82, 0x40, // .f..$.....L..f.@
	0x38, 0x1b, 0x04, 0xc2, 0xd9, 0x90, 0x10, 0x0b, 0x43, 0x10, 0x43, 0x43, 0x3c, 0x1b, 0x92, 0x61, // 8.......C.CC<..a
	0x61, 0x88, 0x61, 0x68, 0x88, 0x67, 0x82, 0x40, 0x3c, 0x1b, 0x92, 0x66, 0x61, 0x08, 0x69, 0x68, // a.ah.g.@<..fa.ih
	0x88, 0x67, 0xc3, 0x00, 0x45, 0xd3, 0x04, 0x61, 0x0c, 0xb4, 0x09, 0x02, 0x01, 0x6d, 0x40, 0x88, // .g..E..a.....m@.
	0x8a, 0x21, 0x88, 0xc1, 0x02, 0x36, 0x04, 0xd7, 0x04, 0xa1, 0x0c, 0xb6, 0x0d, 0x08, 0x91, 0x31, // .!...6.........1
	0x04, 0x31, 0x10, 0xc0, 0x06, 0x64, 0xc8, 0x18, 0x62, 0x18, 0x08, 0x60, 0x03, 0xd2, 0x64, 0x0c, // .1...d..b..`..d.
	0x21, 0x0d, 0x04, 0xb0, 0x61, 0xd0, 0x36, 0x6e, 0x03, 0x41, 0x01, 0x58, 0x37, 0x41, 0x30, 0x03, // !...a.6n.A.X7A0.
	0x6e, 0x43, 0xf0, 0x4d, 0x10, 0x04, 0x80, 0x44, 0x5b, 0x58, 0x9a, 0x1b, 0x97, 0x29, 0xab, 0x2f, // nC.M...D[X...)./
	0xa8, 0xb7, 0xb9, 0x34, 0xba, 0xb4, 0x37, 0xb7, 0x09, 0x42, 0x31, 0x4d, 0x10, 0x0a, 0x6a, 0x43, // ...4..7..B1M..jC
	0x40, 0x4c, 0x10, 0x8a, 0x6a, 0x82, 0x50, 0x58, 0x1b, 0x16, 0x62, 0x0c, 0xc8, 0xa0, 0x0c, 0xcc, // @L..j.PX..b.....
	0xe0, 0x0c, 0x86, 0x33, 0x20, 0xd0, 0x00, 0x20, 0x42, 0x55, 0x84, 0x35, 0xf4, 0xf4, 0x24, 0x45, // ...3 .. BU.5..$E
	0x34, 0x41, 0x28, 0xae, 0x09, 0x02, 0x11, 0x6d, 0x10, 0xd8, 0x80, 0x0d, 0x36, 0x2c, 0x83, 0x1a, // 4A(....m....6,..
	0x90, 0x01, 0x1a, 0x98, 0xc1, 0x1a, 0x0c, 0x6b, 0x30, 0xa0, 0x41, 0x1b, 0x6c, 0x10, 0xd2, 0xc0, // .......k0.A.l...
	0x0d, 0x98, 0x4c, 0x59, 0x7d, 0x51, 0x85, 0xc9, 0x9d, 0x95, 0xd1, 0x4d, 0x10, 0x0a, 0x6c, 0x82, // ..LY}Q.....M..l.
	0x40, 0x48, 0x1b, 0x04, 0x36, 0x90, 0x83, 0x0d, 0x0b, 0x01, 0x07, 0x64, 0x10, 0x07, 0x66, 0x80, // @H..6......d..f.
	0x06, 0xc3, 0x19, 0x10, 0x68, 0x30, 0x07, 0x1b, 0x02, 0x3a, 0xd8, 0x30, 0xbc, 0x41, 0x1d, 0x00, // ....h0...:.0.A..
	0x1b, 0x8a, 0x30, 0x10, 0x03, 0x3b, 0xf0, 0x80, 0x2a, 0x6c, 0x6c, 0x76, 0x6d, 0x2e, 0x69, 0x64, // ..0..;..*llvm.id
	0x65, 0x6e, 0x74, 0x53, 0x82, 0xa0, 0x0a, 0x19, 0x9e, 0x8b, 0x5d, 0x99, 0xdc, 0x5c, 0xda, 0x9b, // entS......].....
	0xdb, 0x94, 0x80, 0x68, 0x42, 0x86, 0xe7, 0x62, 0x17, 0xc6, 0x66, 0x57, 0x26, 0x37, 0x25, 0x30, // ...hB..b..fW&7%0
	0xea, 0x90, 0xe1, 0xb9, 0xcc, 0xa1, 0x85, 0x91, 0x95, 0xc9, 0x35, 0xbd, 0x91, 0x95, 0xb1, 0x4d, // ..........5....M
	0x09, 0x92, 0x32, 0x64, 0x78, 0x2e, 0x72, 0x65, 0x73, 0x6f, 0x75, 0x72, 0x63, 0x65, 0x73, 0x53, // ..2dx.resourcesS
	0x82, 0xae, 0x0e, 0x19, 0x9e, 0x8b, 0x5d, 0x5a, 0xd9, 0x5d, 0x12, 0xd9, 0x14, 0x5d, 0x18, 0x5d, // ......]Z.]...].]
	0xd9, 0x94, 0xe0, 0xab, 0x43, 0x86, 0xe7, 0x52, 0xe6, 0x46, 0x27, 0x97, 0x07, 0xf5, 0x96, 0xe6, // ....C..R.F'.....
	0x46, 0x37, 0x37, 0x25, 0xb0, 0x03, 0x00, 0x00, 0x79, 0x18, 0x00, 0x00, 0x51, 0x00, 0x00, 0x00, // F77%....y...Q...
	0x33, 0x08, 0x80, 0x1c, 0xc4, 0xe1, 0x1c, 0x66, 0x14, 0x01, 0x3d, 0x88, 0x43, 0x38, 0x84, 0xc3, // 3......f..=.C8..
	0x8c, 0x42, 0x80, 0x07, 0x79, 0x78, 0x07, 0x73, 0x98, 0x71, 0x0c, 0xe6, 0x00, 0x0f, 0xed, 0x10, // .B..yx.s.q......
	0x0e, 0xf4, 0x80, 0x0e, 0x33, 0x0c, 0x42, 0x1e, 0xc2, 0xc1, 0x1d, 0xce, 0xa1, 0x1c, 0x66, 0x30, // ....3.B.......f0
	0x05, 0x3d, 0x88, 0x43, 0x38, 0x84, 0x83, 0x1b, 0xcc, 0x03, 0x3d, 0xc8, 0x43, 0x3d, 0x8c, 0x03, // .=.C8.....=.C=..
	0x3d, 0xcc, 0x78, 0x8c, 0x74, 0x70, 0x07, 0x7b, 0x08, 0x07, 0x79, 0x48, 0x87, 0x70, 0x70, 0x07, // =.x.tp.{..yH.pp.
	0x7a, 0x70, 0x03, 0x76, 0x78, 0x87, 0x70, 0x20, 0x87, 0x19, 0xcc, 0x11, 0x0e, 0xec, 0x90, 0x0e, // zp.vx.p ........
	0xe1, 0x30, 0x0f, 0x6e, 0x30, 0x0f, 0xe3, 0xf0, 0x0e, 0xf0, 0x50, 0x0e, 0x33, 0x10, 0xc4, 0x1d, // .0.n0.....P.3...
	0xde, 0x21, 0x1c, 0xd8, 0x21, 0x1d, 0xc2, 0x61, 0x1e, 0x66, 0x30, 0x89, 0x3b, 0xbc, 0x83, 0x3b, // .!..!..a.f0.;..;
	0xd0, 0x43, 0x39, 0xb4, 0x03, 0x3c, 0xbc, 0x83, 0x3c, 0x84, 0x03, 0x3b, 0xcc, 0xf0, 0x14, 0x76, // .C9..<..<..;...v
	0x60, 0x07, 0x7b, 0x68, 0x07, 0x37, 0x68, 0x87, 0x72, 0x68, 0x07, 0x37, 0x80, 0x87, 0x70, 0x90, // `.{h.7h.rh.7..p.
	0x87, 0x70, 0x60, 0x07, 0x76, 0x28, 0x07, 0x76, 0xf8, 0x05, 0x76, 0x78, 0x87, 0x77, 0x80, 0x87, // .p`.v(.v..vx.w..
	0x5f, 0x08, 0x87, 0x71, 0x18, 0x87, 0x72, 0x98, 0x87, 0x79, 0x98, 0x81, 0x2c, 0xee, 0xf0, 0x0e, // _..q..r..y..,...
	0xee, 0xe0, 0x0e, 0xf5, 0xc0, 0x0e, 0xec, 0x30, 0x03, 0x62, 0xc8, 0xa1, 0x1c, 0xe4, 0xa1, 0x1c, // .......0.b......
	0xcc, 0xa1, 0x1c, 0xe4, 0xa1, 0x1c, 0xdc, 0x61, 0x1c, 0xca, 0x21, 0x1c, 0xc4, 0x81, 0x1d, 0xca, // .......a..!.....
	0x61, 0x06, 0xd6, 0x90, 0x43, 0x39, 0xc8, 0x43, 0x39, 0x98, 0x43, 0x39, 0xc8, 0x43, 0x39, 0xb8, // a...C9.C9.C9.C9.
	0xc3, 0x38, 0x94, 0x43, 0x38, 0x88, 0x03, 0x3b, 0x94, 0xc3, 0x2f, 0xbc, 0x83, 0x3c, 0xfc, 0x82, // .8.C8..;../..<..
	0x3b, 0xd4, 0x03, 0x3b, 0xb0, 0xc3, 0x0c, 0xc4, 0x21, 0x07, 0x7c, 0x70, 0x03, 0x7a, 0x28, 0x87, // ;..;....!.|p.z(.
	0x76, 0x80, 0x87, 0x19, 0xd1, 0x43, 0x0e, 0xf8, 0xe0, 0x06, 0xe4, 0x20, 0x0e, 0xe7, 0xe0, 0x06, // v....C..... ....
	0xf6, 0x10, 0x0e, 0xf2, 0xc0, 0x0e, 0xe1, 0x90, 0x0f, 0xef, 0x50, 0x0f, 0xf4, 0x30, 0x83, 0x81, // ..........P..0..
	0xc8, 0x01, 0x1f, 0xdc, 0x40, 0x1c, 0xe4, 0xa1, 0x1c, 0xc2, 0x61, 0x1d, 0xdc, 0x40, 0x1c, 0xe4, // ....@.....a..@..
	0x01, 0x00, 0x00, 0x00, 0x71, 0x20, 0x00, 0x00, 0x23, 0x00, 0x00, 0x00, 0x66, 0xb0, 0x0d, 0x97, // ....q ..#...f...
	0xef, 0x3c, 0xbe, 0x10, 0x50, 0x45, 0x41, 0x44, 0xa5, 0x03, 0x0c, 0x25, 0x61, 0x00, 0x02, 0xe6, // .<..PEAD...%a...
	0x17, 0xb7, 0x6d, 0x08, 0xd2, 0x70, 0xf9, 0xce, 0xe3, 0x0b, 0x11, 0x01, 0x4c, 0x44, 0x08, 0x34, // ..m..p......LD.4
	0xc3, 0x42, 0xd8, 0x80, 0x33, 0x5c, 0xbe, 0xf3, 0xf8, 0x83, 0x33, 0xdd, 0x7e, 0x71, 0xdb, 0x16, // .B..3.....3.~q..
	0x30, 0x0d, 0x97, 0xef, 0x3c, 0xfe, 0xe2, 0x00, 0x83, 0xd8, 0x3c, 0xd4, 0xe4, 0x17, 0xb7, 0x6d, // 0...<.....<....m
	0x05, 0xd5, 0x70, 0xf9, 0xce, 0xe3, 0x4b, 0x00, 0xf3, 0x2c, 0x44, 0x49, 0x54, 0xc4, 0xe2, 0x17, // ..p...K..,DIT...
	0xb7, 0x6d, 0x02, 0xd5, 0x70, 0xf9, 0xce, 0xe3, 0x4b, 0x93, 0x13, 0x11, 0x28, 0x35, 0x3d, 0xd4, // .m..p...K...(5=.
	0xe4, 0x17, 0xb7, 0x6d, 0x07, 0xd2, 0x70, 0xf9, 0xce, 0xe3, 0x4f, 0x44, 0x34, 0x21, 0x40, 0x84, // ...m..p...OD4!@.
	0xf9, 0xc5, 0x6d, 0x1b, 0xc1, 0x33, 0x5c, 0xbe, 0xf3, 0xf8, 0x54, 0x03, 0x44, 0x98, 0x5f, 0xdc, // ..m..3....T.D._.
	0xb6, 0x01, 0x10, 0x0c, 0x80, 0x34, 0x00, 0x00, 0x61, 0x20, 0x00, 0x00, 0xa2, 0x01, 0x00, 0x00, // .....4..a ......
	0x13, 0x04, 0x4c, 0x2c, 0x10, 0x00, 0x00, 0x00, 0x12, 0x00, 0x00, 0x00, 0x84, 0x8d, 0x00, 0x50, // ..L,...........P
	0x51, 0x02, 0x44, 0x94, 0x45, 0x41, 0x94, 0x4c, 0x71, 0x94, 0x46, 0x71, 0x95, 0x5d, 0x29, 0x94, // Q.D.EA.Lq.Fq.]).
	0xdc, 0x0c, 0x40, 0xf1, 0x95, 0x5b, 0x81, 0x14, 0x4c, 0x61, 0xd0, 0x30, 0x46, 0x30, 0xe7, 0xac, // ..@..[..La.0F0..
	0x99, 0x7f, 0x63, 0x04, 0x20, 0x08, 0x82, 0xf8, 0x2f, 0x8c, 0x11, 0x80, 0x20, 0x08, 0x82, 0x60, // ..c. .../... ..`
	0x30, 0x46, 0x00, 0x82, 0x20, 0x88, 0x7f, 0x23, 0x00, 0x63, 0x04, 0x20, 0x08, 0x82, 0xf0, 0x37, // 0F.. ..#.c. ...7
	0x03, 0x00, 0x00, 0x00, 0x23, 0x06, 0x09, 0x00, 0x82, 0x60, 0x90, 0xb5, 0x81, 0xf3, 0xa1, 0x81, // ....#....`......
	0x19, 0x60, 0x23, 0x06, 0x09, 0x00, 0x82, 0x60, 0x90, 0xb9, 0xc1, 0x03, 0x06, 0x6d, 0xd0, 0x06, // .`#....`.....m..
	0xd9, 0x88, 0x41, 0x02, 0x80, 0x20, 0x18, 0x64, 0x6f, 0x00, 0x85, 0x41, 0x1b, 0xb4, 0x81, 0x36, // ..A.. .do..A...6
	0x62, 0x90, 0x00, 0x20, 0x08, 0x06, 0x19, 0x1c, 0x44, 0x64, 0xb0, 0x06, 0x69, 0xb0, 0x8d, 0x18, // b.. ....Dd..i...
	0x24, 0x00, 0x08, 0x82, 0x41, 0x16, 0x07, 0x52, 0x19, 0xc0, 0x01, 0x1c, 0x70, 0x23, 0x06, 0x09, // $...A..R....p#..
	0x00, 0x82, 0x60, 0x90, 0xc9, 0xc1, 0x64, 0x06, 0x70, 0x00, 0x07, 0xdd, 0x88, 0x41, 0x02, 0x80, // ..`...d.p....A..
	0x20, 0x18, 0x64, 0x73, 0x40, 0x91, 0x41, 0x1c, 0xc4, 0x81, 0x37, 0x62, 0x90, 0x00, 0x20, 0x08, //  .ds@.A...7b.. .
	0x06, 0xc6, 0x1e, 0xb4, 0xc1, 0x1c, 0xc8, 0x81, 0x19, 0x50, 0x23, 0x06, 0x09, 0x00, 0x82, 0x60, // .........P#....`
	0x60, 0xf0, 0x81, 0x1b, 0xd0, 0xc1, 0x1c, 0x7c, 0xd5, 0x88, 0xc1, 0x01, 0x80, 0x20, 0x18, 0x50, // `......|..... .P
	0x78, 0x90, 0x0d, 0xd3, 0x68, 0x42, 0x30, 0x5c, 0x40, 0xd0, 0x88, 0xc1, 0x03, 0x80, 0x20, 0x18, // x...hB0.@..... .
	0x44, 0x7c, 0x80, 0x31, 0x49, 0x41, 0x34, 0xcd, 0x1d, 0xdc, 0x41, 0xf6, 0x8c, 0x26, 0x04, 0x80, // D|.1IA4...A..&..
	0x1d, 0x93, 0x7c, 0x2c, 0xa8, 0xe0, 0x63, 0x48, 0x25, 0x1f, 0xab, 0x82, 0xf8, 0x8c, 0x18, 0x1c, // ..|,..cH%.......
	0x00, 0x08, 0x82, 0x01, 0x15, 0x0a, 0x62, 0xc0, 0x68, 0xa3, 0x09, 0x01, 0x30, 0x9a, 0x20, 0x04, // ......b.h...0. .
	0xa3, 0x09, 0x83, 0x30, 0x9a, 0x40, 0x0c, 0x23, 0x06, 0x07, 0x00, 0x82, 0x60, 0x40, 0x99, 0xc2, // ...0.@.#....`@..
	0x19, 0x44, 0x69, 0x30, 0x9a, 0x10, 0x00, 0xa3, 0x09, 0x42, 0x30, 0x9a, 0x30, 0x08, 0xa3, 0x09, // .Di0.....B0.0...
	0xc4, 0x30, 0x62, 0x70, 0x00, 0x20, 0x08, 0x06, 0xd4, 0x2a, 0xb0, 0x81, 0xf5, 0x06, 0xa3, 0x09, // .0bp. ...*......
	0x01, 0x30, 0x9a, 0x20, 0x04, 0xa3, 0x09, 0x83, 0x30, 0x9a, 0x40, 0x0c, 0x23, 0x06, 0x07, 0x00, // .0. ....0.@.#...
	0x82, 0x60, 0x40, 0xc1, 0x42, 0x1c, 0x6c, 0xa4, 0x30, 0x9a, 0x10, 0x00, 0xa3, 0x09, 0x42, 0x30, // .`@.B.l.0.....B0
	0x9a, 0x30, 0x08, 0xa3, 0x09, 0xc4, 0x60, 0xd3, 0x25, 0x9f, 0x11, 0x03, 0x04, 0x00, 0x41, 0x30, // .0....`.%.....A0
	0xb0, 0x6a, 0x01, 0x0f, 0x1e, 0x2b, 0x18, 0x31, 0x40, 0x00, 0x10, 0x04, 0x03, 0xcb, 0x16, 0xf2, // .j...+.1@.......
	0x60, 0xd9, 0x02, 0x0b, 0x0e, 0xe8, 0x98, 0xb5, 0xc9, 0x67, 0xc4, 0x00, 0x01, 0x40, 0x10, 0x0c, // `........g...@..
	0xac, 0x5c, 0xe0, 0x03, 0x49, 0x0b, 0x46, 0x0c, 0x10, 0x00, 0x04, 0xc1, 0xc0, 0xd2, 0x85, 0x3e, // ....I.F........>
	0x70, 0xbe, 0xc0, 0x02, 0x05, 0x3a, 0x96, 0x7d, 0xf2, 0x19, 0x31, 0x40, 0x00, 0x10, 0x04, 0x03, // p....:.}..1@....
	0xab, 0x17, 0x40, 0xa1, 0xf2, 0x82, 0x11, 0x03, 0x04, 0x00, 0x41, 0x30, 0xb0, 0x7c, 0x21, 0x14, // ..@.......A0.|!.
	0xa2, 0x31, 0x08, 0x2c, 0x68, 0xa0, 0x63, 0xdc, 0x18, 0xc8, 0x67, 0xc4, 0x00, 0x01, 0x40, 0x10, // .1.,h.c...g...@.
	0x0c, 0xac, 0x70, 0x20, 0x05, 0x4c, 0x0c, 0x82, 0x11, 0x03, 0x04, 0x00, 0x41, 0x30, 0xb0, 0xc4, // ..p .L......A0..
	0xa1, 0x14, 0xa8, 0x33, 0x08, 0x2c, 0x80, 0xa0, 0x63, 0x4d, 0x40, 0x1f, 0x53, 0x04, 0xfa, 0xd8, // ...3.,..cM@.S...
	0x31, 0xd0, 0x67, 0xc4, 0x60, 0x01, 0x40, 0x10, 0x0c, 0x94, 0x75, 0x20, 0x85, 0x41, 0x08, 0x06, // 1.g.`.@...u .A..
	0x21, 0x18, 0x31, 0x30, 0x00, 0x10, 0x04, 0x03, 0x66, 0x1d, 0x5c, 0x21, 0xb0, 0xa0, 0x90, 0x8f, // !.10....f..!....
	0x09, 0x85, 0x7c, 0x6c, 0x28, 0xe4, 0x33, 0x62, 0x70, 0x00, 0x20, 0x08, 0x06, 0x54, 0x3b, 0xb8, // ..|l(.3bp. ..T;.
	0x02, 0x1e, 0xa4, 0xc3, 0x68, 0x42, 0x00, 0x8c, 0x26, 0x08, 0xc1, 0x68, 0xc2, 0x20, 0x8c, 0x18, // ....hB..&..h. ..
	0x1c, 0x00, 0x08, 0x82, 0x01, 0x15, 0x0f, 0xb2, 0xc0, 0x07, 0xee, 0x30, 0x9a, 0x10, 0x00, 0xa3, // ...........0....
	0x09, 0x42, 0x30, 0x9a, 0x30, 0x08, 0xa3, 0x09, 0xc8, 0x60, 0x41, 0x20, 0x9f, 0x11, 0x83, 0x07, // .B0.0....`A ....
	0x00, 0x41, 0x30, 0x88, 0xf0, 0x81, 0x16, 0x4c, 0x61, 0x14, 0x42, 0x01, 0x14, 0x52, 0x21, 0x15, // .A0....La.B..R!.
	0xe6, 0x61, 0x1e, 0x6a, 0x61, 0x15, 0x46, 0x13, 0x02, 0x60, 0x34, 0x41, 0x08, 0x46, 0x13, 0x06, // .a.ja.F..`4A.F..
	0x61, 0xc4, 0x60, 0x01, 0x40, 0x10, 0x0c, 0x14, 0x7f, 0xb8, 0x85, 0x08, 0x7a, 0x1a, 0x66, 0x19, // a.`.@.......z.f.
	0x31, 0x58, 0x00, 0x10, 0x04, 0x03, 0xe5, 0x1f, 0x70, 0xc1, 0x69, 0x18, 0xa7, 0x61, 0xec, 0xa8, // 1X......p.i..a..
	0x05, 0xf9, 0x98, 0x10, 0xc4, 0xc7, 0x08, 0x42, 0x3e, 0x16, 0x08, 0xf1, 0x19, 0x8e, 0x08, 0x6a, // .......B>......j
	0x81, 0xf8, 0x66, 0x19, 0x88, 0x20, 0x18, 0x31, 0x30, 0x00, 0x10, 0x04, 0x03, 0x86, 0x24, 0x78, // ..f.. .10.....$x
	0x41, 0x30, 0x24, 0x88, 0x8f, 0x05, 0x98, 0x7c, 0x2c, 0xd0, 0x05, 0xf8, 0x0c, 0x47, 0x7c, 0x81, // A0$....|,....G|.
	0xf0, 0xcd, 0x32, 0x08, 0x43, 0x30, 0x62, 0x90, 0x00, 0x20, 0x08, 0x06, 0xc8, 0x4a, 0x9c, 0xc3, // ..2.C0b.. ...J..
	0x48, 0x8c, 0xc4, 0x3d, 0x3c, 0x23, 0x06, 0x09, 0x00, 0x82, 0x60, 0x80, 0xac, 0xc4, 0x39, 0x8c, // H..=<#....`...9.
	0xc4, 0x48, 0xbc, 0x83, 0x33, 0x62, 0x90, 0x00, 0x20, 0x08, 0x06, 0xc8, 0x4a, 0x9c, 0xc3, 0x48, // .H..3b.. ...J..H
	0x8c, 0x84, 0x3d, 0x34, 0x23, 0x06, 0x09, 0x00, 0x82, 0x60, 0x80, 0xac, 0xc4, 0x39, 0x8c, 0xc4, // ..=4#....`...9..
	0x48, 0xe4, 0x03, 0x2f, 0xcc, 0x12, 0x2c, 0x23, 0x06, 0x0f, 0x00, 0x82, 0x60, 0x10, 0xa1, 0x04, // H../..,#....`...
	0x39, 0xdc, 0x02, 0x2d, 0xc4, 0x02, 0x2c, 0xe4, 0x42, 0x2e, 0x8c, 0xc4, 0x48, 0x94, 0xc3, 0x2e, // 9..-..,.B...H...
	0x8c, 0x26, 0x04, 0xc0, 0x68, 0x82, 0x10, 0x8c, 0x26, 0x0c, 0xc2, 0x2c, 0x01, 0x31, 0x50, 0x31, // .&..h...&..,.1P1
	0x18, 0x83, 0x19, 0x00, 0x03, 0x15, 0x83, 0x31, 0x98, 0x01, 0x30, 0x50, 0x31, 0x18, 0x83, 0x19, // .......1..0P1...
	0x00, 0xc3, 0x0d, 0xb4, 0xb0, 0x12, 0x66, 0x30, 0xcb, 0x50, 0x28, 0xc1, 0x2c, 0x81, 0x31, 0x50, // ......f0.P(.,.1P
	0x31, 0xec, 0x06, 0xe2, 0x06, 0xc5, 0x40, 0xc5, 0xb0, 0x1b, 0x88, 0x1b, 0x14, 0x03, 0x15, 0xc3, // 1.....@.........
	0x6e, 0x20, 0x6e, 0x50, 0x0c, 0x54, 0x10, 0xbb, 0x81, 0xf8, 0x48, 0x71, 0xc1, 0x60, 0x23, 0x06, // n nP.T....Hq.`#.
	0x07, 0x00, 0x82, 0x60, 0x40, 0xd1, 0x44, 0x3d, 0xfc, 0xc2, 0x3b, 0x8c, 0x26, 0x04, 0x83, 0x0d, // ...`@.D=..;.&...
	0x01, 0x7d, 0x2c, 0x0d, 0xca, 0x20, 0x3e, 0x96, 0x06, 0x65, 0x10, 0x1f, 0x4b, 0x83, 0x32, 0x88, // .},.. >..e..K.2.
	0x8f, 0x11, 0x83, 0x7c, 0xac, 0x18, 0xe4, 0x63, 0xc6, 0x20, 0x1f, 0x1b, 0xd6, 0x00, 0x3e, 0x36, // ...|...c. ....>6
	0xac, 0x01, 0x7c, 0x6c, 0x58, 0x03, 0xf8, 0x8c, 0x18, 0x2c, 0x00, 0x08, 0x82, 0x81, 0x32, 0x16, // ..|lX....,....2.
	0xfc, 0x60, 0x07, 0x75, 0x40, 0x07, 0x83, 0x10, 0x8c, 0x18, 0x2c, 0x00, 0x08, 0x82, 0x81, 0x42, // .`.u@.....,....B
	0x16, 0xfd, 0x40, 0x0c, 0x02, 0x31, 0x08, 0x16, 0xb0, 0x41, 0x7c, 0x6c, 0x18, 0xe4, 0x63, 0x81, // ..@..1...A|l..c.
	0x10, 0x9f, 0xe1, 0x88, 0x20, 0x1f, 0x88, 0x6f, 0x96, 0x01, 0x39, 0x82, 0x11, 0x03, 0x03, 0x00, // .... ..o..9.....
	0x41, 0x30, 0x60, 0xd0, 0x02, 0x24, 0x04, 0x3b, 0x82, 0xf8, 0x58, 0xe0, 0x07, 0xf2, 0x31, 0xc1, // A0`..$.;..X...1.
	0x0f, 0xe4, 0x63, 0x83, 0x1f, 0xc8, 0xc7, 0x06, 0x27, 0x3e, 0x36, 0x38, 0xf1, 0xb1, 0xc1, 0x89, // ..c.....'>68....
	0x8f, 0x0d, 0x7c, 0x00, 0x1f, 0x1b, 0xf8, 0x00, 0x3e, 0x36, 0xf0, 0x01, 0x7c, 0x46, 0x0c, 0x0e, // ..|.....>6..|F..
	0x00, 0x04, 0xc1, 0x80, 0x8a, 0x0b, 0x99, 0xe0, 0x87, 0x9b, 0x18, 0x4d, 0x08, 0x80, 0xd1, 0x04, // ...........M....
	0x21, 0x18, 0x4d, 0x18, 0x86, 0x11, 0x83, 0x03, 0x00, 0x41, 0x30, 0xa0, 0xea, 0xc2, 0x26, 0x40, // !.M......A0...&@
	0xa2, 0x2d, 0x46, 0x13, 0x02, 0x60, 0x34, 0x41, 0x08, 0x46, 0x13, 0x86, 0x61, 0xc4, 0xe0, 0x00, // .-F..`4A.F..a...
	0x40, 0x10, 0x0c, 0xa8, 0xbc, 0xd0, 0x09, 0x92, 0xa0, 0x8b, 0xd1, 0x84, 0x00, 0x18, 0x4d, 0x10, // @.............M.
	0x82, 0xd1, 0x84, 0x61, 0x18, 0x31, 0x38, 0x00, 0x10, 0x04, 0x03, 0xaa, 0x2f, 0x7c, 0x02, 0x25, // ...a.18...../|.%
	0xc8, 0x62, 0x34, 0x21, 0x00, 0x46, 0x13, 0x84, 0x60, 0x34, 0x61, 0x18, 0x6c, 0x7a, 0xe4, 0x33, // .b4!.F..`4a.lz.3
	0x62, 0x80, 0x00, 0x20, 0x08, 0x06, 0x56, 0x68, 0x90, 0x05, 0x33, 0x05, 0x23, 0x06, 0x08, 0x00, // b.. ..Vh..3.#...
	0x82, 0x60, 0x60, 0x89, 0x46, 0x59, 0x24, 0x53, 0x60, 0x81, 0x01, 0x1d, 0xbb, 0x24, 0xf9, 0x8c, // .``.FY$S`....$..
	0x18, 0x20, 0x00, 0x08, 0x82, 0x81, 0x55, 0x1a, 0x68, 0xf1, 0x5c, 0xc1, 0x88, 0x01, 0x02, 0x80, // . ....U.h.......
	0x20, 0x18, 0x58, 0xa6, 0x91, 0x16, 0xcc, 0x15, 0x58, 0x90, 0x40, 0xc7, 0xb6, 0x4a, 0x3e, 0x23, //  .X.....X.@..J>#
	0x06, 0x08, 0x00, 0x82, 0x60, 0x60, 0xa5, 0x06, 0x5b, 0x48, 0x5b, 0x30, 0x62, 0x80, 0x00, 0x20, // ....``..[H[0b.. 
	0x08, 0x06, 0x96, 0x6a, 0xb4, 0xc5, 0xb3, 0x05, 0x16, 0x30, 0xd0, 0x31, 0x31, 0xf8, 0x05, 0xf8, // ...j.....0.11...
	0x98, 0x18, 0xfc, 0x02, 0x7c, 0x4c, 0x0c, 0x7e, 0x01, 0x3e, 0x36, 0x78, 0xf2, 0x19, 0x31, 0x40, // ....|L.~.>6x..1@
	0x00, 0x10, 0x04, 0x03, 0x0b, 0x36, 0xe6, 0x62, 0x1b, 0x82, 0x11, 0x03, 0x04, 0x00, 0x41, 0x30, // .....6.b......A0
	0xb0, 0x62, 0x83, 0x2e, 0xb0, 0x21, 0xb0, 0xa0, 0x82, 0x8e, 0x1d, 0x61, 0x20, 0x9f, 0x11, 0x03, // .b...!.....a ...
	0x04, 0x00, 0x41, 0x30, 0xb0, 0x68, 0xe3, 0x2e, 0xbc, 0x23, 0x18, 0x31, 0x40, 0x00, 0x10, 0x04, // ..A0.h...#.1@...
	0x03, 0xab, 0x36, 0xf0, 0x62, 0x3b, 0x02, 0x0b, 0x30, 0xe8, 0xd8, 0x42, 0x06, 0xf2, 0x19, 0x31, // ..6.b;..0..B...1
	0x40, 0x00, 0x10, 0x04, 0x03, 0x0b, 0x37, 0xf6, 0x22, 0x0c, 0x96, 0x60, 0xc4, 0x00, 0x01, 0x40, // @.....7."..`...@
	0x10, 0x0c, 0xac, 0xdc, 0xe0, 0x0b, 0x6f, 0x09, 0x2c, 0xd8, 0xa0, 0x63, 0x18, 0x44, 0x1f, 0xab, // ......o.,..c.D..
	0x22, 0xfa, 0xd8, 0x32, 0xd0, 0xc7, 0x10, 0x82, 0x3e, 0x46, 0xcc, 0x85, 0x7c, 0x8c, 0xa0, 0x0b, // "..2....>F..|...
	0xf9, 0x98, 0x50, 0x17, 0xf0, 0x31, 0xbb, 0x10, 0xe2, 0x33, 0x62, 0xf0, 0x00, 0x20, 0x08, 0x06, // ..P..1...3b.. ..
	0x51, 0x79, 0x84, 0x06, 0x5d, 0xc4, 0x85, 0x10, 0xd8, 0x85, 0x5d, 0x80, 0x07, 0x78, 0x88, 0x06, // Qy..].....]..x..
	0x5e, 0x8c, 0x26, 0x04, 0xc0, 0x68, 0x82, 0x10, 0x8c, 0x26, 0x0c, 0x82, 0x29, 0x7b, 0x21, 0x1f, // ^.&..h...&..){!.
	0x53, 0xf8, 0x42, 0x3e, 0x26, 0xf4, 0x05, 0x7c, 0xcc, 0x2f, 0x84, 0xf8, 0x8c, 0x18, 0x3c, 0x00, // S.B>&..|./....<.
	0x08, 0x82, 0x41, 0xd4, 0x1e, 0xa9, 0xb1, 0x17, 0x78, 0x21, 0x04, 0x7e, 0xe1, 0x17, 0xe8, 0x81, // ..A.....x!.~....
	0x1e, 0xaa, 0x01, 0x1a, 0xa3, 0x09, 0x01, 0x30, 0x9a, 0x20, 0x04, 0xa3, 0x09, 0x83, 0x60, 0xc3, // .......0. ....`.
	0x12, 0x1f, 0x1b, 0x96, 0xf8, 0xd8, 0xb0, 0xc4, 0xc7, 0x86, 0x5e, 0x90, 0x8f, 0x0d, 0xbe, 0x20, // ..........^.... 
	0x1f, 0x1b, 0x7e, 0x41, 0x3e, 0x36, 0x44, 0xf0, 0xb1, 0x21, 0x82, 0x8f, 0x0d, 0x11, 0x7c, 0x66, // ..~A>6D..!....|f
	0x09, 0x90, 0x81, 0x8a, 0xc1, 0x38, 0x78, 0xc3, 0x18, 0xa8, 0x18, 0x8c, 0x83, 0x37, 0x8c, 0x81, // .....8x......7..
	0x8a, 0xc1, 0x38, 0x78, 0xc3, 0xb0, 0xa1, 0x1d, 0xe0, 0x63, 0x43, 0x3b, 0xc0, 0xc7, 0x86, 0x76, // ..8x.....cC;...v
	0x80, 0x8f, 0xb5, 0x03, 0x7f, 0xc0, 0x60, 0xb8, 0x21, 0x30, 0x0d, 0x30, 0x98, 0x65, 0x48, 0x8c, // ......`.!0.0.eH.
	0x60, 0x96, 0x40, 0x19, 0xa8, 0x18, 0x64, 0x84, 0x50, 0x92, 0x81, 0x8a, 0x41, 0x46, 0x08, 0x25, // `.@...d.P...AF.%
	0x19, 0xa8, 0x18, 0x64, 0x84, 0x50, 0x92, 0x11, 0x83, 0x03, 0x00, 0x41, 0x30, 0xa0, 0x48, 0xa4, // ...d.P.....A0.H.
	0x3c, 0x5e, 0xe3, 0x37, 0x46, 0x13, 0x82, 0xc1, 0x8a, 0x80, 0x3e, 0x56, 0x08, 0xf4, 0xb1, 0x62, // <^.7F.....>V...b
	0xa0, 0xcf, 0x88, 0x41, 0x02, 0x80, 0x20, 0x18, 0x20, 0x2d, 0x92, 0x1e, 0x25, 0x52, 0x22, 0xf9, // ...A.. . -..%R".
	0x31, 0x8c, 0x18, 0x24, 0x00, 0x08, 0x82, 0x01, 0xd2, 0x22, 0xe9, 0x51, 0x22, 0x25, 0x12, 0x1f, // 1..$.....".Q"%..
	0xc2, 0x88, 0x41, 0x02, 0x80, 0x20, 0x18, 0x20, 0x2d, 0x92, 0x1e, 0x25, 0x52, 0x22, 0xf8, 0x11, // ..A.. . -..%R"..
	0x8c, 0x18, 0x24, 0x00, 0x08, 0x82, 0x01, 0xd2, 0x22, 0xe9, 0x51, 0x22, 0x25, 0xb2, 0x1f, 0xbe, // ..$.....".Q"%...
	0x31, 0x4b, 0xb0, 0x20, 0x00, 0x00, 0x00, 0x00, 0x00, 0x00, 0x00, 0x00, 0x00, 0x00, 0x10, 0x01, // 1K. ............
};
static const uint8_t fs_pp_motionblur_spv[5168] =
{
	0x46, 0x53, 0x48, 0x0c, 0x6f, 0x1e, 0x3e, 0x3c, 0x00, 0x00, 0x00, 0x00, 0x00, 0x00, 0x00, 0x00, // FSH.o.><........
	0x00, 0x00, 0x00, 0x00, 0x07, 0x00, 0x0a, 0x77, 0x5f, 0x68, 0x5f, 0x68, 0x65, 0x69, 0x67, 0x68, // .......w_h_heigh
	0x74, 0x12, 0x01, 0x00, 0x01, 0x01, 0x00, 0x00, 0x00, 0x00, 0x00, 0x0a, 0x6d, 0x61, 0x74, 0x50, // t...........matP
	0x72, 0x6f, 0x6a, 0x49, 0x6e, 0x76, 0x14, 0x01, 0xc0, 0x00, 0x04, 0x00, 0x00, 0x00, 0x00, 0x00, // rojInv..........
	0x05, 0x62, 0x61, 0x6c, 0x6c, 0x73, 0x12, 0x02, 0x00, 0x00, 0x02, 0x00, 0x00, 0x00, 0x00, 0x00, // .balls..........
	0x07, 0x6d, 0x61, 0x74, 0x50, 0x72, 0x6f, 0x6a, 0x14, 0x01, 0x80, 0x00, 0x04, 0x00, 0x00, 0x00, // .matProj........
	0x00, 0x00, 0x0f, 0x74, 0x65, 0x78, 0x5f, 0x66, 0x62, 0x5f, 0x66, 0x69, 0x6c, 0x74, 0x65, 0x72, // ...tex_fb_filter
	0x65, 0x64, 0x30, 0x00, 0x02, 0x00, 0x00, 0x00, 0x00, 0x02, 0x29, 0x00, 0x09, 0x74, 0x65, 0x78, // ed0.......)..tex
	0x5f, 0x62, 0x6c, 0x6f, 0x6f, 0x6d, 0x30, 0x00, 0x03, 0x00, 0x00, 0x00, 0x00, 0x02, 0x29, 0x00, // _bloom0.......).
	0x09, 0x74, 0x65, 0x78, 0x5f, 0x64, 0x65, 0x70, 0x74, 0x68, 0x30, 0x00, 0x06, 0x00, 0x00, 0x00, // .tex_depth0.....
	0x00, 0x02, 0x29, 0x00, 0x84, 0x13, 0x00, 0x00, 0x03, 0x02, 0x23, 0x07, 0x00, 0x00, 0x01, 0x00, // ..).......#.....
	0x0b, 0x00, 0x08, 0x00, 0x54, 0x03, 0x00, 0x00, 0x00, 0x00, 0x00, 0x00, 0x11, 0x00, 0x02, 0x00, // ....T...........
	0x01, 0x00, 0x00, 0x00, 0x0b, 0x00, 0x06, 0x00, 0x01, 0x00, 0x00, 0x00, 0x47, 0x4c, 0x53, 0x4c, // ............GLSL
	0x2e, 0x73, 0x74, 0x64, 0x2e, 0x34, 0x35, 0x30, 0x00, 0x00, 0x00, 0x00, 0x0e, 0x00, 0x03, 0x00, // .std.450........
	0x00, 0x00, 0x00, 0x00, 0x01, 0x00, 0x00, 0x00, 0x0f, 0x00, 0x07, 0x00, 0x04, 0x00, 0x00, 0x00, // ................
	0x04, 0x00, 0x00, 0x00, 0x6d, 0x61, 0x69, 0x6e, 0x00, 0x00, 0x00, 0x00, 0x91, 0x01, 0x00, 0x00, // ....main........
	0x9c, 0x01, 0x00, 0x00, 0x10, 0x00, 0x03, 0x00, 0x04, 0x00, 0x00, 0x00, 0x07, 0x00, 0x00, 0x00, // ................
	0x03, 0x00, 0x03, 0x00, 0x05, 0x00, 0x00, 0x00, 0xf4, 0x01, 0x00, 0x00, 0x05, 0x00, 0x04, 0x00, // ................
	0x04, 0x00, 0x00, 0x00, 0x6d, 0x61, 0x69, 0x6e, 0x00, 0x00, 0x00, 0x00, 0x05, 0x00, 0x08, 0x00, // ....main........
	0x2f, 0x00, 0x00, 0x00, 0x74, 0x65, 0x78, 0x5f, 0x66, 0x62, 0x5f, 0x66, 0x69, 0x6c, 0x74, 0x65, // /...tex_fb_filte
	0x72, 0x65, 0x64, 0x53, 0x61, 0x6d, 0x70, 0x6c, 0x65, 0x72, 0x00, 0x00, 0x05, 0x00, 0x08, 0x00, // redSampler......
	0x32, 0x00, 0x00, 0x00, 0x74, 0x65, 0x78, 0x5f, 0x66, 0x62, 0x5f, 0x66, 0x69, 0x6c, 0x74, 0x65, // 2...tex_fb_filte
	0x72, 0x65, 0x64, 0x54, 0x65, 0x78, 0x74, 0x75, 0x72, 0x65, 0x00, 0x00, 0x05, 0x00, 0x07, 0x00, // redTexture......
	0x36, 0x00, 0x00, 0x00, 0x74, 0x65, 0x78, 0x5f, 0x62, 0x6c, 0x6f, 0x6f, 0x6d, 0x53, 0x61, 0x6d, // 6...tex_bloomSam
	0x70, 0x6c, 0x65, 0x72, 0x00, 0x00, 0x00, 0x00, 0x05, 0x00, 0x07, 0x00, 0x38, 0x00, 0x00, 0x00, // pler........8...
	0x74, 0x65, 0x78, 0x5f, 0x62, 0x6c, 0x6f, 0x6f, 0x6d, 0x54, 0x65, 0x78, 0x74, 0x75, 0x72, 0x65, // tex_bloomTexture
	0x00, 0x00, 0x00, 0x00, 0x05, 0x00, 0x07, 0x00, 0x3c, 0x00, 0x00, 0x00, 0x74, 0x65, 0x78, 0x5f, // ........<...tex_
	0x64, 0x65, 0x70, 0x74, 0x68, 0x53, 0x61, 0x6d, 0x70, 0x6c, 0x65, 0x72, 0x00, 0x00, 0x00, 0x00, // depthSampler....
	0x05, 0x00, 0x07, 0x00, 0x3e, 0x00, 0x00, 0x00, 0x74, 0x65, 0x78, 0x5f, 0x64, 0x65, 0x70, 0x74, // ....>...tex_dept
	0x68, 0x54, 0x65, 0x78, 0x74, 0x75, 0x72, 0x65, 0x00, 0x00, 0x00, 0x00, 0x05, 0x00, 0x06, 0x00, // hTexture........
	0x69, 0x00, 0x00, 0x00, 0x55, 0x6e, 0x69, 0x66, 0x6f, 0x72, 0x6d, 0x42, 0x6c, 0x6f, 0x63, 0x6b, // i...UniformBlock
	0x00, 0x00, 0x00, 0x00, 0x06, 0x00, 0x05, 0x00, 0x69, 0x00, 0x00, 0x00, 0x00, 0x00, 0x00, 0x00, // ........i.......
	0x62, 0x61, 0x6c, 0x6c, 0x73, 0x00, 0x00, 0x00, 0x06, 0x00, 0x05, 0x00, 0x69, 0x00, 0x00, 0x00, // balls.......i...
	0x01, 0x00, 0x00, 0x00, 0x6d, 0x61, 0x74, 0x50, 0x72, 0x6f, 0x6a, 0x00, 0x06, 0x00, 0x06, 0x00, // ....matProj.....
	0x69, 0x00, 0x00, 0x00, 0x02, 0x00, 0x00, 0x00, 0x6d, 0x61, 0x74, 0x50, 0x72, 0x6f, 0x6a, 0x49, // i.......matProjI
	0x6e, 0x76, 0x00, 0x00, 0x06, 0x00, 0x06, 0x00, 0x69, 0x00, 0x00, 0x00, 0x03, 0x00, 0x00, 0x00, // nv......i.......
	0x77, 0x5f, 0x68, 0x5f, 0x68, 0x65, 0x69, 0x67, 0x68, 0x74, 0x00, 0x00, 0x05, 0x00, 0x03, 0x00, // w_h_height......
	0x6b, 0x00, 0x00, 0x00, 0x00, 0x00, 0x00, 0x00, 0x05, 0x00, 0x05, 0x00, 0x91, 0x01, 0x00, 0x00, // k...............
	0x76, 0x5f, 0x74, 0x65, 0x78, 0x63, 0x6f, 0x6f, 0x72, 0x64, 0x30, 0x00, 0x05, 0x00, 0x06, 0x00, // v_texcoord0.....
	0x9c, 0x01, 0x00, 0x00, 0x62, 0x67, 0x66, 0x78, 0x5f, 0x46, 0x72, 0x61, 0x67, 0x44, 0x61, 0x74, // ....bgfx_FragDat
	0x61, 0x30, 0x00, 0x00, 0x47, 0x00, 0x04, 0x00, 0x2f, 0x00, 0x00, 0x00, 0x21, 0x00, 0x00, 0x00, // a0..G.../...!...
	0x12, 0x00, 0x00, 0x00, 0x47, 0x00, 0x04, 0x00, 0x2f, 0x00, 0x00, 0x00, 0x22, 0x00, 0x00, 0x00, // ....G.../..."...
	0x00, 0x00, 0x00, 0x00, 0x47, 0x00, 0x04, 0x00, 0x32, 0x00, 0x00, 0x00, 0x21, 0x00, 0x00, 0x00, // ....G...2...!...
	0x02, 0x00, 0x00, 0x00, 0x47, 0x00, 0x04, 0x00, 0x32, 0x00, 0x00, 0x00, 0x22, 0x00, 0x00, 0x00, // ....G...2..."...
	0x00, 0x00, 0x00, 0x00, 0x47, 0x00, 0x04, 0x00, 0x36, 0x00, 0x00, 0x00, 0x21, 0x00, 0x00, 0x00, // ....G...6...!...
	0x13, 0x00, 0x00, 0x00, 0x47, 0x00, 0x04, 0x00, 0x36, 0x00, 0x00, 0x00, 0x22, 0x00, 0x00, 0x00, // ....G...6..."...
	0x00, 0x00, 0x00, 0x00, 0x47, 0x00, 0x04, 0x00, 0x38, 0x00, 0x00, 0x00, 0x21, 0x00, 0x00, 0x00, // ....G...8...!...
	0x03, 0x00, 0x00, 0x00, 0x47, 0x00, 0x04, 0x00, 0x38, 0x00, 0x00, 0x00, 0x22, 0x00, 0x00, 0x00, // ....G...8..."...
	0x00, 0x00, 0x00, 0x00, 0x47, 0x00, 0x04, 0x00, 0x3c, 0x00, 0x00, 0x00, 0x21, 0x00, 0x00, 0x00, // ....G...<...!...
	0x16, 0x00, 0x00, 0x00, 0x47, 0x00, 0x04, 0x00, 0x3c, 0x00, 0x00, 0x00, 0x22, 0x00, 0x00, 0x00, // ....G...<..."...
	0x00, 0x00, 0x00, 0x00, 0x47, 0x00, 0x04, 0x00, 0x3e, 0x00, 0x00, 0x00, 0x21, 0x00, 0x00, 0x00, // ....G...>...!...
	0x06, 0x00, 0x00, 0x00, 0x47, 0x00, 0x04, 0x00, 0x3e, 0x00, 0x00, 0x00, 0x22, 0x00, 0x00, 0x00, // ....G...>..."...
	0x00, 0x00, 0x00, 0x00, 0x47, 0x00, 0x04, 0x00, 0x67, 0x00, 0x00, 0x00, 0x06, 0x00, 0x00, 0x00, // ....G...g.......
	0x10, 0x00, 0x00, 0x00, 0x47, 0x00, 0x03, 0x00, 0x69, 0x00, 0x00, 0x00, 0x02, 0x00, 0x00, 0x00, // ....G...i.......
	0x48, 0x00, 0x05, 0x00, 0x69, 0x00, 0x00, 0x00, 0x00, 0x00, 0x00, 0x00, 0x23, 0x00, 0x00, 0x00, // H...i.......#...
	0x00, 0x00, 0x00, 0x00, 0x48, 0x00, 0x04, 0x00, 0x69, 0x00, 0x00, 0x00, 0x01, 0x00, 0x00, 0x00, // ....H...i.......
	0x04, 0x00, 0x00, 0x00, 0x48, 0x00, 0x05, 0x00, 0x69, 0x00, 0x00, 0x00, 0x01, 0x00, 0x00, 0x00, // ....H...i.......
	0x07, 0x00, 0x00, 0x00, 0x10, 0x00, 0x00, 0x00, 0x48, 0x00, 0x05, 0x00, 0x69, 0x00, 0x00, 0x00, // ........H...i...
	0x01, 0x00, 0x00, 0x00, 0x23, 0x00, 0x00, 0x00, 0x80, 0x00, 0x00, 0x00, 0x48, 0x00, 0x04, 0x00, // ....#.......H...
	0x69, 0x00, 0x00, 0x00, 0x02, 0x00, 0x00, 0x00, 0x04, 0x00, 0x00, 0x00, 0x48, 0x00, 0x05, 0x00, // i...........H...
	0x69, 0x00, 0x00, 0x00, 0x02, 0x00, 0x00, 0x00, 0x07, 0x00, 0x00, 0x00, 0x10, 0x00, 0x00, 0x00, // i...............
	0x48, 0x00, 0x05, 0x00, 0x69, 0x00, 0x00, 0x00, 0x02, 0x00, 0x00, 0x00, 0x23, 0x00, 0x00, 0x00, // H...i.......#...
	0xc0, 0x00, 0x00, 0x00, 0x48, 0x00, 0x05, 0x00, 0x69, 0x00, 0x00, 0x00, 0x03, 0x00, 0x00, 0x00, // ....H...i.......
	0x23, 0x00, 0x00, 0x00, 0x00, 0x01, 0x00, 0x00, 0x47, 0x00, 0x04, 0x00, 0x6b, 0x00, 0x00, 0x00, // #.......G...k...
	0x21, 0x00, 0x00, 0x00, 0x01, 0x00, 0x00, 0x00, 0x47, 0x00, 0x04, 0x00, 0x6b, 0x00, 0x00, 0x00, // !.......G...k...
	0x22, 0x00, 0x00, 0x00, 0x00, 0x00, 0x00, 0x00, 0x47, 0x00, 0x04, 0x00, 0x91, 0x01, 0x00, 0x00, // ".......G.......
	0x1e, 0x00, 0x00, 0x00, 0x00, 0x00, 0x00, 0x00, 0x47, 0x00, 0x04, 0x00, 0x9c, 0x01, 0x00, 0x00, // ........G.......
	0x1e, 0x00, 0x00, 0x00, 0x00, 0x00, 0x00, 0x00, 0x13, 0x00, 0x02, 0x00, 0x02, 0x00, 0x00, 0x00, // ................
	0x21, 0x00, 0x03, 0x00, 0x03, 0x00, 0x00, 0x00, 0x02, 0x00, 0x00, 0x00, 0x1a, 0x00, 0x02, 0x00, // !...............
	0x06, 0x00, 0x00, 0x00, 0x16, 0x00, 0x03, 0x00, 0x07, 0x00, 0x00, 0x00, 0x20, 0x00, 0x00, 0x00, // ............ ...
	0x19, 0x00, 0x09, 0x00, 0x08, 0x00, 0x00, 0x00, 0x07, 0x00, 0x00, 0x00, 0x01, 0x00, 0x00, 0x00, // ................
	0x00, 0x00, 0x00, 0x00, 0x00, 0x00, 0x00, 0x00, 0x00, 0x00, 0x00, 0x00, 0x01, 0x00, 0x00, 0x00, // ................
	0x00, 0x00, 0x00, 0x00, 0x17, 0x00, 0x04, 0x00, 0x0b, 0x00, 0x00, 0x00, 0x07, 0x00, 0x00, 0x00, // ................
	0x02, 0x00, 0x00, 0x00, 0x17, 0x00, 0x04, 0x00, 0x0e, 0x00, 0x00, 0x00, 0x07, 0x00, 0x00, 0x00, // ................
	0x04, 0x00, 0x00, 0x00, 0x17, 0x00, 0x04, 0x00, 0x15, 0x00, 0x00, 0x00, 0x07, 0x00, 0x00, 0x00, // ................
	0x03, 0x00, 0x00, 0x00, 0x20, 0x00, 0x04, 0x00, 0x2e, 0x00, 0x00, 0x00, 0x00, 0x00, 0x00, 0x00, // .... ...........
	0x06, 0x00, 0x00, 0x00, 0x3b, 0x00, 0x04, 0x00, 0x2e, 0x00, 0x00, 0x00, 0x2f, 0x00, 0x00, 0x00, // ....;......./...
	0x00, 0x00, 0x00, 0x00, 0x20, 0x00, 0x04, 0x00, 0x31, 0x00, 0x00, 0x00, 0x00, 0x00, 0x00, 0x00, // .... ...1.......
	0x08, 0x00, 0x00, 0x00, 0x3b, 0x00, 0x04, 0x00, 0x31, 0x00, 0x00, 0x00, 0x32, 0x00, 0x00, 0x00, // ....;...1...2...
	0x00, 0x00, 0x00, 0x00, 0x3b, 0x00, 0x04, 0x00, 0x2e, 0x00, 0x00, 0x00, 0x36, 0x00, 0x00, 0x00, // ....;.......6...
	0x00, 0x00, 0x00, 0x00, 0x3b, 0x00, 0x04, 0x00, 0x31, 0x00, 0x00, 0x00, 0x38, 0x00, 0x00, 0x00, // ....;...1...8...
	0x00, 0x00, 0x00, 0x00, 0x3b, 0x00, 0x04, 0x00, 0x2e, 0x00, 0x00, 0x00, 0x3c, 0x00, 0x00, 0x00, // ....;.......<...
	0x00, 0x00, 0x00, 0x00, 0x3b, 0x00, 0x04, 0x00, 0x31, 0x00, 0x00, 0x00, 0x3e, 0x00, 0x00, 0x00, // ....;...1...>...
	0x00, 0x00, 0x00, 0x00, 0x15, 0x00, 0x04, 0x00, 0x41, 0x00, 0x00, 0x00, 0x20, 0x00, 0x00, 0x00, // ........A... ...
	0x01, 0x00, 0x00, 0x00, 0x2b, 0x00, 0x04, 0x00, 0x41, 0x00, 0x00, 0x00, 0x42, 0x00, 0x00, 0x00, // ....+...A...B...
	0x01, 0x00, 0x00, 0x00, 0x2b, 0x00, 0x04, 0x00, 0x41, 0x00, 0x00, 0x00, 0x46, 0x00, 0x00, 0x00, // ....+...A...F...
	0x00, 0x00, 0x00, 0x00, 0x1b, 0x00, 0x03, 0x00, 0x4a, 0x00, 0x00, 0x00, 0x08, 0x00, 0x00, 0x00, // ........J.......
	0x2b, 0x00, 0x04, 0x00, 0x07, 0x00, 0x00, 0x00, 0x60, 0x00, 0x00, 0x00, 0x00, 0x00, 0x00, 0x00, // +.......`.......
	0x15, 0x00, 0x04, 0x00, 0x65, 0x00, 0x00, 0x00, 0x20, 0x00, 0x00, 0x00, 0x00, 0x00, 0x00, 0x00, // ....e... .......
	0x2b, 0x00, 0x04, 0x00, 0x65, 0x00, 0x00, 0x00, 0x66, 0x00, 0x00, 0x00, 0x08, 0x00, 0x00, 0x00, // +...e...f.......
	0x1c, 0x00, 0x04, 0x00, 0x67, 0x00, 0x00, 0x00, 0x0e, 0x00, 0x00, 0x00, 0x66, 0x00, 0x00, 0x00, // ....g.......f...
	0x18, 0x00, 0x04, 0x00, 0x68, 0x00, 0x00, 0x00, 0x0e, 0x00, 0x00, 0x00, 0x04, 0x00, 0x00, 0x00, // ....h...........
	0x1e, 0x00, 0x06, 0x00, 0x69, 0x00, 0x00, 0x00, 0x67, 0x00, 0x00, 0x00, 0x68, 0x00, 0x00, 0x00, // ....i...g...h...
	0x68, 0x00, 0x00, 0x00, 0x0e, 0x00, 0x00, 0x00, 0x20, 0x00, 0x04, 0x00, 0x6a, 0x00, 0x00, 0x00, // h....... ...j...
	0x02, 0x00, 0x00, 0x00, 0x69, 0x00, 0x00, 0x00, 0x3b, 0x00, 0x04, 0x00, 0x6a, 0x00, 0x00, 0x00, // ....i...;...j...
	0x6b, 0x00, 0x00, 0x00, 0x02, 0x00, 0x00, 0x00, 0x2b, 0x00, 0x04, 0x00, 0x41, 0x00, 0x00, 0x00, // k.......+...A...
	0x6c, 0x00, 0x00, 0x00, 0x03, 0x00, 0x00, 0x00, 0x2b, 0x00, 0x04, 0x00, 0x65, 0x00, 0x00, 0x00, // l.......+...e...
	0x6d, 0x00, 0x00, 0x00, 0x03, 0x00, 0x00, 0x00, 0x20, 0x00, 0x04, 0x00, 0x6e, 0x00, 0x00, 0x00, // m....... ...n...
	0x02, 0x00, 0x00, 0x00, 0x07, 0x00, 0x00, 0x00, 0x2b, 0x00, 0x04, 0x00, 0x65, 0x00, 0x00, 0x00, // ........+...e...
	0x7b, 0x00, 0x00, 0x00, 0x00, 0x00, 0x00, 0x00, 0x2b, 0x00, 0x04, 0x00, 0x07, 0x00, 0x00, 0x00, // {.......+.......
	0x80, 0x00, 0x00, 0x00, 0x00, 0x00, 0x00, 0x40, 0x2b, 0x00, 0x04, 0x00, 0x07, 0x00, 0x00, 0x00, // .......@+.......
	0x82, 0x00, 0x00, 0x00, 0x00, 0x00, 0x80, 0x3f, 0x2b, 0x00, 0x04, 0x00, 0x41, 0x00, 0x00, 0x00, // .......?+...A...
	0x8d, 0x00, 0x00, 0x00, 0x02, 0x00, 0x00, 0x00, 0x20, 0x00, 0x04, 0x00, 0x8e, 0x00, 0x00, 0x00, // ........ .......
	0x02, 0x00, 0x00, 0x00, 0x68, 0x00, 0x00, 0x00, 0x20, 0x00, 0x04, 0x00, 0xa4, 0x00, 0x00, 0x00, // ....h... .......
	0x02, 0x00, 0x00, 0x00, 0x0e, 0x00, 0x00, 0x00, 0x2b, 0x00, 0x04, 0x00, 0x07, 0x00, 0x00, 0x00, // ........+.......
	0xc3, 0x00, 0x00, 0x00, 0x33, 0x33, 0x93, 0x3f, 0x14, 0x00, 0x02, 0x00, 0xcd, 0x00, 0x00, 0x00, // ....33.?........
	0x2b, 0x00, 0x04, 0x00, 0x07, 0x00, 0x00, 0x00, 0x54, 0x01, 0x00, 0x00, 0x00, 0x00, 0x00, 0x3f, // +.......T......?
	0x20, 0x00, 0x04, 0x00, 0x90, 0x01, 0x00, 0x00, 0x01, 0x00, 0x00, 0x00, 0x0b, 0x00, 0x00, 0x00, //  ...............
	0x3b, 0x00, 0x04, 0x00, 0x90, 0x01, 0x00, 0x00, 0x91, 0x01, 0x00, 0x00, 0x01, 0x00, 0x00, 0x00, // ;...............
	0x20, 0x00, 0x04, 0x00, 0x9b, 0x01, 0x00, 0x00, 0x03, 0x00, 0x00, 0x00, 0x0e, 0x00, 0x00, 0x00, //  ...............
	0x3b, 0x00, 0x04, 0x00, 0x9b, 0x01, 0x00, 0x00, 0x9c, 0x01, 0x00, 0x00, 0x03, 0x00, 0x00, 0x00, // ;...............
	0x2c, 0x00, 0x05, 0x00, 0x0b, 0x00, 0x00, 0x00, 0x45, 0x03, 0x00, 0x00, 0x54, 0x01, 0x00, 0x00, // ,.......E...T...
	0x54, 0x01, 0x00, 0x00, 0x01, 0x00, 0x03, 0x00, 0x0e, 0x00, 0x00, 0x00, 0x53, 0x03, 0x00, 0x00, // T...........S...
	0x36, 0x00, 0x05, 0x00, 0x02, 0x00, 0x00, 0x00, 0x04, 0x00, 0x00, 0x00, 0x00, 0x00, 0x00, 0x00, // 6...............
	0x03, 0x00, 0x00, 0x00, 0xf8, 0x00, 0x02, 0x00, 0x05, 0x00, 0x00, 0x00, 0x3d, 0x00, 0x04, 0x00, // ............=...
	0x06, 0x00, 0x00, 0x00, 0x30, 0x00, 0x00, 0x00, 0x2f, 0x00, 0x00, 0x00, 0x3d, 0x00, 0x04, 0x00, // ....0.../...=...
	0x08, 0x00, 0x00, 0x00, 0x33, 0x00, 0x00, 0x00, 0x32, 0x00, 0x00, 0x00, 0x3d, 0x00, 0x04, 0x00, // ....3...2...=...
	0x06, 0x00, 0x00, 0x00, 0x37, 0x00, 0x00, 0x00, 0x36, 0x00, 0x00, 0x00, 0x3d, 0x00, 0x04, 0x00, // ....7...6...=...
	0x08, 0x00, 0x00, 0x00, 0x39, 0x00, 0x00, 0x00, 0x38, 0x00, 0x00, 0x00, 0x3d, 0x00, 0x04, 0x00, // ....9...8...=...
	0x06, 0x00, 0x00, 0x00, 0x3d, 0x00, 0x00, 0x00, 0x3c, 0x00, 0x00, 0x00, 0x3d, 0x00, 0x04, 0x00, // ....=...<...=...
	0x08, 0x00, 0x00, 0x00, 0x3f, 0x00, 0x00, 0x00, 0x3e, 0x00, 0x00, 0x00, 0x3d, 0x00, 0x04, 0x00, // ....?...>...=...
	0x0b, 0x00, 0x00, 0x00, 0x92, 0x01, 0x00, 0x00, 0x91, 0x01, 0x00, 0x00, 0xf7, 0x00, 0x03, 0x00, // ................
	0xcc, 0x02, 0x00, 0x00, 0x00, 0x00, 0x00, 0x00, 0xfb, 0x00, 0x03, 0x00, 0x7b, 0x00, 0x00, 0x00, // ............{...
	0xea, 0x01, 0x00, 0x00, 0xf8, 0x00, 0x02, 0x00, 0xea, 0x01, 0x00, 0x00, 0x41, 0x00, 0x06, 0x00, // ............A...
	0x6e, 0x00, 0x00, 0x00, 0xec, 0x01, 0x00, 0x00, 0x6b, 0x00, 0x00, 0x00, 0x6c, 0x00, 0x00, 0x00, // n.......k...l...
	0x6d, 0x00, 0x00, 0x00, 0x3d, 0x00, 0x04, 0x00, 0x07, 0x00, 0x00, 0x00, 0xed, 0x01, 0x00, 0x00, // m...=...........
	0xec, 0x01, 0x00, 0x00, 0x6e, 0x00, 0x04, 0x00, 0x41, 0x00, 0x00, 0x00, 0xee, 0x01, 0x00, 0x00, // ....n...A.......
	0xed, 0x01, 0x00, 0x00, 0x56, 0x00, 0x05, 0x00, 0x4a, 0x00, 0x00, 0x00, 0xd7, 0x02, 0x00, 0x00, // ....V...J.......
	0x3f, 0x00, 0x00, 0x00, 0x3d, 0x00, 0x00, 0x00, 0x58, 0x00, 0x07, 0x00, 0x0e, 0x00, 0x00, 0x00, // ?...=...X.......
	0xda, 0x02, 0x00, 0x00, 0xd7, 0x02, 0x00, 0x00, 0x92, 0x01, 0x00, 0x00, 0x02, 0x00, 0x00, 0x00, // ................
	0x60, 0x00, 0x00, 0x00, 0x51, 0x00, 0x05, 0x00, 0x07, 0x00, 0x00, 0x00, 0xf3, 0x01, 0x00, 0x00, // `...Q...........
	0xda, 0x02, 0x00, 0x00, 0x00, 0x00, 0x00, 0x00, 0x51, 0x00, 0x05, 0x00, 0x07, 0x00, 0x00, 0x00, // ........Q.......
	0xf5, 0x01, 0x00, 0x00, 0x92, 0x01, 0x00, 0x00, 0x00, 0x00, 0x00, 0x00, 0x85, 0x00, 0x05, 0x00, // ................
	0x07, 0x00, 0x00, 0x00, 0xf6, 0x01, 0x00, 0x00, 0xf5, 0x01, 0x00, 0x00, 0x80, 0x00, 0x00, 0x00, // ................
	0x83, 0x00, 0x05, 0x00, 0x07, 0x00, 0x00, 0x00, 0xf7, 0x01, 0x00, 0x00, 0xf6, 0x01, 0x00, 0x00, // ................
	0x82, 0x00, 0x00, 0x00, 0x51, 0x00, 0x05, 0x00, 0x07, 0x00, 0x00, 0x00, 0xf9, 0x01, 0x00, 0x00, // ....Q...........
	0x92, 0x01, 0x00, 0x00, 0x01, 0x00, 0x00, 0x00, 0x85, 0x00, 0x05, 0x00, 0x07, 0x00, 0x00, 0x00, // ................
	0xfa, 0x01, 0x00, 0x00, 0xf9, 0x01, 0x00, 0x00, 0x80, 0x00, 0x00, 0x00, 0x83, 0x00, 0x05, 0x00, // ................
	0x07, 0x00, 0x00, 0x00, 0xfb, 0x01, 0x00, 0x00, 0x82, 0x00, 0x00, 0x00, 0xfa, 0x01, 0x00, 0x00, // ................
	0x50, 0x00, 0x07, 0x00, 0x0e, 0x00, 0x00, 0x00, 0xfd, 0x01, 0x00, 0x00, 0xf7, 0x01, 0x00, 0x00, // P...............
	0xfb, 0x01, 0x00, 0x00, 0xf3, 0x01, 0x00, 0x00, 0x82, 0x00, 0x00, 0x00, 0x41, 0x00, 0x05, 0x00, // ............A...
	0x8e, 0x00, 0x00, 0x00, 0xff, 0x01, 0x00, 0x00, 0x6b, 0x00, 0x00, 0x00, 0x8d, 0x00, 0x00, 0x00, // ........k.......
	0x3d, 0x00, 0x04, 0x00, 0x68, 0x00, 0x00, 0x00, 0x00, 0x02, 0x00, 0x00, 0xff, 0x01, 0x00, 0x00, // =...h...........
	0x90, 0x00, 0x05, 0x00, 0x0e, 0x00, 0x00, 0x00, 0x01, 0x02, 0x00, 0x00, 0xfd, 0x01, 0x00, 0x00, // ................
	0x00, 0x02, 0x00, 0x00, 0x51, 0x00, 0x05, 0x00, 0x07, 0x00, 0x00, 0x00, 0x03, 0x02, 0x00, 0x00, // ....Q...........
	0x01, 0x02, 0x00, 0x00, 0x03, 0x00, 0x00, 0x00, 0x4f, 0x00, 0x08, 0x00, 0x15, 0x00, 0x00, 0x00, // ........O.......
	0x05, 0x02, 0x00, 0x00, 0x01, 0x02, 0x00, 0x00, 0x01, 0x02, 0x00, 0x00, 0x00, 0x00, 0x00, 0x00, // ................
	0x01, 0x00, 0x00, 0x00, 0x02, 0x00, 0x00, 0x00, 0x50, 0x00, 0x06, 0x00, 0x15, 0x00, 0x00, 0x00, // ........P.......
	0x06, 0x02, 0x00, 0x00, 0x03, 0x02, 0x00, 0x00, 0x03, 0x02, 0x00, 0x00, 0x03, 0x02, 0x00, 0x00, // ................
	0x88, 0x00, 0x05, 0x00, 0x15, 0x00, 0x00, 0x00, 0x07, 0x02, 0x00, 0x00, 0x05, 0x02, 0x00, 0x00, // ................
	0x06, 0x02, 0x00, 0x00, 0x51, 0x00, 0x05, 0x00, 0x07, 0x00, 0x00, 0x00, 0x09, 0x02, 0x00, 0x00, // ....Q...........
	0x07, 0x02, 0x00, 0x00, 0x00, 0x00, 0x00, 0x00, 0x52, 0x00, 0x06, 0x00, 0x0e, 0x00, 0x00, 0x00, // ........R.......
	0x2f, 0x03, 0x00, 0x00, 0x09, 0x02, 0x00, 0x00, 0x53, 0x03, 0x00, 0x00, 0x00, 0x00, 0x00, 0x00, // /.......S.......
	0x51, 0x00, 0x05, 0x00, 0x07, 0x00, 0x00, 0x00, 0x0b, 0x02, 0x00, 0x00, 0x07, 0x02, 0x00, 0x00, // Q...............
	0x01, 0x00, 0x00, 0x00, 0x52, 0x00, 0x06, 0x00, 0x0e, 0x00, 0x00, 0x00, 0x31, 0x03, 0x00, 0x00, // ....R.......1...
	0x0b, 0x02, 0x00, 0x00, 0x2f, 0x03, 0x00, 0x00, 0x01, 0x00, 0x00, 0x00, 0x51, 0x00, 0x05, 0x00, // ..../.......Q...
	0x07, 0x00, 0x00, 0x00, 0x0d, 0x02, 0x00, 0x00, 0x07, 0x02, 0x00, 0x00, 0x02, 0x00, 0x00, 0x00, // ................
	0x52, 0x00, 0x06, 0x00, 0x0e, 0x00, 0x00, 0x00, 0x33, 0x03, 0x00, 0x00, 0x0d, 0x02, 0x00, 0x00, // R.......3.......
	0x31, 0x03, 0x00, 0x00, 0x02, 0x00, 0x00, 0x00, 0x4f, 0x00, 0x08, 0x00, 0x15, 0x00, 0x00, 0x00, // 1.......O.......
	0x0f, 0x02, 0x00, 0x00, 0x33, 0x03, 0x00, 0x00, 0x33, 0x03, 0x00, 0x00, 0x00, 0x00, 0x00, 0x00, // ....3...3.......
	0x01, 0x00, 0x00, 0x00, 0x02, 0x00, 0x00, 0x00, 0x0c, 0x00, 0x06, 0x00, 0x15, 0x00, 0x00, 0x00, // ................
	0x10, 0x02, 0x00, 0x00, 0x01, 0x00, 0x00, 0x00, 0x45, 0x00, 0x00, 0x00, 0x0f, 0x02, 0x00, 0x00, // ........E.......
	0x41, 0x00, 0x06, 0x00, 0xa4, 0x00, 0x00, 0x00, 0x11, 0x02, 0x00, 0x00, 0x6b, 0x00, 0x00, 0x00, // A...........k...
	0x46, 0x00, 0x00, 0x00, 0x46, 0x00, 0x00, 0x00, 0x3d, 0x00, 0x04, 0x00, 0x0e, 0x00, 0x00, 0x00, // F...F...=.......
	0x12, 0x02, 0x00, 0x00, 0x11, 0x02, 0x00, 0x00, 0x4f, 0x00, 0x08, 0x00, 0x15, 0x00, 0x00, 0x00, // ........O.......
	0x13, 0x02, 0x00, 0x00, 0x12, 0x02, 0x00, 0x00, 0x12, 0x02, 0x00, 0x00, 0x00, 0x00, 0x00, 0x00, // ................
	0x01, 0x00, 0x00, 0x00, 0x02, 0x00, 0x00, 0x00, 0x41, 0x00, 0x06, 0x00, 0xa4, 0x00, 0x00, 0x00, // ........A.......
	0x14, 0x02, 0x00, 0x00, 0x6b, 0x00, 0x00, 0x00, 0x46, 0x00, 0x00, 0x00, 0x42, 0x00, 0x00, 0x00, // ....k...F...B...
	0x3d, 0x00, 0x04, 0x00, 0x0e, 0x00, 0x00, 0x00, 0x15, 0x02, 0x00, 0x00, 0x14, 0x02, 0x00, 0x00, // =...............
	0x4f, 0x00, 0x08, 0x00, 0x15, 0x00, 0x00, 0x00, 0x16, 0x02, 0x00, 0x00, 0x15, 0x02, 0x00, 0x00, // O...............
	0x15, 0x02, 0x00, 0x00, 0x00, 0x00, 0x00, 0x00, 0x01, 0x00, 0x00, 0x00, 0x02, 0x00, 0x00, 0x00, // ................
	0x41, 0x00, 0x07, 0x00, 0x6e, 0x00, 0x00, 0x00, 0x17, 0x02, 0x00, 0x00, 0x6b, 0x00, 0x00, 0x00, // A...n.......k...
	0x46, 0x00, 0x00, 0x00, 0x46, 0x00, 0x00, 0x00, 0x6d, 0x00, 0x00, 0x00, 0x3d, 0x00, 0x04, 0x00, // F...F...m...=...
	0x07, 0x00, 0x00, 0x00, 0x18, 0x02, 0x00, 0x00, 0x17, 0x02, 0x00, 0x00, 0x85, 0x00, 0x05, 0x00, // ................
	0x07, 0x00, 0x00, 0x00, 0x1b, 0x02, 0x00, 0x00, 0x18, 0x02, 0x00, 0x00, 0x18, 0x02, 0x00, 0x00, // ................
	0x56, 0x00, 0x05, 0x00, 0x4a, 0x00, 0x00, 0x00, 0xe1, 0x02, 0x00, 0x00, 0x33, 0x00, 0x00, 0x00, // V...J.......3...
	0x30, 0x00, 0x00, 0x00, 0x58, 0x00, 0x07, 0x00, 0x0e, 0x00, 0x00, 0x00, 0xe4, 0x02, 0x00, 0x00, // 0...X...........
	0xe1, 0x02, 0x00, 0x00, 0x92, 0x01, 0x00, 0x00, 0x02, 0x00, 0x00, 0x00, 0x60, 0x00, 0x00, 0x00, // ............`...
	0x4f, 0x00, 0x08, 0x00, 0x15, 0x00, 0x00, 0x00, 0x1f, 0x02, 0x00, 0x00, 0xe4, 0x02, 0x00, 0x00, // O...............
	0xe4, 0x02, 0x00, 0x00, 0x00, 0x00, 0x00, 0x00, 0x01, 0x00, 0x00, 0x00, 0x02, 0x00, 0x00, 0x00, // ................
	0x94, 0x00, 0x05, 0x00, 0x07, 0x00, 0x00, 0x00, 0x22, 0x02, 0x00, 0x00, 0x10, 0x02, 0x00, 0x00, // ........".......
	0x13, 0x02, 0x00, 0x00, 0x94, 0x00, 0x05, 0x00, 0x07, 0x00, 0x00, 0x00, 0x25, 0x02, 0x00, 0x00, // ............%...
	0x13, 0x02, 0x00, 0x00, 0x13, 0x02, 0x00, 0x00, 0x85, 0x00, 0x05, 0x00, 0x07, 0x00, 0x00, 0x00, // ................
	0x27, 0x02, 0x00, 0x00, 0x1b, 0x02, 0x00, 0x00, 0xc3, 0x00, 0x00, 0x00, 0x83, 0x00, 0x05, 0x00, // '...............
	0x07, 0x00, 0x00, 0x00, 0x28, 0x02, 0x00, 0x00, 0x25, 0x02, 0x00, 0x00, 0x27, 0x02, 0x00, 0x00, // ....(...%...'...
	0x85, 0x00, 0x05, 0x00, 0x07, 0x00, 0x00, 0x00, 0x2b, 0x02, 0x00, 0x00, 0x22, 0x02, 0x00, 0x00, // ........+..."...
	0x22, 0x02, 0x00, 0x00, 0x83, 0x00, 0x05, 0x00, 0x07, 0x00, 0x00, 0x00, 0x2d, 0x02, 0x00, 0x00, // "...........-...
	0x2b, 0x02, 0x00, 0x00, 0x28, 0x02, 0x00, 0x00, 0xb8, 0x00, 0x05, 0x00, 0xcd, 0x00, 0x00, 0x00, // +...(...........
	0x2f, 0x02, 0x00, 0x00, 0x2d, 0x02, 0x00, 0x00, 0x60, 0x00, 0x00, 0x00, 0xf7, 0x00, 0x03, 0x00, // /...-...`.......
	0x4a, 0x02, 0x00, 0x00, 0x00, 0x00, 0x00, 0x00, 0xfa, 0x00, 0x04, 0x00, 0x2f, 0x02, 0x00, 0x00, // J.........../...
	0x30, 0x02, 0x00, 0x00, 0x32, 0x02, 0x00, 0x00, 0xf8, 0x00, 0x02, 0x00, 0x30, 0x02, 0x00, 0x00, // 0...2.......0...
	0xf9, 0x00, 0x02, 0x00, 0x4a, 0x02, 0x00, 0x00, 0xf8, 0x00, 0x02, 0x00, 0x32, 0x02, 0x00, 0x00, // ....J.......2...
	0x0c, 0x00, 0x06, 0x00, 0x07, 0x00, 0x00, 0x00, 0x35, 0x02, 0x00, 0x00, 0x01, 0x00, 0x00, 0x00, // ........5.......
	0x1f, 0x00, 0x00, 0x00, 0x2d, 0x02, 0x00, 0x00, 0x83, 0x00, 0x05, 0x00, 0x07, 0x00, 0x00, 0x00, // ....-...........
	0x36, 0x02, 0x00, 0x00, 0x22, 0x02, 0x00, 0x00, 0x35, 0x02, 0x00, 0x00, 0x51, 0x00, 0x05, 0x00, // 6..."...5...Q...
	0x07, 0x00, 0x00, 0x00, 0x38, 0x02, 0x00, 0x00, 0x10, 0x02, 0x00, 0x00, 0x02, 0x00, 0x00, 0x00, // ....8...........
	0x85, 0x00, 0x05, 0x00, 0x07, 0x00, 0x00, 0x00, 0x39, 0x02, 0x00, 0x00, 0x36, 0x02, 0x00, 0x00, // ........9...6...
	0x38, 0x02, 0x00, 0x00, 0x81, 0x00, 0x05, 0x00, 0x07, 0x00, 0x00, 0x00, 0x3d, 0x02, 0x00, 0x00, // 8...........=...
	0x39, 0x02, 0x00, 0x00, 0x82, 0x00, 0x00, 0x00, 0xba, 0x00, 0x05, 0x00, 0xcd, 0x00, 0x00, 0x00, // 9...............
	0x3e, 0x02, 0x00, 0x00, 0x0d, 0x02, 0x00, 0x00, 0x3d, 0x02, 0x00, 0x00, 0xf7, 0x00, 0x03, 0x00, // >.......=.......
	0x45, 0x02, 0x00, 0x00, 0x00, 0x00, 0x00, 0x00, 0xfa, 0x00, 0x04, 0x00, 0x3e, 0x02, 0x00, 0x00, // E...........>...
	0x3f, 0x02, 0x00, 0x00, 0x45, 0x02, 0x00, 0x00, 0xf8, 0x00, 0x02, 0x00, 0x3f, 0x02, 0x00, 0x00, // ?...E.......?...
	0x51, 0x00, 0x05, 0x00, 0x07, 0x00, 0x00, 0x00, 0x41, 0x02, 0x00, 0x00, 0xe4, 0x02, 0x00, 0x00, // Q.......A.......
	0x00, 0x00, 0x00, 0x00, 0x51, 0x00, 0x05, 0x00, 0x07, 0x00, 0x00, 0x00, 0x42, 0x02, 0x00, 0x00, // ....Q.......B...
	0xe4, 0x02, 0x00, 0x00, 0x01, 0x00, 0x00, 0x00, 0x51, 0x00, 0x05, 0x00, 0x07, 0x00, 0x00, 0x00, // ........Q.......
	0x43, 0x02, 0x00, 0x00, 0xe4, 0x02, 0x00, 0x00, 0x02, 0x00, 0x00, 0x00, 0x50, 0x00, 0x07, 0x00, // C...........P...
	0x0e, 0x00, 0x00, 0x00, 0x44, 0x02, 0x00, 0x00, 0x41, 0x02, 0x00, 0x00, 0x42, 0x02, 0x00, 0x00, // ....D...A...B...
	0x43, 0x02, 0x00, 0x00, 0x82, 0x00, 0x00, 0x00, 0xf9, 0x00, 0x02, 0x00, 0xcc, 0x02, 0x00, 0x00, // C...............
	0xf8, 0x00, 0x02, 0x00, 0x45, 0x02, 0x00, 0x00, 0x56, 0x00, 0x05, 0x00, 0x4a, 0x00, 0x00, 0x00, // ....E...V...J...
	0xeb, 0x02, 0x00, 0x00, 0x39, 0x00, 0x00, 0x00, 0x37, 0x00, 0x00, 0x00, 0x58, 0x00, 0x07, 0x00, // ....9...7...X...
	0x0e, 0x00, 0x00, 0x00, 0xee, 0x02, 0x00, 0x00, 0xeb, 0x02, 0x00, 0x00, 0x92, 0x01, 0x00, 0x00, // ................
	0x02, 0x00, 0x00, 0x00, 0x60, 0x00, 0x00, 0x00, 0x4f, 0x00, 0x08, 0x00, 0x15, 0x00, 0x00, 0x00, // ....`...O.......
	0x49, 0x02, 0x00, 0x00, 0xee, 0x02, 0x00, 0x00, 0xee, 0x02, 0x00, 0x00, 0x00, 0x00, 0x00, 0x00, // I...............
	0x01, 0x00, 0x00, 0x00, 0x02, 0x00, 0x00, 0x00, 0xf9, 0x00, 0x02, 0x00, 0x4a, 0x02, 0x00, 0x00, // ............J...
	0xf8, 0x00, 0x02, 0x00, 0x4a, 0x02, 0x00, 0x00, 0xf5, 0x00, 0x07, 0x00, 0x15, 0x00, 0x00, 0x00, // ....J...........
	0x4c, 0x03, 0x00, 0x00, 0x1f, 0x02, 0x00, 0x00, 0x30, 0x02, 0x00, 0x00, 0x49, 0x02, 0x00, 0x00, // L.......0...I...
	0x45, 0x02, 0x00, 0x00, 0xf9, 0x00, 0x02, 0x00, 0x4b, 0x02, 0x00, 0x00, 0xf8, 0x00, 0x02, 0x00, // E.......K.......
	0x4b, 0x02, 0x00, 0x00, 0xf5, 0x00, 0x07, 0x00, 0x15, 0x00, 0x00, 0x00, 0x48, 0x03, 0x00, 0x00, // K...........H...
	0x1f, 0x02, 0x00, 0x00, 0x4a, 0x02, 0x00, 0x00, 0x4e, 0x03, 0x00, 0x00, 0xbf, 0x02, 0x00, 0x00, // ....J...N.......
	0xf5, 0x00, 0x07, 0x00, 0x41, 0x00, 0x00, 0x00, 0x47, 0x03, 0x00, 0x00, 0x42, 0x00, 0x00, 0x00, // ....A...G...B...
	0x4a, 0x02, 0x00, 0x00, 0xc1, 0x02, 0x00, 0x00, 0xbf, 0x02, 0x00, 0x00, 0xb1, 0x00, 0x05, 0x00, // J...............
	0xcd, 0x00, 0x00, 0x00, 0x4f, 0x02, 0x00, 0x00, 0x47, 0x03, 0x00, 0x00, 0xee, 0x01, 0x00, 0x00, // ....O...G.......
	0xf6, 0x00, 0x04, 0x00, 0xc2, 0x02, 0x00, 0x00, 0xbf, 0x02, 0x00, 0x00, 0x00, 0x00, 0x00, 0x00, // ................
	0xfa, 0x00, 0x04, 0x00, 0x4f, 0x02, 0x00, 0x00, 0x50, 0x02, 0x00, 0x00, 0xc2, 0x02, 0x00, 0x00, // ....O...P.......
	0xf8, 0x00, 0x02, 0x00, 0x50, 0x02, 0x00, 0x00, 0x6f, 0x00, 0x04, 0x00, 0x07, 0x00, 0x00, 0x00, // ....P...o.......
	0x52, 0x02, 0x00, 0x00, 0x47, 0x03, 0x00, 0x00, 0x88, 0x00, 0x05, 0x00, 0x07, 0x00, 0x00, 0x00, // R...G...........
	0x55, 0x02, 0x00, 0x00, 0x52, 0x02, 0x00, 0x00, 0xed, 0x01, 0x00, 0x00, 0x50, 0x00, 0x06, 0x00, // U...R.......P...
	0x15, 0x00, 0x00, 0x00, 0x57, 0x02, 0x00, 0x00, 0x55, 0x02, 0x00, 0x00, 0x55, 0x02, 0x00, 0x00, // ....W...U...U...
	0x55, 0x02, 0x00, 0x00, 0x0c, 0x00, 0x08, 0x00, 0x15, 0x00, 0x00, 0x00, 0xf4, 0x02, 0x00, 0x00, // U...............
	0x01, 0x00, 0x00, 0x00, 0x2e, 0x00, 0x00, 0x00, 0x16, 0x02, 0x00, 0x00, 0x13, 0x02, 0x00, 0x00, // ................
	0x57, 0x02, 0x00, 0x00, 0x94, 0x00, 0x05, 0x00, 0x07, 0x00, 0x00, 0x00, 0x5d, 0x02, 0x00, 0x00, // W...........]...
	0x10, 0x02, 0x00, 0x00, 0xf4, 0x02, 0x00, 0x00, 0x94, 0x00, 0x05, 0x00, 0x07, 0x00, 0x00, 0x00, // ................
	0x60, 0x02, 0x00, 0x00, 0xf4, 0x02, 0x00, 0x00, 0xf4, 0x02, 0x00, 0x00, 0x83, 0x00, 0x05, 0x00, // `...............
	0x07, 0x00, 0x00, 0x00, 0x62, 0x02, 0x00, 0x00, 0x60, 0x02, 0x00, 0x00, 0x1b, 0x02, 0x00, 0x00, // ....b...`.......
	0x85, 0x00, 0x05, 0x00, 0x07, 0x00, 0x00, 0x00, 0x65, 0x02, 0x00, 0x00, 0x5d, 0x02, 0x00, 0x00, // ........e...]...
	0x5d, 0x02, 0x00, 0x00, 0x83, 0x00, 0x05, 0x00, 0x07, 0x00, 0x00, 0x00, 0x67, 0x02, 0x00, 0x00, // ]...........g...
	0x65, 0x02, 0x00, 0x00, 0x62, 0x02, 0x00, 0x00, 0xb8, 0x00, 0x05, 0x00, 0xcd, 0x00, 0x00, 0x00, // e...b...........
	0x69, 0x02, 0x00, 0x00, 0x67, 0x02, 0x00, 0x00, 0x60, 0x00, 0x00, 0x00, 0xf7, 0x00, 0x03, 0x00, // i...g...`.......
	0xbe, 0x02, 0x00, 0x00, 0x00, 0x00, 0x00, 0x00, 0xfa, 0x00, 0x04, 0x00, 0x69, 0x02, 0x00, 0x00, // ............i...
	0x6a, 0x02, 0x00, 0x00, 0x6e, 0x02, 0x00, 0x00, 0xf8, 0x00, 0x02, 0x00, 0x6a, 0x02, 0x00, 0x00, // j...n.......j...
	0x81, 0x00, 0x05, 0x00, 0x15, 0x00, 0x00, 0x00, 0x6d, 0x02, 0x00, 0x00, 0x48, 0x03, 0x00, 0x00, // ........m...H...
	0x4c, 0x03, 0x00, 0x00, 0xf9, 0x00, 0x02, 0x00, 0xbe, 0x02, 0x00, 0x00, 0xf8, 0x00, 0x02, 0x00, // L...............
	0x6e, 0x02, 0x00, 0x00, 0x0c, 0x00, 0x06, 0x00, 0x07, 0x00, 0x00, 0x00, 0x71, 0x02, 0x00, 0x00, // n...........q...
	0x01, 0x00, 0x00, 0x00, 0x1f, 0x00, 0x00, 0x00, 0x67, 0x02, 0x00, 0x00, 0x83, 0x00, 0x05, 0x00, // ........g.......
	0x07, 0x00, 0x00, 0x00, 0x72, 0x02, 0x00, 0x00, 0x5d, 0x02, 0x00, 0x00, 0x71, 0x02, 0x00, 0x00, // ....r...]...q...
	0x8e, 0x00, 0x05, 0x00, 0x15, 0x00, 0x00, 0x00, 0x74, 0x02, 0x00, 0x00, 0x10, 0x02, 0x00, 0x00, // ........t.......
	0x72, 0x02, 0x00, 0x00, 0x83, 0x00, 0x05, 0x00, 0x15, 0x00, 0x00, 0x00, 0x76, 0x02, 0x00, 0x00, // r...........v...
	0x74, 0x02, 0x00, 0x00, 0xf4, 0x02, 0x00, 0x00, 0x81, 0x00, 0x05, 0x00, 0x15, 0x00, 0x00, 0x00, // t...............
	0x79, 0x02, 0x00, 0x00, 0x16, 0x02, 0x00, 0x00, 0x76, 0x02, 0x00, 0x00, 0x51, 0x00, 0x05, 0x00, // y.......v...Q...
	0x07, 0x00, 0x00, 0x00, 0x7a, 0x02, 0x00, 0x00, 0x79, 0x02, 0x00, 0x00, 0x00, 0x00, 0x00, 0x00, // ....z...y.......
	0x51, 0x00, 0x05, 0x00, 0x07, 0x00, 0x00, 0x00, 0x7b, 0x02, 0x00, 0x00, 0x79, 0x02, 0x00, 0x00, // Q.......{...y...
	0x01, 0x00, 0x00, 0x00, 0x51, 0x00, 0x05, 0x00, 0x07, 0x00, 0x00, 0x00, 0x7c, 0x02, 0x00, 0x00, // ....Q.......|...
	0x79, 0x02, 0x00, 0x00, 0x02, 0x00, 0x00, 0x00, 0x50, 0x00, 0x07, 0x00, 0x0e, 0x00, 0x00, 0x00, // y.......P.......
	0x7d, 0x02, 0x00, 0x00, 0x7a, 0x02, 0x00, 0x00, 0x7b, 0x02, 0x00, 0x00, 0x7c, 0x02, 0x00, 0x00, // }...z...{...|...
	0x82, 0x00, 0x00, 0x00, 0x41, 0x00, 0x05, 0x00, 0x8e, 0x00, 0x00, 0x00, 0x7e, 0x02, 0x00, 0x00, // ....A.......~...
	0x6b, 0x00, 0x00, 0x00, 0x42, 0x00, 0x00, 0x00, 0x3d, 0x00, 0x04, 0x00, 0x68, 0x00, 0x00, 0x00, // k...B...=...h...
	0x7f, 0x02, 0x00, 0x00, 0x7e, 0x02, 0x00, 0x00, 0x90, 0x00, 0x05, 0x00, 0x0e, 0x00, 0x00, 0x00, // ....~...........
	0x80, 0x02, 0x00, 0x00, 0x7d, 0x02, 0x00, 0x00, 0x7f, 0x02, 0x00, 0x00, 0x81, 0x00, 0x05, 0x00, // ....}...........
	0x15, 0x00, 0x00, 0x00, 0x83, 0x02, 0x00, 0x00, 0x13, 0x02, 0x00, 0x00, 0x76, 0x02, 0x00, 0x00, // ............v...
	0x51, 0x00, 0x05, 0x00, 0x07, 0x00, 0x00, 0x00, 0x84, 0x02, 0x00, 0x00, 0x83, 0x02, 0x00, 0x00, // Q...............
	0x00, 0x00, 0x00, 0x00, 0x51, 0x00, 0x05, 0x00, 0x07, 0x00, 0x00, 0x00, 0x85, 0x02, 0x00, 0x00, // ....Q...........
	0x83, 0x02, 0x00, 0x00, 0x01, 0x00, 0x00, 0x00, 0x51, 0x00, 0x05, 0x00, 0x07, 0x00, 0x00, 0x00, // ........Q.......
	0x86, 0x02, 0x00, 0x00, 0x83, 0x02, 0x00, 0x00, 0x02, 0x00, 0x00, 0x00, 0x50, 0x00, 0x07, 0x00, // ............P...
	0x0e, 0x00, 0x00, 0x00, 0x87, 0x02, 0x00, 0x00, 0x84, 0x02, 0x00, 0x00, 0x85, 0x02, 0x00, 0x00, // ................
	0x86, 0x02, 0x00, 0x00, 0x82, 0x00, 0x00, 0x00, 0x90, 0x00, 0x05, 0x00, 0x0e, 0x00, 0x00, 0x00, // ................
	0x8a, 0x02, 0x00, 0x00, 0x87, 0x02, 0x00, 0x00, 0x7f, 0x02, 0x00, 0x00, 0x51, 0x00, 0x05, 0x00, // ............Q...
	0x07, 0x00, 0x00, 0x00, 0x8c, 0x02, 0x00, 0x00, 0x80, 0x02, 0x00, 0x00, 0x03, 0x00, 0x00, 0x00, // ................
	0x4f, 0x00, 0x07, 0x00, 0x0b, 0x00, 0x00, 0x00, 0x8e, 0x02, 0x00, 0x00, 0x80, 0x02, 0x00, 0x00, // O...............
	0x80, 0x02, 0x00, 0x00, 0x00, 0x00, 0x00, 0x00, 0x01, 0x00, 0x00, 0x00, 0x50, 0x00, 0x05, 0x00, // ............P...
	0x0b, 0x00, 0x00, 0x00, 0x8f, 0x02, 0x00, 0x00, 0x8c, 0x02, 0x00, 0x00, 0x8c, 0x02, 0x00, 0x00, // ................
	0x88, 0x00, 0x05, 0x00, 0x0b, 0x00, 0x00, 0x00, 0x90, 0x02, 0x00, 0x00, 0x8e, 0x02, 0x00, 0x00, // ................
	0x8f, 0x02, 0x00, 0x00, 0x51, 0x00, 0x05, 0x00, 0x07, 0x00, 0x00, 0x00, 0x92, 0x02, 0x00, 0x00, // ....Q...........
	0x90, 0x02, 0x00, 0x00, 0x00, 0x00, 0x00, 0x00, 0x51, 0x00, 0x05, 0x00, 0x07, 0x00, 0x00, 0x00, // ........Q.......
	0x94, 0x02, 0x00, 0x00, 0x90, 0x02, 0x00, 0x00, 0x01, 0x00, 0x00, 0x00, 0x51, 0x00, 0x05, 0x00, // ............Q...
	0x07, 0x00, 0x00, 0x00, 0x96, 0x02, 0x00, 0x00, 0x8a, 0x02, 0x00, 0x00, 0x03, 0x00, 0x00, 0x00, // ................
	0x4f, 0x00, 0x07, 0x00, 0x0b, 0x00, 0x00, 0x00, 0x98, 0x02, 0x00, 0x00, 0x8a, 0x02, 0x00, 0x00, // O...............
	0x8a, 0x02, 0x00, 0x00, 0x00, 0x00, 0x00, 0x00, 0x01, 0x00, 0x00, 0x00, 0x50, 0x00, 0x05, 0x00, // ............P...
	0x0b, 0x00, 0x00, 0x00, 0x99, 0x02, 0x00, 0x00, 0x96, 0x02, 0x00, 0x00, 0x96, 0x02, 0x00, 0x00, // ................
	0x88, 0x00, 0x05, 0x00, 0x0b, 0x00, 0x00, 0x00, 0x9a, 0x02, 0x00, 0x00, 0x98, 0x02, 0x00, 0x00, // ................
	0x99, 0x02, 0x00, 0x00, 0x51, 0x00, 0x05, 0x00, 0x07, 0x00, 0x00, 0x00, 0x9c, 0x02, 0x00, 0x00, // ....Q...........
	0x9a, 0x02, 0x00, 0x00, 0x00, 0x00, 0x00, 0x00, 0x51, 0x00, 0x05, 0x00, 0x07, 0x00, 0x00, 0x00, // ........Q.......
	0x9e, 0x02, 0x00, 0x00, 0x9a, 0x02, 0x00, 0x00, 0x01, 0x00, 0x00, 0x00, 0x7f, 0x00, 0x04, 0x00, // ................
	0x07, 0x00, 0x00, 0x00, 0xa4, 0x02, 0x00, 0x00, 0x94, 0x02, 0x00, 0x00, 0x50, 0x00, 0x05, 0x00, // ............P...
	0x0b, 0x00, 0x00, 0x00, 0xa5, 0x02, 0x00, 0x00, 0x92, 0x02, 0x00, 0x00, 0xa4, 0x02, 0x00, 0x00, // ................
	0x8e, 0x00, 0x05, 0x00, 0x0b, 0x00, 0x00, 0x00, 0xa6, 0x02, 0x00, 0x00, 0xa5, 0x02, 0x00, 0x00, // ................
	0x54, 0x01, 0x00, 0x00, 0x81, 0x00, 0x05, 0x00, 0x0b, 0x00, 0x00, 0x00, 0xa7, 0x02, 0x00, 0x00, // T...............
	0x45, 0x03, 0x00, 0x00, 0xa6, 0x02, 0x00, 0x00, 0x56, 0x00, 0x05, 0x00, 0x4a, 0x00, 0x00, 0x00, // E.......V...J...
	0xff, 0x02, 0x00, 0x00, 0x39, 0x00, 0x00, 0x00, 0x37, 0x00, 0x00, 0x00, 0x58, 0x00, 0x07, 0x00, // ....9...7...X...
	0x0e, 0x00, 0x00, 0x00, 0x02, 0x03, 0x00, 0x00, 0xff, 0x02, 0x00, 0x00, 0xa7, 0x02, 0x00, 0x00, // ................
	0x02, 0x00, 0x00, 0x00, 0x60, 0x00, 0x00, 0x00, 0x4f, 0x00, 0x08, 0x00, 0x15, 0x00, 0x00, 0x00, // ....`...O.......
	0xaa, 0x02, 0x00, 0x00, 0x02, 0x03, 0x00, 0x00, 0x02, 0x03, 0x00, 0x00, 0x00, 0x00, 0x00, 0x00, // ................
	0x01, 0x00, 0x00, 0x00, 0x02, 0x00, 0x00, 0x00, 0x7f, 0x00, 0x04, 0x00, 0x07, 0x00, 0x00, 0x00, // ................
	0xb0, 0x02, 0x00, 0x00, 0x9e, 0x02, 0x00, 0x00, 0x50, 0x00, 0x05, 0x00, 0x0b, 0x00, 0x00, 0x00, // ........P.......
	0xb1, 0x02, 0x00, 0x00, 0x9c, 0x02, 0x00, 0x00, 0xb0, 0x02, 0x00, 0x00, 0x8e, 0x00, 0x05, 0x00, // ................
	0x0b, 0x00, 0x00, 0x00, 0xb2, 0x02, 0x00, 0x00, 0xb1, 0x02, 0x00, 0x00, 0x54, 0x01, 0x00, 0x00, // ............T...
	0x81, 0x00, 0x05, 0x00, 0x0b, 0x00, 0x00, 0x00, 0xb3, 0x02, 0x00, 0x00, 0x45, 0x03, 0x00, 0x00, // ............E...
	0xb2, 0x02, 0x00, 0x00, 0x56, 0x00, 0x05, 0x00, 0x4a, 0x00, 0x00, 0x00, 0x0d, 0x03, 0x00, 0x00, // ....V...J.......
	0x33, 0x00, 0x00, 0x00, 0x30, 0x00, 0x00, 0x00, 0x58, 0x00, 0x07, 0x00, 0x0e, 0x00, 0x00, 0x00, // 3...0...X.......
	0x10, 0x03, 0x00, 0x00, 0x0d, 0x03, 0x00, 0x00, 0xb3, 0x02, 0x00, 0x00, 0x02, 0x00, 0x00, 0x00, // ................
	0x60, 0x00, 0x00, 0x00, 0x4f, 0x00, 0x08, 0x00, 0x15, 0x00, 0x00, 0x00, 0xb6, 0x02, 0x00, 0x00, // `...O...........
	0x10, 0x03, 0x00, 0x00, 0x10, 0x03, 0x00, 0x00, 0x00, 0x00, 0x00, 0x00, 0x01, 0x00, 0x00, 0x00, // ................
	0x02, 0x00, 0x00, 0x00, 0x0c, 0x00, 0x08, 0x00, 0x15, 0x00, 0x00, 0x00, 0x16, 0x03, 0x00, 0x00, // ................
	0x01, 0x00, 0x00, 0x00, 0x2e, 0x00, 0x00, 0x00, 0xaa, 0x02, 0x00, 0x00, 0xb6, 0x02, 0x00, 0x00, // ................
	0x57, 0x02, 0x00, 0x00, 0x81, 0x00, 0x05, 0x00, 0x15, 0x00, 0x00, 0x00, 0xbd, 0x02, 0x00, 0x00, // W...............
	0x48, 0x03, 0x00, 0x00, 0x16, 0x03, 0x00, 0x00, 0xf9, 0x00, 0x02, 0x00, 0xbe, 0x02, 0x00, 0x00, // H...............
	0xf8, 0x00, 0x02, 0x00, 0xbe, 0x02, 0x00, 0x00, 0xf5, 0x00, 0x07, 0x00, 0x15, 0x00, 0x00, 0x00, // ................
	0x4e, 0x03, 0x00, 0x00, 0x6d, 0x02, 0x00, 0x00, 0x6a, 0x02, 0x00, 0x00, 0xbd, 0x02, 0x00, 0x00, // N...m...j.......
	0x6e, 0x02, 0x00, 0x00, 0xf9, 0x00, 0x02, 0x00, 0xbf, 0x02, 0x00, 0x00, 0xf8, 0x00, 0x02, 0x00, // n...............
	0xbf, 0x02, 0x00, 0x00, 0x80, 0x00, 0x05, 0x00, 0x41, 0x00, 0x00, 0x00, 0xc1, 0x02, 0x00, 0x00, // ........A.......
	0x47, 0x03, 0x00, 0x00, 0x42, 0x00, 0x00, 0x00, 0xf9, 0x00, 0x02, 0x00, 0x4b, 0x02, 0x00, 0x00, // G...B.......K...
	0xf8, 0x00, 0x02, 0x00, 0xc2, 0x02, 0x00, 0x00, 0x50, 0x00, 0x06, 0x00, 0x15, 0x00, 0x00, 0x00, // ........P.......
	0xc6, 0x02, 0x00, 0x00, 0xed, 0x01, 0x00, 0x00, 0xed, 0x01, 0x00, 0x00, 0xed, 0x01, 0x00, 0x00, // ................
	0x88, 0x00, 0x05, 0x00, 0x15, 0x00, 0x00, 0x00, 0xc7, 0x02, 0x00, 0x00, 0x48, 0x03, 0x00, 0x00, // ............H...
	0xc6, 0x02, 0x00, 0x00, 0x51, 0x00, 0x05, 0x00, 0x07, 0x00, 0x00, 0x00, 0xc8, 0x02, 0x00, 0x00, // ....Q...........
	0xc7, 0x02, 0x00, 0x00, 0x00, 0x00, 0x00, 0x00, 0x51, 0x00, 0x05, 0x00, 0x07, 0x00, 0x00, 0x00, // ........Q.......
	0xc9, 0x02, 0x00, 0x00, 0xc7, 0x02, 0x00, 0x00, 0x01, 0x00, 0x00, 0x00, 0x51, 0x00, 0x05, 0x00, // ............Q...
	0x07, 0x00, 0x00, 0x00, 0xca, 0x02, 0x00, 0x00, 0xc7, 0x02, 0x00, 0x00, 0x02, 0x00, 0x00, 0x00, // ................
	0x50, 0x00, 0x07, 0x00, 0x0e, 0x00, 0x00, 0x00, 0xcb, 0x02, 0x00, 0x00, 0xc8, 0x02, 0x00, 0x00, // P...............
	0xc9, 0x02, 0x00, 0x00, 0xca, 0x02, 0x00, 0x00, 0x82, 0x00, 0x00, 0x00, 0xf9, 0x00, 0x02, 0x00, // ................
	0xcc, 0x02, 0x00, 0x00, 0xf8, 0x00, 0x02, 0x00, 0xcc, 0x02, 0x00, 0x00, 0xf5, 0x00, 0x07, 0x00, // ................
	0x0e, 0x00, 0x00, 0x00, 0x4a, 0x03, 0x00, 0x00, 0x44, 0x02, 0x00, 0x00, 0x3f, 0x02, 0x00, 0x00, // ....J...D...?...
	0xcb, 0x02, 0x00, 0x00, 0xc2, 0x02, 0x00, 0x00, 0x3e, 0x00, 0x03, 0x00, 0x9c, 0x01, 0x00, 0x00, // ........>.......
	0x4a, 0x03, 0x00, 0x00, 0xfd, 0x00, 0x01, 0x00, 0x38, 0x00, 0x01, 0x00, 0x00, 0x00, 0x10, 0x01, // J.......8.......
};
static const bgfx::EmbeddedShader fs_pp_motionblur = BGFX_EMBEDDED_SHADER(fs_pp_motionblur);

//////////////////////////////////////////////////////////////////////////////////////////////////////////////////////
// Build of fragment shader from fs_pp_motionblur.sc to fs_pp_motionblur_st with options: STEREO
static const uint8_t fs_pp_motionblur_st_mtl[4187] =
{
	0x46, 0x53, 0x48, 0x0c, 0x4a, 0x63, 0xcf, 0x5f, 0x00, 0x00, 0x00, 0x00, 0x00, 0x00, 0x00, 0x00, // FSH.Jc._........
	0x00, 0x00, 0x00, 0x00, 0x0d, 0x00, 0x16, 0x74, 0x65, 0x78, 0x5f, 0x66, 0x62, 0x5f, 0x66, 0x69, // .......tex_fb_fi
	0x6c, 0x74, 0x65, 0x72, 0x65, 0x64, 0x53, 0x61, 0x6d, 0x70, 0x6c, 0x65, 0x72, 0x11, 0x01, 0xff, // lteredSampler...
	0xff, 0x01, 0x00, 0x00, 0x00, 0x00, 0x00, 0x16, 0x74, 0x65, 0x78, 0x5f, 0x66, 0x62, 0x5f, 0x66, // ........tex_fb_f
	0x69, 0x6c, 0x74, 0x65, 0x72, 0x65, 0x64, 0x54, 0x65, 0x78, 0x74, 0x75, 0x72, 0x65, 0x11, 0x01, // ilteredTexture..
	0xff, 0xff, 0x01, 0x00, 0x00, 0x00, 0x00, 0x00, 0x10, 0x74, 0x65, 0x78, 0x5f, 0x62, 0x6c, 0x6f, // .........tex_blo
	0x6f, 0x6d, 0x53, 0x61, 0x6d, 0x70, 0x6c, 0x65, 0x72, 0x11, 0x01, 0xff, 0xff, 0x01, 0x00, 0x00, // omSampler.......
	0x00, 0x00, 0x00, 0x10, 0x74, 0x65, 0x78, 0x5f, 0x62, 0x6c, 0x6f, 0x6f, 0x6d, 0x54, 0x65, 0x78, // ....tex_bloomTex
	0x74, 0x75, 0x72, 0x65, 0x11, 0x01, 0xff, 0xff, 0x01, 0x00, 0x00, 0x00, 0x00, 0x00, 0x10, 0x74, // ture...........t
	0x65, 0x78, 0x5f, 0x64, 0x65, 0x70, 0x74, 0x68, 0x53, 0x61, 0x6d, 0x70, 0x6c, 0x65, 0x72, 0x11, // ex_depthSampler.
	0x01, 0xff, 0xff, 0x01, 0x00, 0x00, 0x00, 0x00, 0x00, 0x10, 0x74, 0x65, 0x78, 0x5f, 0x64, 0x65, // ..........tex_de
	0x70, 0x74, 0x68, 0x54, 0x65, 0x78, 0x74, 0x75, 0x72, 0x65, 0x11, 0x01, 0xff, 0xff, 0x01, 0x00, // pthTexture......
	0x00, 0x00, 0x00, 0x00, 0x0a, 0x77, 0x5f, 0x68, 0x5f, 0x68, 0x65, 0x69, 0x67, 0x68, 0x74, 0x12, // .....w_h_height.
	0x01, 0x80, 0x01, 0x01, 0x00, 0x00, 0x00, 0x00, 0x00, 0x0a, 0x6d, 0x61, 0x74, 0x50, 0x72, 0x6f, // ..........matPro
	0x6a, 0x49, 0x6e, 0x76, 0x14, 0x02, 0x00, 0x01, 0x08, 0x00, 0x00, 0x00, 0x00, 0x00, 0x05, 0x62, // jInv...........b
	0x61, 0x6c, 0x6c, 0x73, 0x12, 0x02, 0x00, 0x00, 0x02, 0x00, 0x00, 0x00, 0x00, 0x00, 0x07, 0x6d, // alls...........m
	0x61, 0x74, 0x50, 0x72, 0x6f, 0x6a, 0x14, 0x02, 0x80, 0x00, 0x08, 0x00, 0x00, 0x00, 0x00, 0x00, // atProj..........
	0x0f, 0x74, 0x65, 0x78, 0x5f, 0x66, 0x62, 0x5f, 0x66, 0x69, 0x6c, 0x74, 0x65, 0x72, 0x65, 0x64, // .tex_fb_filtered
	0x10, 0x00, 0x00, 0x00, 0x00, 0x00, 0x00, 0x03, 0x00, 0x00, 0x09, 0x74, 0x65, 0x78, 0x5f, 0x62, // ...........tex_b
	0x6c, 0x6f, 0x6f, 0x6d, 0x10, 0x00, 0x00, 0x00, 0x00, 0x00, 0x00, 0x03, 0x00, 0x00, 0x09, 0x74, // loom...........t
	0x65, 0x78, 0x5f, 0x64, 0x65, 0x70, 0x74, 0x68, 0x10, 0x00, 0x00, 0x00, 0x00, 0x00, 0x00, 0x03, // ex_depth........
	0x00, 0x00, 0x01, 0x0f, 0x00, 0x00, 0x23, 0x69, 0x6e, 0x63, 0x6c, 0x75, 0x64, 0x65, 0x20, 0x3c, // ......#include <
	0x6d, 0x65, 0x74, 0x61, 0x6c, 0x5f, 0x73, 0x74, 0x64, 0x6c, 0x69, 0x62, 0x3e, 0x0a, 0x23, 0x69, // metal_stdlib>.#i
	0x6e, 0x63, 0x6c, 0x75, 0x64, 0x65, 0x20, 0x3c, 0x73, 0x69, 0x6d, 0x64, 0x2f, 0x73, 0x69, 0x6d, // nclude <simd/sim
	0x64, 0x2e, 0x68, 0x3e, 0x0a, 0x0a, 0x75, 0x73, 0x69, 0x6e, 0x67, 0x20, 0x6e, 0x61, 0x6d, 0x65, // d.h>..using name
	0x73, 0x70, 0x61, 0x63, 0x65, 0x20, 0x6d, 0x65, 0x74, 0x61, 0x6c, 0x3b, 0x0a, 0x0a, 0x73, 0x74, // space metal;..st
	0x72, 0x75, 0x63, 0x74, 0x20, 0x5f, 0x47, 0x6c, 0x6f, 0x62, 0x61, 0x6c, 0x0a, 0x7b, 0x0a, 0x20, // ruct _Global.{. 
	0x20, 0x20, 0x20, 0x66, 0x6c, 0x6f, 0x61, 0x74, 0x34, 0x20, 0x62, 0x61, 0x6c, 0x6c, 0x73, 0x5b, //    float4 balls[
	0x38, 0x5d, 0x3b, 0x0a, 0x20, 0x20, 0x20, 0x20, 0x66, 0x6c, 0x6f, 0x61, 0x74, 0x34, 0x78, 0x34, // 8];.    float4x4
	0x20, 0x6d, 0x61, 0x74, 0x50, 0x72, 0x6f, 0x6a, 0x5b, 0x32, 0x5d, 0x3b, 0x0a, 0x20, 0x20, 0x20, //  matProj[2];.   
	0x20, 0x66, 0x6c, 0x6f, 0x61, 0x74, 0x34, 0x78, 0x34, 0x20, 0x6d, 0x61, 0x74, 0x50, 0x72, 0x6f, //  float4x4 matPro
	0x6a, 0x49, 0x6e, 0x76, 0x5b, 0x32, 0x5d, 0x3b, 0x0a, 0x20, 0x20, 0x20, 0x20, 0x66, 0x6c, 0x6f, // jInv[2];.    flo
	0x61, 0x74, 0x34, 0x20, 0x77, 0x5f, 0x68, 0x5f, 0x68, 0x65, 0x69, 0x67, 0x68, 0x74, 0x3b, 0x0a, // at4 w_h_height;.
	0x7d, 0x3b, 0x0a, 0x0a, 0x63, 0x6f, 0x6e, 0x73, 0x74, 0x61, 0x6e, 0x74, 0x20, 0x66, 0x6c, 0x6f, // };..constant flo
	0x61, 0x74, 0x20, 0x5f, 0x39, 0x36, 0x38, 0x20, 0x3d, 0x20, 0x7b, 0x7d, 0x3b, 0x0a, 0x63, 0x6f, // at _968 = {};.co
	0x6e, 0x73, 0x74, 0x61, 0x6e, 0x74, 0x20, 0x66, 0x6c, 0x6f, 0x61, 0x74, 0x34, 0x20, 0x5f, 0x39, // nstant float4 _9
	0x38, 0x31, 0x20, 0x3d, 0x20, 0x7b, 0x7d, 0x3b, 0x0a, 0x0a, 0x73, 0x74, 0x72, 0x75, 0x63, 0x74, // 81 = {};..struct
	0x20, 0x78, 0x6c, 0x61, 0x74, 0x4d, 0x74, 0x6c, 0x4d, 0x61, 0x69, 0x6e, 0x5f, 0x6f, 0x75, 0x74, //  xlatMtlMain_out
	0x0a, 0x7b, 0x0a, 0x20, 0x20, 0x20, 0x20, 0x66, 0x6c, 0x6f, 0x61, 0x74, 0x34, 0x20, 0x62, 0x67, // .{.    float4 bg
	0x66, 0x78, 0x5f, 0x46, 0x72, 0x61, 0x67, 0x44, 0x61, 0x74, 0x61, 0x30, 0x20, 0x5b, 0x5b, 0x63, // fx_FragData0 [[c
	0x6f, 0x6c, 0x6f, 0x72, 0x28, 0x30, 0x29, 0x5d, 0x5d, 0x3b, 0x0a, 0x7d, 0x3b, 0x0a, 0x0a, 0x73, // olor(0)]];.};..s
	0x74, 0x72, 0x75, 0x63, 0x74, 0x20, 0x78, 0x6c, 0x61, 0x74, 0x4d, 0x74, 0x6c, 0x4d, 0x61, 0x69, // truct xlatMtlMai
	0x6e, 0x5f, 0x69, 0x6e, 0x0a, 0x7b, 0x0a, 0x20, 0x20, 0x20, 0x20, 0x66, 0x6c, 0x6f, 0x61, 0x74, // n_in.{.    float
	0x20, 0x76, 0x5f, 0x65, 0x79, 0x65, 0x20, 0x5b, 0x5b, 0x75, 0x73, 0x65, 0x72, 0x28, 0x6c, 0x6f, //  v_eye [[user(lo
	0x63, 0x6e, 0x30, 0x29, 0x5d, 0x5d, 0x3b, 0x0a, 0x20, 0x20, 0x20, 0x20, 0x66, 0x6c, 0x6f, 0x61, // cn0)]];.    floa
	0x74, 0x32, 0x20, 0x76, 0x5f, 0x74, 0x65, 0x78, 0x63, 0x6f, 0x6f, 0x72, 0x64, 0x30, 0x20, 0x5b, // t2 v_texcoord0 [
	0x5b, 0x75, 0x73, 0x65, 0x72, 0x28, 0x6c, 0x6f, 0x63, 0x6e, 0x31, 0x29, 0x5d, 0x5d, 0x3b, 0x0a, // [user(locn1)]];.
	0x7d, 0x3b, 0x0a, 0x0a, 0x66, 0x72, 0x61, 0x67, 0x6d, 0x65, 0x6e, 0x74, 0x20, 0x78, 0x6c, 0x61, // };..fragment xla
	0x74, 0x4d, 0x74, 0x6c, 0x4d, 0x61, 0x69, 0x6e, 0x5f, 0x6f, 0x75, 0x74, 0x20, 0x78, 0x6c, 0x61, // tMtlMain_out xla
	0x74, 0x4d, 0x74, 0x6c, 0x4d, 0x61, 0x69, 0x6e, 0x28, 0x78, 0x6c, 0x61, 0x74, 0x4d, 0x74, 0x6c, // tMtlMain(xlatMtl
	0x4d, 0x61, 0x69, 0x6e, 0x5f, 0x69, 0x6e, 0x20, 0x69, 0x6e, 0x20, 0x5b, 0x5b, 0x73, 0x74, 0x61, // Main_in in [[sta
	0x67, 0x65, 0x5f, 0x69, 0x6e, 0x5d, 0x5d, 0x2c, 0x20, 0x63, 0x6f, 0x6e, 0x73, 0x74, 0x61, 0x6e, // ge_in]], constan
	0x74, 0x20, 0x5f, 0x47, 0x6c, 0x6f, 0x62, 0x61, 0x6c, 0x26, 0x20, 0x5f, 0x6d, 0x74, 0x6c, 0x5f, // t _Global& _mtl_
	0x75, 0x20, 0x5b, 0x5b, 0x62, 0x75, 0x66, 0x66, 0x65, 0x72, 0x28, 0x30, 0x29, 0x5d, 0x5d, 0x2c, // u [[buffer(0)]],
	0x20, 0x74, 0x65, 0x78, 0x74, 0x75, 0x72, 0x65, 0x32, 0x64, 0x5f, 0x61, 0x72, 0x72, 0x61, 0x79, //  texture2d_array
	0x3c, 0x66, 0x6c, 0x6f, 0x61, 0x74, 0x3e, 0x20, 0x74, 0x65, 0x78, 0x5f, 0x66, 0x62, 0x5f, 0x66, // <float> tex_fb_f
	0x69, 0x6c, 0x74, 0x65, 0x72, 0x65, 0x64, 0x20, 0x5b, 0x5b, 0x74, 0x65, 0x78, 0x74, 0x75, 0x72, // iltered [[textur
	0x65, 0x28, 0x30, 0x29, 0x5d, 0x5d, 0x2c, 0x20, 0x74, 0x65, 0x78, 0x74, 0x75, 0x72, 0x65, 0x32, // e(0)]], texture2
	0x64, 0x5f, 0x61, 0x72, 0x72, 0x61, 0x79, 0x3c, 0x66, 0x6c, 0x6f, 0x61, 0x74, 0x3e, 0x20, 0x74, // d_array<float> t
	0x65, 0x78, 0x5f, 0x62, 0x6c, 0x6f, 0x6f, 0x6d, 0x20, 0x5b, 0x5b, 0x74, 0x65, 0x78, 0x74, 0x75, // ex_bloom [[textu
	0x72, 0x65, 0x28, 0x31, 0x29, 0x5d, 0x5d, 0x2c, 0x20, 0x74, 0x65, 0x78, 0x74, 0x75, 0x72, 0x65, // re(1)]], texture
	0x32, 0x64, 0x5f, 0x61, 0x72, 0x72, 0x61, 0x79, 0x3c, 0x66, 0x6c, 0x6f, 0x61, 0x74, 0x3e, 0x20, // 2d_array<float> 
	0x74, 0x65, 0x78, 0x5f, 0x64, 0x65, 0x70, 0x74, 0x68, 0x20, 0x5b, 0x5b, 0x74, 0x65, 0x78, 0x74, // tex_depth [[text
	0x75, 0x72, 0x65, 0x28, 0x34, 0x29, 0x5d, 0x5d, 0x2c, 0x20, 0x73, 0x61, 0x6d, 0x70, 0x6c, 0x65, // ure(4)]], sample
	0x72, 0x20, 0x74, 0x65, 0x78, 0x5f, 0x66, 0x62, 0x5f, 0x66, 0x69, 0x6c, 0x74, 0x65, 0x72, 0x65, // r tex_fb_filtere
	0x64, 0x53, 0x61, 0x6d, 0x70, 0x6c, 0x65, 0x72, 0x20, 0x5b, 0x5b, 0x73, 0x61, 0x6d, 0x70, 0x6c, // dSampler [[sampl
	0x65, 0x72, 0x28, 0x30, 0x29, 0x5d, 0x5d, 0x2c, 0x20, 0x73, 0x61, 0x6d, 0x70, 0x6c, 0x65, 0x72, // er(0)]], sampler
	0x20, 0x74, 0x65, 0x78, 0x5f, 0x62, 0x6c, 0x6f, 0x6f, 0x6d, 0x53, 0x61, 0x6d, 0x70, 0x6c, 0x65, //  tex_bloomSample
	0x72, 0x20, 0x5b, 0x5b, 0x73, 0x61, 0x6d, 0x70, 0x6c, 0x65, 0x72, 0x28, 0x31, 0x29, 0x5d, 0x5d, // r [[sampler(1)]]
	0x2c, 0x20, 0x73, 0x61, 0x6d, 0x70, 0x6c, 0x65, 0x72, 0x20, 0x74, 0x65, 0x78, 0x5f, 0x64, 0x65, // , sampler tex_de
	0x70, 0x74, 0x68, 0x53, 0x61, 0x6d, 0x70, 0x6c, 0x65, 0x72, 0x20, 0x5b, 0x5b, 0x73, 0x61, 0x6d, // pthSampler [[sam
	0x70, 0x6c, 0x65, 0x72, 0x28, 0x34, 0x29, 0x5d, 0x5d, 0x29, 0x0a, 0x7b, 0x0a, 0x20, 0x20, 0x20, // pler(4)]]).{.   
	0x20, 0x78, 0x6c, 0x61, 0x74, 0x4d, 0x74, 0x6c, 0x4d, 0x61, 0x69, 0x6e, 0x5f, 0x6f, 0x75, 0x74, //  xlatMtlMain_out
	0x20, 0x6f, 0x75, 0x74, 0x20, 0x3d, 0x20, 0x7b, 0x7d, 0x3b, 0x0a, 0x20, 0x20, 0x20, 0x20, 0x66, //  out = {};.    f
	0x6c, 0x6f, 0x61, 0x74, 0x34, 0x20, 0x5f, 0x39, 0x37, 0x32, 0x3b, 0x0a, 0x20, 0x20, 0x20, 0x20, // loat4 _972;.    
	0x64, 0x6f, 0x0a, 0x20, 0x20, 0x20, 0x20, 0x7b, 0x0a, 0x20, 0x20, 0x20, 0x20, 0x20, 0x20, 0x20, // do.    {.       
	0x20, 0x69, 0x6e, 0x74, 0x20, 0x5f, 0x35, 0x35, 0x36, 0x20, 0x3d, 0x20, 0x69, 0x6e, 0x74, 0x28, //  int _556 = int(
	0x5f, 0x6d, 0x74, 0x6c, 0x5f, 0x75, 0x2e, 0x77, 0x5f, 0x68, 0x5f, 0x68, 0x65, 0x69, 0x67, 0x68, // _mtl_u.w_h_heigh
	0x74, 0x2e, 0x77, 0x29, 0x3b, 0x0a, 0x20, 0x20, 0x20, 0x20, 0x20, 0x20, 0x20, 0x20, 0x66, 0x6c, // t.w);.        fl
	0x6f, 0x61, 0x74, 0x33, 0x20, 0x5f, 0x35, 0x36, 0x33, 0x20, 0x3d, 0x20, 0x66, 0x6c, 0x6f, 0x61, // oat3 _563 = floa
	0x74, 0x33, 0x28, 0x69, 0x6e, 0x2e, 0x76, 0x5f, 0x74, 0x65, 0x78, 0x63, 0x6f, 0x6f, 0x72, 0x64, // t3(in.v_texcoord
	0x30, 0x2c, 0x20, 0x69, 0x6e, 0x2e, 0x76, 0x5f, 0x65, 0x79, 0x65, 0x29, 0x3b, 0x0a, 0x20, 0x20, // 0, in.v_eye);.  
	0x20, 0x20, 0x20, 0x20, 0x20, 0x20, 0x66, 0x6c, 0x6f, 0x61, 0x74, 0x34, 0x20, 0x5f, 0x35, 0x38, //       float4 _58
	0x32, 0x20, 0x3d, 0x20, 0x5f, 0x6d, 0x74, 0x6c, 0x5f, 0x75, 0x2e, 0x6d, 0x61, 0x74, 0x50, 0x72, // 2 = _mtl_u.matPr
	0x6f, 0x6a, 0x49, 0x6e, 0x76, 0x5b, 0x69, 0x6e, 0x74, 0x28, 0x69, 0x6e, 0x2e, 0x76, 0x5f, 0x65, // ojInv[int(in.v_e
	0x79, 0x65, 0x29, 0x5d, 0x20, 0x2a, 0x20, 0x66, 0x6c, 0x6f, 0x61, 0x74, 0x34, 0x28, 0x28, 0x69, // ye)] * float4((i
	0x6e, 0x2e, 0x76, 0x5f, 0x74, 0x65, 0x78, 0x63, 0x6f, 0x6f, 0x72, 0x64, 0x30, 0x2e, 0x78, 0x20, // n.v_texcoord0.x 
	0x2a, 0x20, 0x32, 0x2e, 0x30, 0x29, 0x20, 0x2d, 0x20, 0x31, 0x2e, 0x30, 0x2c, 0x20, 0x31, 0x2e, // * 2.0) - 1.0, 1.
	0x30, 0x20, 0x2d, 0x20, 0x28, 0x69, 0x6e, 0x2e, 0x76, 0x5f, 0x74, 0x65, 0x78, 0x63, 0x6f, 0x6f, // 0 - (in.v_texcoo
	0x72, 0x64, 0x30, 0x2e, 0x79, 0x20, 0x2a, 0x20, 0x32, 0x2e, 0x30, 0x29, 0x2c, 0x20, 0x74, 0x65, // rd0.y * 2.0), te
	0x78, 0x5f, 0x64, 0x65, 0x70, 0x74, 0x68, 0x2e, 0x73, 0x61, 0x6d, 0x70, 0x6c, 0x65, 0x28, 0x74, // x_depth.sample(t
	0x65, 0x78, 0x5f, 0x64, 0x65, 0x70, 0x74, 0x68, 0x53, 0x61, 0x6d, 0x70, 0x6c, 0x65, 0x72, 0x2c, // ex_depthSampler,
	0x20, 0x5f, 0x35, 0x36, 0x33, 0x2e, 0x78, 0x79, 0x2c, 0x20, 0x75, 0x69, 0x6e, 0x74, 0x28, 0x72, //  _563.xy, uint(r
	0x69, 0x6e, 0x74, 0x28, 0x5f, 0x35, 0x36, 0x33, 0x2e, 0x7a, 0x29, 0x29, 0x2c, 0x20, 0x6c, 0x65, // int(_563.z)), le
	0x76, 0x65, 0x6c, 0x28, 0x30, 0x2e, 0x30, 0x29, 0x29, 0x2e, 0x78, 0x2c, 0x20, 0x31, 0x2e, 0x30, // vel(0.0)).x, 1.0
	0x29, 0x3b, 0x0a, 0x20, 0x20, 0x20, 0x20, 0x20, 0x20, 0x20, 0x20, 0x66, 0x6c, 0x6f, 0x61, 0x74, // );.        float
	0x33, 0x20, 0x5f, 0x35, 0x38, 0x38, 0x20, 0x3d, 0x20, 0x5f, 0x35, 0x38, 0x32, 0x2e, 0x78, 0x79, // 3 _588 = _582.xy
	0x7a, 0x20, 0x2f, 0x20, 0x66, 0x6c, 0x6f, 0x61, 0x74, 0x33, 0x28, 0x5f, 0x35, 0x38, 0x32, 0x2e, // z / float3(_582.
	0x77, 0x29, 0x3b, 0x0a, 0x20, 0x20, 0x20, 0x20, 0x20, 0x20, 0x20, 0x20, 0x66, 0x6c, 0x6f, 0x61, // w);.        floa
	0x74, 0x34, 0x20, 0x5f, 0x39, 0x33, 0x36, 0x3b, 0x0a, 0x20, 0x20, 0x20, 0x20, 0x20, 0x20, 0x20, // t4 _936;.       
	0x20, 0x5f, 0x39, 0x33, 0x36, 0x2e, 0x78, 0x20, 0x3d, 0x20, 0x5f, 0x35, 0x38, 0x38, 0x2e, 0x78, //  _936.x = _588.x
	0x3b, 0x0a, 0x20, 0x20, 0x20, 0x20, 0x20, 0x20, 0x20, 0x20, 0x5f, 0x39, 0x33, 0x36, 0x2e, 0x79, // ;.        _936.y
	0x20, 0x3d, 0x20, 0x5f, 0x35, 0x38, 0x38, 0x2e, 0x79, 0x3b, 0x0a, 0x20, 0x20, 0x20, 0x20, 0x20, //  = _588.y;.     
	0x20, 0x20, 0x20, 0x66, 0x6c, 0x6f, 0x61, 0x74, 0x20, 0x5f, 0x35, 0x39, 0x34, 0x20, 0x3d, 0x20, //    float _594 = 
	0x5f, 0x35, 0x38, 0x38, 0x2e, 0x7a, 0x3b, 0x0a, 0x20, 0x20, 0x20, 0x20, 0x20, 0x20, 0x20, 0x20, // _588.z;.        
	0x5f, 0x39, 0x33, 0x36, 0x2e, 0x7a, 0x20, 0x3d, 0x20, 0x5f, 0x35, 0x39, 0x34, 0x3b, 0x0a, 0x20, // _936.z = _594;. 
	0x20, 0x20, 0x20, 0x20, 0x20, 0x20, 0x20, 0x66, 0x6c, 0x6f, 0x61, 0x74, 0x33, 0x20, 0x5f, 0x35, //        float3 _5
	0x39, 0x37, 0x20, 0x3d, 0x20, 0x66, 0x61, 0x73, 0x74, 0x3a, 0x3a, 0x6e, 0x6f, 0x72, 0x6d, 0x61, // 97 = fast::norma
	0x6c, 0x69, 0x7a, 0x65, 0x28, 0x5f, 0x39, 0x33, 0x36, 0x2e, 0x78, 0x79, 0x7a, 0x29, 0x3b, 0x0a, // lize(_936.xyz);.
	0x20, 0x20, 0x20, 0x20, 0x20, 0x20, 0x20, 0x20, 0x66, 0x6c, 0x6f, 0x61, 0x74, 0x20, 0x5f, 0x36, //         float _6
	0x30, 0x38, 0x20, 0x3d, 0x20, 0x5f, 0x6d, 0x74, 0x6c, 0x5f, 0x75, 0x2e, 0x62, 0x61, 0x6c, 0x6c, // 08 = _mtl_u.ball
	0x73, 0x5b, 0x30, 0x5d, 0x2e, 0x77, 0x20, 0x2a, 0x20, 0x5f, 0x6d, 0x74, 0x6c, 0x5f, 0x75, 0x2e, // s[0].w * _mtl_u.
	0x62, 0x61, 0x6c, 0x6c, 0x73, 0x5b, 0x30, 0x5d, 0x2e, 0x77, 0x3b, 0x0a, 0x20, 0x20, 0x20, 0x20, // balls[0].w;.    
	0x20, 0x20, 0x20, 0x20, 0x66, 0x6c, 0x6f, 0x61, 0x74, 0x34, 0x20, 0x5f, 0x38, 0x35, 0x31, 0x20, //     float4 _851 
	0x3d, 0x20, 0x74, 0x65, 0x78, 0x5f, 0x66, 0x62, 0x5f, 0x66, 0x69, 0x6c, 0x74, 0x65, 0x72, 0x65, // = tex_fb_filtere
	0x64, 0x2e, 0x73, 0x61, 0x6d, 0x70, 0x6c, 0x65, 0x28, 0x74, 0x65, 0x78, 0x5f, 0x66, 0x62, 0x5f, // d.sample(tex_fb_
	0x66, 0x69, 0x6c, 0x74, 0x65, 0x72, 0x65, 0x64, 0x53, 0x61, 0x6d, 0x70, 0x6c, 0x65, 0x72, 0x2c, // filteredSampler,
	0x20, 0x5f, 0x35, 0x36, 0x33, 0x2e, 0x78, 0x79, 0x2c, 0x20, 0x75, 0x69, 0x6e, 0x74, 0x28, 0x72, //  _563.xy, uint(r
	0x69, 0x6e, 0x74, 0x28, 0x5f, 0x35, 0x36, 0x33, 0x2e, 0x7a, 0x29, 0x29, 0x2c, 0x20, 0x6c, 0x65, // int(_563.z)), le
	0x76, 0x65, 0x6c, 0x28, 0x30, 0x2e, 0x30, 0x29, 0x29, 0x3b, 0x0a, 0x20, 0x20, 0x20, 0x20, 0x20, // vel(0.0));.     
	0x20, 0x20, 0x20, 0x66, 0x6c, 0x6f, 0x61, 0x74, 0x33, 0x20, 0x5f, 0x36, 0x31, 0x37, 0x20, 0x3d, //    float3 _617 =
	0x20, 0x5f, 0x38, 0x35, 0x31, 0x2e, 0x78, 0x79, 0x7a, 0x3b, 0x0a, 0x20, 0x20, 0x20, 0x20, 0x20, //  _851.xyz;.     
	0x20, 0x20, 0x20, 0x66, 0x6c, 0x6f, 0x61, 0x74, 0x20, 0x5f, 0x36, 0x32, 0x30, 0x20, 0x3d, 0x20, //    float _620 = 
	0x64, 0x6f, 0x74, 0x28, 0x5f, 0x35, 0x39, 0x37, 0x2c, 0x20, 0x5f, 0x6d, 0x74, 0x6c, 0x5f, 0x75, // dot(_597, _mtl_u
	0x2e, 0x62, 0x61, 0x6c, 0x6c, 0x73, 0x5b, 0x30, 0x5d, 0x2e, 0x78, 0x79, 0x7a, 0x29, 0x3b, 0x0a, // .balls[0].xyz);.
	0x20, 0x20, 0x20, 0x20, 0x20, 0x20, 0x20, 0x20, 0x66, 0x6c, 0x6f, 0x61, 0x74, 0x20, 0x5f, 0x36, //         float _6
	0x33, 0x31, 0x20, 0x3d, 0x20, 0x28, 0x5f, 0x36, 0x32, 0x30, 0x20, 0x2a, 0x20, 0x5f, 0x36, 0x32, // 31 = (_620 * _62
	0x30, 0x29, 0x20, 0x2d, 0x20, 0x28, 0x64, 0x6f, 0x74, 0x28, 0x5f, 0x6d, 0x74, 0x6c, 0x5f, 0x75, // 0) - (dot(_mtl_u
	0x2e, 0x62, 0x61, 0x6c, 0x6c, 0x73, 0x5b, 0x30, 0x5d, 0x2e, 0x78, 0x79, 0x7a, 0x2c, 0x20, 0x5f, // .balls[0].xyz, _
	0x6d, 0x74, 0x6c, 0x5f, 0x75, 0x2e, 0x62, 0x61, 0x6c, 0x6c, 0x73, 0x5b, 0x30, 0x5d, 0x2e, 0x78, // mtl_u.balls[0].x
	0x79, 0x7a, 0x29, 0x20, 0x2d, 0x20, 0x28, 0x5f, 0x36, 0x30, 0x38, 0x20, 0x2a, 0x20, 0x31, 0x2e, // yz) - (_608 * 1.
	0x31, 0x34, 0x39, 0x39, 0x39, 0x39, 0x39, 0x37, 0x36, 0x31, 0x35, 0x38, 0x31, 0x34, 0x32, 0x30, // 1499999761581420
	0x38, 0x39, 0x38, 0x34, 0x33, 0x37, 0x35, 0x29, 0x29, 0x3b, 0x0a, 0x20, 0x20, 0x20, 0x20, 0x20, // 8984375));.     
	0x20, 0x20, 0x20, 0x66, 0x6c, 0x6f, 0x61, 0x74, 0x33, 0x20, 0x5f, 0x39, 0x37, 0x34, 0x3b, 0x0a, //    float3 _974;.
	0x20, 0x20, 0x20, 0x20, 0x20, 0x20, 0x20, 0x20, 0x69, 0x66, 0x20, 0x28, 0x5f, 0x36, 0x33, 0x31, //         if (_631
	0x20, 0x3c, 0x20, 0x30, 0x2e, 0x30, 0x29, 0x0a, 0x20, 0x20, 0x20, 0x20, 0x20, 0x20, 0x20, 0x20, //  < 0.0).        
	0x7b, 0x0a, 0x20, 0x20, 0x20, 0x20, 0x20, 0x20, 0x20, 0x20, 0x20, 0x20, 0x20, 0x20, 0x5f, 0x39, // {.            _9
	0x37, 0x34, 0x20, 0x3d, 0x20, 0x5f, 0x36, 0x31, 0x37, 0x3b, 0x0a, 0x20, 0x20, 0x20, 0x20, 0x20, // 74 = _617;.     
	0x20, 0x20, 0x20, 0x7d, 0x0a, 0x20, 0x20, 0x20, 0x20, 0x20, 0x20, 0x20, 0x20, 0x65, 0x6c, 0x73, //    }.        els
	0x65, 0x0a, 0x20, 0x20, 0x20, 0x20, 0x20, 0x20, 0x20, 0x20, 0x7b, 0x0a, 0x20, 0x20, 0x20, 0x20, // e.        {.    
	0x20, 0x20, 0x20, 0x20, 0x20, 0x20, 0x20, 0x20, 0x69, 0x66, 0x20, 0x28, 0x5f, 0x35, 0x39, 0x34, //         if (_594
	0x20, 0x3e, 0x20, 0x28, 0x28, 0x28, 0x5f, 0x36, 0x32, 0x30, 0x20, 0x2d, 0x20, 0x73, 0x71, 0x72, //  > (((_620 - sqr
	0x74, 0x28, 0x5f, 0x36, 0x33, 0x31, 0x29, 0x29, 0x20, 0x2a, 0x20, 0x5f, 0x35, 0x39, 0x37, 0x2e, // t(_631)) * _597.
	0x7a, 0x29, 0x20, 0x2b, 0x20, 0x31, 0x2e, 0x30, 0x29, 0x29, 0x0a, 0x20, 0x20, 0x20, 0x20, 0x20, // z) + 1.0)).     
	0x20, 0x20, 0x20, 0x20, 0x20, 0x20, 0x20, 0x7b, 0x0a, 0x20, 0x20, 0x20, 0x20, 0x20, 0x20, 0x20, //        {.       
	0x20, 0x20, 0x20, 0x20, 0x20, 0x20, 0x20, 0x20, 0x20, 0x5f, 0x39, 0x37, 0x32, 0x20, 0x3d, 0x20, //          _972 = 
	0x66, 0x6c, 0x6f, 0x61, 0x74, 0x34, 0x28, 0x5f, 0x38, 0x35, 0x31, 0x2e, 0x78, 0x79, 0x7a, 0x2c, // float4(_851.xyz,
	0x20, 0x31, 0x2e, 0x30, 0x29, 0x3b, 0x0a, 0x20, 0x20, 0x20, 0x20, 0x20, 0x20, 0x20, 0x20, 0x20, //  1.0);.         
	0x20, 0x20, 0x20, 0x20, 0x20, 0x20, 0x20, 0x62, 0x72, 0x65, 0x61, 0x6b, 0x3b, 0x0a, 0x20, 0x20, //        break;.  
	0x20, 0x20, 0x20, 0x20, 0x20, 0x20, 0x20, 0x20, 0x20, 0x20, 0x7d, 0x0a, 0x20, 0x20, 0x20, 0x20, //           }.    
	0x20, 0x20, 0x20, 0x20, 0x20, 0x20, 0x20, 0x20, 0x5f, 0x39, 0x37, 0x34, 0x20, 0x3d, 0x20, 0x74, //         _974 = t
	0x65, 0x78, 0x5f, 0x62, 0x6c, 0x6f, 0x6f, 0x6d, 0x2e, 0x73, 0x61, 0x6d, 0x70, 0x6c, 0x65, 0x28, // ex_bloom.sample(
	0x74, 0x65, 0x78, 0x5f, 0x62, 0x6c, 0x6f, 0x6f, 0x6d, 0x53, 0x61, 0x6d, 0x70, 0x6c, 0x65, 0x72, // tex_bloomSampler
	0x2c, 0x20, 0x5f, 0x35, 0x36, 0x33, 0x2e, 0x78, 0x79, 0x2c, 0x20, 0x75, 0x69, 0x6e, 0x74, 0x28, // , _563.xy, uint(
	0x72, 0x69, 0x6e, 0x74, 0x28, 0x5f, 0x35, 0x36, 0x33, 0x2e, 0x7a, 0x29, 0x29, 0x2c, 0x20, 0x6c, // rint(_563.z)), l
	0x65, 0x76, 0x65, 0x6c, 0x28, 0x30, 0x2e, 0x30, 0x29, 0x29, 0x2e, 0x78, 0x79, 0x7a, 0x3b, 0x0a, // evel(0.0)).xyz;.
	0x20, 0x20, 0x20, 0x20, 0x20, 0x20, 0x20, 0x20, 0x7d, 0x0a, 0x20, 0x20, 0x20, 0x20, 0x20, 0x20, //         }.      
	0x20, 0x20, 0x66, 0x6c, 0x6f, 0x61, 0x74, 0x33, 0x20, 0x5f, 0x39, 0x37, 0x30, 0x3b, 0x0a, 0x20, //   float3 _970;. 
	0x20, 0x20, 0x20, 0x20, 0x20, 0x20, 0x20, 0x5f, 0x39, 0x37, 0x30, 0x20, 0x3d, 0x20, 0x5f, 0x36, //        _970 = _6
	0x31, 0x37, 0x3b, 0x0a, 0x20, 0x20, 0x20, 0x20, 0x20, 0x20, 0x20, 0x20, 0x66, 0x6c, 0x6f, 0x61, // 17;.        floa
	0x74, 0x33, 0x20, 0x5f, 0x39, 0x37, 0x36, 0x3b, 0x0a, 0x20, 0x20, 0x20, 0x20, 0x20, 0x20, 0x20, // t3 _976;.       
	0x20, 0x66, 0x6f, 0x72, 0x20, 0x28, 0x69, 0x6e, 0x74, 0x20, 0x5f, 0x39, 0x36, 0x39, 0x20, 0x3d, //  for (int _969 =
	0x20, 0x31, 0x3b, 0x20, 0x5f, 0x39, 0x36, 0x39, 0x20, 0x3c, 0x20, 0x5f, 0x35, 0x35, 0x36, 0x3b, //  1; _969 < _556;
	0x20, 0x5f, 0x39, 0x37, 0x30, 0x20, 0x3d, 0x20, 0x5f, 0x39, 0x37, 0x36, 0x2c, 0x20, 0x5f, 0x39, //  _970 = _976, _9
	0x36, 0x39, 0x2b, 0x2b, 0x29, 0x0a, 0x20, 0x20, 0x20, 0x20, 0x20, 0x20, 0x20, 0x20, 0x7b, 0x0a, // 69++).        {.
	0x20, 0x20, 0x20, 0x20, 0x20, 0x20, 0x20, 0x20, 0x20, 0x20, 0x20, 0x20, 0x66, 0x6c, 0x6f, 0x61, //             floa
	0x74, 0x33, 0x20, 0x5f, 0x36, 0x37, 0x38, 0x20, 0x3d, 0x20, 0x66, 0x6c, 0x6f, 0x61, 0x74, 0x33, // t3 _678 = float3
	0x28, 0x66, 0x6c, 0x6f, 0x61, 0x74, 0x28, 0x5f, 0x39, 0x36, 0x39, 0x29, 0x20, 0x2f, 0x20, 0x5f, // (float(_969) / _
	0x6d, 0x74, 0x6c, 0x5f, 0x75, 0x2e, 0x77, 0x5f, 0x68, 0x5f, 0x68, 0x65, 0x69, 0x67, 0x68, 0x74, // mtl_u.w_h_height
	0x2e, 0x77, 0x29, 0x3b, 0x0a, 0x20, 0x20, 0x20, 0x20, 0x20, 0x20, 0x20, 0x20, 0x20, 0x20, 0x20, // .w);.           
	0x20, 0x66, 0x6c, 0x6f, 0x61, 0x74, 0x33, 0x20, 0x5f, 0x38, 0x36, 0x37, 0x20, 0x3d, 0x20, 0x6d, //  float3 _867 = m
	0x69, 0x78, 0x28, 0x5f, 0x6d, 0x74, 0x6c, 0x5f, 0x75, 0x2e, 0x62, 0x61, 0x6c, 0x6c, 0x73, 0x5b, // ix(_mtl_u.balls[
	0x31, 0x5d, 0x2e, 0x78, 0x79, 0x7a, 0x2c, 0x20, 0x5f, 0x6d, 0x74, 0x6c, 0x5f, 0x75, 0x2e, 0x62, // 1].xyz, _mtl_u.b
	0x61, 0x6c, 0x6c, 0x73, 0x5b, 0x30, 0x5d, 0x2e, 0x78, 0x79, 0x7a, 0x2c, 0x20, 0x5f, 0x36, 0x37, // alls[0].xyz, _67
	0x38, 0x29, 0x3b, 0x0a, 0x20, 0x20, 0x20, 0x20, 0x20, 0x20, 0x20, 0x20, 0x20, 0x20, 0x20, 0x20, // 8);.            
	0x66, 0x6c, 0x6f, 0x61, 0x74, 0x20, 0x5f, 0x36, 0x38, 0x34, 0x20, 0x3d, 0x20, 0x64, 0x6f, 0x74, // float _684 = dot
	0x28, 0x5f, 0x35, 0x39, 0x37, 0x2c, 0x20, 0x5f, 0x38, 0x36, 0x37, 0x29, 0x3b, 0x0a, 0x20, 0x20, // (_597, _867);.  
	0x20, 0x20, 0x20, 0x20, 0x20, 0x20, 0x20, 0x20, 0x20, 0x20, 0x66, 0x6c, 0x6f, 0x61, 0x74, 0x20, //           float 
	0x5f, 0x36, 0x39, 0x34, 0x20, 0x3d, 0x20, 0x28, 0x5f, 0x36, 0x38, 0x34, 0x20, 0x2a, 0x20, 0x5f, // _694 = (_684 * _
	0x36, 0x38, 0x34, 0x29, 0x20, 0x2d, 0x20, 0x28, 0x64, 0x6f, 0x74, 0x28, 0x5f, 0x38, 0x36, 0x37, // 684) - (dot(_867
	0x2c, 0x20, 0x5f, 0x38, 0x36, 0x37, 0x29, 0x20, 0x2d, 0x20, 0x5f, 0x36, 0x30, 0x38, 0x29, 0x3b, // , _867) - _608);
	0x0a, 0x20, 0x20, 0x20, 0x20, 0x20, 0x20, 0x20, 0x20, 0x20, 0x20, 0x20, 0x20, 0x69, 0x66, 0x20, // .            if 
	0x28, 0x5f, 0x36, 0x39, 0x34, 0x20, 0x3c, 0x20, 0x30, 0x2e, 0x30, 0x29, 0x0a, 0x20, 0x20, 0x20, // (_694 < 0.0).   
	0x20, 0x20, 0x20, 0x20, 0x20, 0x20, 0x20, 0x20, 0x20, 0x7b, 0x0a, 0x20, 0x20, 0x20, 0x20, 0x20, //          {.     
	0x20, 0x20, 0x20, 0x20, 0x20, 0x20, 0x20, 0x20, 0x20, 0x20, 0x20, 0x5f, 0x39, 0x37, 0x36, 0x20, //            _976 
	0x3d, 0x20, 0x5f, 0x39, 0x37, 0x30, 0x20, 0x2b, 0x20, 0x5f, 0x39, 0x37, 0x34, 0x3b, 0x0a, 0x20, // = _970 + _974;. 
	0x20, 0x20, 0x20, 0x20, 0x20, 0x20, 0x20, 0x20, 0x20, 0x20, 0x20, 0x7d, 0x0a, 0x20, 0x20, 0x20, //            }.   
	0x20, 0x20, 0x20, 0x20, 0x20, 0x20, 0x20, 0x20, 0x20, 0x65, 0x6c, 0x73, 0x65, 0x0a, 0x20, 0x20, //          else.  
	0x20, 0x20, 0x20, 0x20, 0x20, 0x20, 0x20, 0x20, 0x20, 0x20, 0x7b, 0x0a, 0x20, 0x20, 0x20, 0x20, //           {.    
	0x20, 0x20, 0x20, 0x20, 0x20, 0x20, 0x20, 0x20, 0x20, 0x20, 0x20, 0x20, 0x66, 0x6c, 0x6f, 0x61, //             floa
	0x74, 0x33, 0x20, 0x5f, 0x37, 0x30, 0x39, 0x20, 0x3d, 0x20, 0x28, 0x5f, 0x35, 0x39, 0x37, 0x20, // t3 _709 = (_597 
	0x2a, 0x20, 0x28, 0x5f, 0x36, 0x38, 0x34, 0x20, 0x2d, 0x20, 0x73, 0x71, 0x72, 0x74, 0x28, 0x5f, // * (_684 - sqrt(_
	0x36, 0x39, 0x34, 0x29, 0x29, 0x29, 0x20, 0x2d, 0x20, 0x5f, 0x38, 0x36, 0x37, 0x3b, 0x0a, 0x20, // 694))) - _867;. 
	0x20, 0x20, 0x20, 0x20, 0x20, 0x20, 0x20, 0x20, 0x20, 0x20, 0x20, 0x20, 0x20, 0x20, 0x20, 0x69, //                i
	0x6e, 0x74, 0x20, 0x5f, 0x37, 0x31, 0x39, 0x20, 0x3d, 0x20, 0x69, 0x6e, 0x74, 0x28, 0x72, 0x69, // nt _719 = int(ri
	0x6e, 0x74, 0x28, 0x69, 0x6e, 0x2e, 0x76, 0x5f, 0x65, 0x79, 0x65, 0x29, 0x29, 0x3b, 0x0a, 0x20, // nt(in.v_eye));. 
	0x20, 0x20, 0x20, 0x20, 0x20, 0x20, 0x20, 0x20, 0x20, 0x20, 0x20, 0x20, 0x20, 0x20, 0x20, 0x66, //                f
	0x6c, 0x6f, 0x61, 0x74, 0x34, 0x20, 0x5f, 0x37, 0x32, 0x32, 0x20, 0x3d, 0x20, 0x5f, 0x6d, 0x74, // loat4 _722 = _mt
	0x6c, 0x5f, 0x75, 0x2e, 0x6d, 0x61, 0x74, 0x50, 0x72, 0x6f, 0x6a, 0x5b, 0x5f, 0x37, 0x31, 0x39, // l_u.matProj[_719
	0x5d, 0x20, 0x2a, 0x20, 0x66, 0x6c, 0x6f, 0x61, 0x74, 0x34, 0x28, 0x5f, 0x6d, 0x74, 0x6c, 0x5f, // ] * float4(_mtl_
	0x75, 0x2e, 0x62, 0x61, 0x6c, 0x6c, 0x73, 0x5b, 0x31, 0x5d, 0x2e, 0x78, 0x79, 0x7a, 0x20, 0x2b, // u.balls[1].xyz +
	0x20, 0x5f, 0x37, 0x30, 0x39, 0x2c, 0x20, 0x31, 0x2e, 0x30, 0x29, 0x3b, 0x0a, 0x20, 0x20, 0x20, //  _709, 1.0);.   
	0x20, 0x20, 0x20, 0x20, 0x20, 0x20, 0x20, 0x20, 0x20, 0x20, 0x20, 0x20, 0x20, 0x66, 0x6c, 0x6f, //              flo
	0x61, 0x74, 0x34, 0x20, 0x5f, 0x37, 0x33, 0x35, 0x20, 0x3d, 0x20, 0x5f, 0x6d, 0x74, 0x6c, 0x5f, // at4 _735 = _mtl_
	0x75, 0x2e, 0x6d, 0x61, 0x74, 0x50, 0x72, 0x6f, 0x6a, 0x5b, 0x5f, 0x37, 0x31, 0x39, 0x5d, 0x20, // u.matProj[_719] 
	0x2a, 0x20, 0x66, 0x6c, 0x6f, 0x61, 0x74, 0x34, 0x28, 0x5f, 0x6d, 0x74, 0x6c, 0x5f, 0x75, 0x2e, // * float4(_mtl_u.
	0x62, 0x61, 0x6c, 0x6c, 0x73, 0x5b, 0x30, 0x5d, 0x2e, 0x78, 0x79, 0x7a, 0x20, 0x2b, 0x20, 0x5f, // balls[0].xyz + _
	0x37, 0x30, 0x39, 0x2c, 0x20, 0x31, 0x2e, 0x30, 0x29, 0x3b, 0x0a, 0x20, 0x20, 0x20, 0x20, 0x20, // 709, 1.0);.     
	0x20, 0x20, 0x20, 0x20, 0x20, 0x20, 0x20, 0x20, 0x20, 0x20, 0x20, 0x66, 0x6c, 0x6f, 0x61, 0x74, //            float
	0x32, 0x20, 0x5f, 0x37, 0x34, 0x31, 0x20, 0x3d, 0x20, 0x5f, 0x37, 0x32, 0x32, 0x2e, 0x78, 0x79, // 2 _741 = _722.xy
	0x20, 0x2f, 0x20, 0x66, 0x6c, 0x6f, 0x61, 0x74, 0x32, 0x28, 0x5f, 0x37, 0x32, 0x32, 0x2e, 0x77, //  / float2(_722.w
	0x29, 0x3b, 0x0a, 0x20, 0x20, 0x20, 0x20, 0x20, 0x20, 0x20, 0x20, 0x20, 0x20, 0x20, 0x20, 0x20, // );.             
	0x20, 0x20, 0x20, 0x66, 0x6c, 0x6f, 0x61, 0x74, 0x20, 0x5f, 0x37, 0x34, 0x33, 0x20, 0x3d, 0x20, //    float _743 = 
	0x5f, 0x37, 0x34, 0x31, 0x2e, 0x78, 0x3b, 0x0a, 0x20, 0x20, 0x20, 0x20, 0x20, 0x20, 0x20, 0x20, // _741.x;.        
	0x20, 0x20, 0x20, 0x20, 0x20, 0x20, 0x20, 0x20, 0x66, 0x6c, 0x6f, 0x61, 0x74, 0x32, 0x20, 0x5f, //         float2 _
	0x37, 0x35, 0x31, 0x20, 0x3d, 0x20, 0x5f, 0x37, 0x33, 0x35, 0x2e, 0x78, 0x79, 0x20, 0x2f, 0x20, // 751 = _735.xy / 
	0x66, 0x6c, 0x6f, 0x61, 0x74, 0x32, 0x28, 0x5f, 0x37, 0x33, 0x35, 0x2e, 0x77, 0x29, 0x3b, 0x0a, // float2(_735.w);.
	0x20, 0x20, 0x20, 0x20, 0x20, 0x20, 0x20, 0x20, 0x20, 0x20, 0x20, 0x20, 0x20, 0x20, 0x20, 0x20, //                 
	0x66, 0x6c, 0x6f, 0x61, 0x74, 0x20, 0x5f, 0x37, 0x35, 0x33, 0x20, 0x3d, 0x20, 0x5f, 0x37, 0x35, // float _753 = _75
	0x31, 0x2e, 0x78, 0x3b, 0x0a, 0x20, 0x20, 0x20, 0x20, 0x20, 0x20, 0x20, 0x20, 0x20, 0x20, 0x20, // 1.x;.           
	0x20, 0x20, 0x20, 0x20, 0x20, 0x66, 0x6c, 0x6f, 0x61, 0x74, 0x33, 0x20, 0x5f, 0x37, 0x37, 0x37, //      float3 _777
	0x20, 0x3d, 0x20, 0x66, 0x6c, 0x6f, 0x61, 0x74, 0x33, 0x28, 0x28, 0x66, 0x6c, 0x6f, 0x61, 0x74, //  = float3((float
	0x32, 0x28, 0x30, 0x2e, 0x35, 0x29, 0x20, 0x2b, 0x20, 0x28, 0x66, 0x6c, 0x6f, 0x61, 0x74, 0x32, // 2(0.5) + (float2
	0x28, 0x5f, 0x37, 0x34, 0x33, 0x2c, 0x20, 0x5f, 0x39, 0x36, 0x38, 0x29, 0x20, 0x2a, 0x20, 0x30, // (_743, _968) * 0
	0x2e, 0x35, 0x29, 0x29, 0x2e, 0x78, 0x2c, 0x20, 0x28, 0x66, 0x6c, 0x6f, 0x61, 0x74, 0x32, 0x28, // .5)).x, (float2(
	0x30, 0x2e, 0x35, 0x29, 0x20, 0x2b, 0x20, 0x28, 0x66, 0x6c, 0x6f, 0x61, 0x74, 0x32, 0x28, 0x5f, // 0.5) + (float2(_
	0x37, 0x34, 0x33, 0x2c, 0x20, 0x2d, 0x5f, 0x37, 0x34, 0x31, 0x2e, 0x79, 0x29, 0x20, 0x2a, 0x20, // 743, -_741.y) * 
	0x30, 0x2e, 0x35, 0x29, 0x29, 0x2e, 0x79, 0x2c, 0x20, 0x69, 0x6e, 0x2e, 0x76, 0x5f, 0x65, 0x79, // 0.5)).y, in.v_ey
	0x65, 0x29, 0x3b, 0x0a, 0x20, 0x20, 0x20, 0x20, 0x20, 0x20, 0x20, 0x20, 0x20, 0x20, 0x20, 0x20, // e);.            
	0x20, 0x20, 0x20, 0x20, 0x66, 0x6c, 0x6f, 0x61, 0x74, 0x33, 0x20, 0x5f, 0x38, 0x30, 0x32, 0x20, //     float3 _802 
	0x3d, 0x20, 0x66, 0x6c, 0x6f, 0x61, 0x74, 0x33, 0x28, 0x28, 0x66, 0x6c, 0x6f, 0x61, 0x74, 0x32, // = float3((float2
	0x28, 0x30, 0x2e, 0x35, 0x29, 0x20, 0x2b, 0x20, 0x28, 0x66, 0x6c, 0x6f, 0x61, 0x74, 0x32, 0x28, // (0.5) + (float2(
	0x5f, 0x37, 0x35, 0x33, 0x2c, 0x20, 0x5f, 0x39, 0x36, 0x38, 0x29, 0x20, 0x2a, 0x20, 0x30, 0x2e, // _753, _968) * 0.
	0x35, 0x29, 0x29, 0x2e, 0x78, 0x2c, 0x20, 0x28, 0x66, 0x6c, 0x6f, 0x61, 0x74, 0x32, 0x28, 0x30, // 5)).x, (float2(0
	0x2e, 0x35, 0x29, 0x20, 0x2b, 0x20, 0x28, 0x66, 0x6c, 0x6f, 0x61, 0x74, 0x32, 0x28, 0x5f, 0x37, // .5) + (float2(_7
	0x35, 0x33, 0x2c, 0x20, 0x2d, 0x5f, 0x37, 0x35, 0x31, 0x2e, 0x79, 0x29, 0x20, 0x2a, 0x20, 0x30, // 53, -_751.y) * 0
	0x2e, 0x35, 0x29, 0x29, 0x2e, 0x79, 0x2c, 0x20, 0x69, 0x6e, 0x2e, 0x76, 0x5f, 0x65, 0x79, 0x65, // .5)).y, in.v_eye
	0x29, 0x3b, 0x0a, 0x20, 0x20, 0x20, 0x20, 0x20, 0x20, 0x20, 0x20, 0x20, 0x20, 0x20, 0x20, 0x20, // );.             
	0x20, 0x20, 0x20, 0x5f, 0x39, 0x37, 0x36, 0x20, 0x3d, 0x20, 0x5f, 0x39, 0x37, 0x30, 0x20, 0x2b, //    _976 = _970 +
	0x20, 0x6d, 0x69, 0x78, 0x28, 0x74, 0x65, 0x78, 0x5f, 0x62, 0x6c, 0x6f, 0x6f, 0x6d, 0x2e, 0x73, //  mix(tex_bloom.s
	0x61, 0x6d, 0x70, 0x6c, 0x65, 0x28, 0x74, 0x65, 0x78, 0x5f, 0x62, 0x6c, 0x6f, 0x6f, 0x6d, 0x53, // ample(tex_bloomS
	0x61, 0x6d, 0x70, 0x6c, 0x65, 0x72, 0x2c, 0x20, 0x5f, 0x37, 0x37, 0x37, 0x2e, 0x78, 0x79, 0x2c, // ampler, _777.xy,
	0x20, 0x75, 0x69, 0x6e, 0x74, 0x28, 0x72, 0x69, 0x6e, 0x74, 0x28, 0x5f, 0x37, 0x37, 0x37, 0x2e, //  uint(rint(_777.
	0x7a, 0x29, 0x29, 0x2c, 0x20, 0x6c, 0x65, 0x76, 0x65, 0x6c, 0x28, 0x30, 0x2e, 0x30, 0x29, 0x29, // z)), level(0.0))
	0x2e, 0x78, 0x79, 0x7a, 0x2c, 0x20, 0x74, 0x65, 0x78, 0x5f, 0x66, 0x62, 0x5f, 0x66, 0x69, 0x6c, // .xyz, tex_fb_fil
	0x74, 0x65, 0x72, 0x65, 0x64, 0x2e, 0x73, 0x61, 0x6d, 0x70, 0x6c, 0x65, 0x28, 0x74, 0x65, 0x78, // tered.sample(tex
	0x5f, 0x66, 0x62, 0x5f, 0x66, 0x69, 0x6c, 0x74, 0x65, 0x72, 0x65, 0x64, 0x53, 0x61, 0x6d, 0x70, // _fb_filteredSamp
	0x6c, 0x65, 0x72, 0x2c, 0x20, 0x5f, 0x38, 0x30, 0x32, 0x2e, 0x78, 0x79, 0x2c, 0x20, 0x75, 0x69, // ler, _802.xy, ui
	0x6e, 0x74, 0x28, 0x72, 0x69, 0x6e, 0x74, 0x28, 0x5f, 0x38, 0x30, 0x32, 0x2e, 0x7a, 0x29, 0x29, // nt(rint(_802.z))
	0x2c, 0x20, 0x6c, 0x65, 0x76, 0x65, 0x6c, 0x28, 0x30, 0x2e, 0x30, 0x29, 0x29, 0x2e, 0x78, 0x79, // , level(0.0)).xy
	0x7a, 0x2c, 0x20, 0x5f, 0x36, 0x37, 0x38, 0x29, 0x3b, 0x0a, 0x20, 0x20, 0x20, 0x20, 0x20, 0x20, // z, _678);.      
	0x20, 0x20, 0x20, 0x20, 0x20, 0x20, 0x7d, 0x0a, 0x20, 0x20, 0x20, 0x20, 0x20, 0x20, 0x20, 0x20, //       }.        
	0x7d, 0x0a, 0x20, 0x20, 0x20, 0x20, 0x20, 0x20, 0x20, 0x20, 0x5f, 0x39, 0x37, 0x32, 0x20, 0x3d, // }.        _972 =
	0x20, 0x66, 0x6c, 0x6f, 0x61, 0x74, 0x34, 0x28, 0x5f, 0x39, 0x37, 0x30, 0x20, 0x2f, 0x20, 0x66, //  float4(_970 / f
	0x6c, 0x6f, 0x61, 0x74, 0x33, 0x28, 0x5f, 0x6d, 0x74, 0x6c, 0x5f, 0x75, 0x2e, 0x77, 0x5f, 0x68, // loat3(_mtl_u.w_h
	0x5f, 0x68, 0x65, 0x69, 0x67, 0x68, 0x74, 0x2e, 0x77, 0x29, 0x2c, 0x20, 0x31, 0x2e, 0x30, 0x29, // _height.w), 1.0)
	0x3b, 0x0a, 0x20, 0x20, 0x20, 0x20, 0x20, 0x20, 0x20, 0x20, 0x62, 0x72, 0x65, 0x61, 0x6b, 0x3b, // ;.        break;
	0x0a, 0x20, 0x20, 0x20, 0x20, 0x7d, 0x20, 0x77, 0x68, 0x69, 0x6c, 0x65, 0x28, 0x66, 0x61, 0x6c, // .    } while(fal
	0x73, 0x65, 0x29, 0x3b, 0x0a, 0x20, 0x20, 0x20, 0x20, 0x6f, 0x75, 0x74, 0x2e, 0x62, 0x67, 0x66, // se);.    out.bgf
	0x78, 0x5f, 0x46, 0x72, 0x61, 0x67, 0x44, 0x61, 0x74, 0x61, 0x30, 0x20, 0x3d, 0x20, 0x5f, 0x39, // x_FragData0 = _9
	0x37, 0x32, 0x3b, 0x0a, 0x20, 0x20, 0x20, 0x20, 0x72, 0x65, 0x74, 0x75, 0x72, 0x6e, 0x20, 0x6f, // 72;.    return o
	0x75, 0x74, 0x3b, 0x0a, 0x7d, 0x0a, 0x0a, 0x00, 0x00, 0x90, 0x01,                               // ut;.}......
};
static const uint8_t fs_pp_motionblur_st_essl[3199] =
{
	0x46, 0x53, 0x48, 0x0c, 0x4a, 0x63, 0xcf, 0x5f, 0x00, 0x00, 0x00, 0x00, 0x00, 0x00, 0x00, 0x00, // FSH.Jc._........
	0x00, 0x00, 0x00, 0x00, 0x07, 0x00, 0x0a, 0x77, 0x5f, 0x68, 0x5f, 0x68, 0x65, 0x69, 0x67, 0x68, // .......w_h_heigh
	0x74, 0x02, 0x01, 0x00, 0x00, 0x01, 0x00, 0x00, 0x00, 0x00, 0x00, 0x0a, 0x6d, 0x61, 0x74, 0x50, // t...........matP
	0x72, 0x6f, 0x6a, 0x49, 0x6e, 0x76, 0x04, 0x02, 0x00, 0x00, 0x08, 0x00, 0x00, 0x00, 0x00, 0x00, // rojInv..........
	0x05, 0x62, 0x61, 0x6c, 0x6c, 0x73, 0x02, 0x08, 0x00, 0x00, 0x08, 0x00, 0x00, 0x00, 0x00, 0x00, // .balls..........
	0x07, 0x6d, 0x61, 0x74, 0x50, 0x72, 0x6f, 0x6a, 0x04, 0x02, 0x00, 0x00, 0x08, 0x00, 0x00, 0x00, // .matProj........
	0x00, 0x00, 0x09, 0x74, 0x65, 0x78, 0x5f, 0x64, 0x65, 0x70, 0x74, 0x68, 0x00, 0x01, 0x00, 0x00, // ...tex_depth....
	0x01, 0x00, 0x00, 0x03, 0x00, 0x00, 0x0f, 0x74, 0x65, 0x78, 0x5f, 0x66, 0x62, 0x5f, 0x66, 0x69, // .......tex_fb_fi
	0x6c, 0x74, 0x65, 0x72, 0x65, 0x64, 0x00, 0x01, 0x00, 0x00, 0x01, 0x00, 0x00, 0x03, 0x00, 0x00, // ltered..........
	0x09, 0x74, 0x65, 0x78, 0x5f, 0x62, 0x6c, 0x6f, 0x6f, 0x6d, 0x00, 0x01, 0x00, 0x00, 0x01, 0x00, // .tex_bloom......
	0x00, 0x03, 0x00, 0x00, 0xd6, 0x0b, 0x00, 0x00, 0x70, 0x72, 0x65, 0x63, 0x69, 0x73, 0x69, 0x6f, // ........precisio
	0x6e, 0x20, 0x6d, 0x65, 0x64, 0x69, 0x75, 0x6d, 0x70, 0x20, 0x66, 0x6c, 0x6f, 0x61, 0x74, 0x3b, // n mediump float;
	0x0a, 0x70, 0x72, 0x65, 0x63, 0x69, 0x73, 0x69, 0x6f, 0x6e, 0x20, 0x68, 0x69, 0x67, 0x68, 0x70, // .precision highp
	0x20, 0x69, 0x6e, 0x74, 0x3b, 0x0a, 0x0a, 0x76, 0x65, 0x63, 0x34, 0x20, 0x5f, 0x34, 0x32, 0x38, //  int;..vec4 _428
	0x3b, 0x0a, 0x0a, 0x75, 0x6e, 0x69, 0x66, 0x6f, 0x72, 0x6d, 0x20, 0x68, 0x69, 0x67, 0x68, 0x70, // ;..uniform highp
	0x20, 0x76, 0x65, 0x63, 0x34, 0x20, 0x77, 0x5f, 0x68, 0x5f, 0x68, 0x65, 0x69, 0x67, 0x68, 0x74, //  vec4 w_h_height
	0x3b, 0x0a, 0x75, 0x6e, 0x69, 0x66, 0x6f, 0x72, 0x6d, 0x20, 0x68, 0x69, 0x67, 0x68, 0x70, 0x20, // ;.uniform highp 
	0x73, 0x61, 0x6d, 0x70, 0x6c, 0x65, 0x72, 0x32, 0x44, 0x41, 0x72, 0x72, 0x61, 0x79, 0x20, 0x74, // sampler2DArray t
	0x65, 0x78, 0x5f, 0x64, 0x65, 0x70, 0x74, 0x68, 0x3b, 0x0a, 0x75, 0x6e, 0x69, 0x66, 0x6f, 0x72, // ex_depth;.unifor
	0x6d, 0x20, 0x68, 0x69, 0x67, 0x68, 0x70, 0x20, 0x6d, 0x61, 0x74, 0x34, 0x20, 0x6d, 0x61, 0x74, // m highp mat4 mat
	0x50, 0x72, 0x6f, 0x6a, 0x49, 0x6e, 0x76, 0x5b, 0x32, 0x5d, 0x3b, 0x0a, 0x75, 0x6e, 0x69, 0x66, // ProjInv[2];.unif
	0x6f, 0x72, 0x6d, 0x20, 0x68, 0x69, 0x67, 0x68, 0x70, 0x20, 0x76, 0x65, 0x63, 0x34, 0x20, 0x62, // orm highp vec4 b
	0x61, 0x6c, 0x6c, 0x73, 0x5b, 0x38, 0x5d, 0x3b, 0x0a, 0x75, 0x6e, 0x69, 0x66, 0x6f, 0x72, 0x6d, // alls[8];.uniform
	0x20, 0x68, 0x69, 0x67, 0x68, 0x70, 0x20, 0x73, 0x61, 0x6d, 0x70, 0x6c, 0x65, 0x72, 0x32, 0x44, //  highp sampler2D
	0x41, 0x72, 0x72, 0x61, 0x79, 0x20, 0x74, 0x65, 0x78, 0x5f, 0x66, 0x62, 0x5f, 0x66, 0x69, 0x6c, // Array tex_fb_fil
	0x74, 0x65, 0x72, 0x65, 0x64, 0x3b, 0x0a, 0x75, 0x6e, 0x69, 0x66, 0x6f, 0x72, 0x6d, 0x20, 0x68, // tered;.uniform h
	0x69, 0x67, 0x68, 0x70, 0x20, 0x73, 0x61, 0x6d, 0x70, 0x6c, 0x65, 0x72, 0x32, 0x44, 0x41, 0x72, // ighp sampler2DAr
	0x72, 0x61, 0x79, 0x20, 0x74, 0x65, 0x78, 0x5f, 0x62, 0x6c, 0x6f, 0x6f, 0x6d, 0x3b, 0x0a, 0x75, // ray tex_bloom;.u
	0x6e, 0x69, 0x66, 0x6f, 0x72, 0x6d, 0x20, 0x68, 0x69, 0x67, 0x68, 0x70, 0x20, 0x6d, 0x61, 0x74, // niform highp mat
	0x34, 0x20, 0x6d, 0x61, 0x74, 0x50, 0x72, 0x6f, 0x6a, 0x5b, 0x32, 0x5d, 0x3b, 0x0a, 0x0a, 0x69, // 4 matProj[2];..i
	0x6e, 0x20, 0x68, 0x69, 0x67, 0x68, 0x70, 0x20, 0x76, 0x65, 0x63, 0x32, 0x20, 0x76, 0x5f, 0x74, // n highp vec2 v_t
	0x65, 0x78, 0x63, 0x6f, 0x6f, 0x72, 0x64, 0x30, 0x3b, 0x0a, 0x69, 0x6e, 0x20, 0x68, 0x69, 0x67, // excoord0;.in hig
	0x68, 0x70, 0x20, 0x66, 0x6c, 0x6f, 0x61, 0x74, 0x20, 0x76, 0x5f, 0x65, 0x79, 0x65, 0x3b, 0x0a, // hp float v_eye;.
	0x6c, 0x61, 0x79, 0x6f, 0x75, 0x74, 0x28, 0x6c, 0x6f, 0x63, 0x61, 0x74, 0x69, 0x6f, 0x6e, 0x20, // layout(location 
	0x3d, 0x20, 0x30, 0x29, 0x20, 0x6f, 0x75, 0x74, 0x20, 0x68, 0x69, 0x67, 0x68, 0x70, 0x20, 0x76, // = 0) out highp v
	0x65, 0x63, 0x34, 0x20, 0x62, 0x67, 0x66, 0x78, 0x5f, 0x46, 0x72, 0x61, 0x67, 0x43, 0x6f, 0x6c, // ec4 bgfx_FragCol
	0x6f, 0x72, 0x3b, 0x0a, 0x0a, 0x76, 0x6f, 0x69, 0x64, 0x20, 0x6d, 0x61, 0x69, 0x6e, 0x28, 0x29, // or;..void main()
	0x0a, 0x7b, 0x0a, 0x20, 0x20, 0x20, 0x20, 0x64, 0x6f, 0x0a, 0x20, 0x20, 0x20, 0x20, 0x7b, 0x0a, // .{.    do.    {.
	0x20, 0x20, 0x20, 0x20, 0x20, 0x20, 0x20, 0x20, 0x69, 0x6e, 0x74, 0x20, 0x5f, 0x32, 0x38, 0x20, //         int _28 
	0x3d, 0x20, 0x69, 0x6e, 0x74, 0x28, 0x77, 0x5f, 0x68, 0x5f, 0x68, 0x65, 0x69, 0x67, 0x68, 0x74, // = int(w_h_height
	0x2e, 0x77, 0x29, 0x3b, 0x0a, 0x20, 0x20, 0x20, 0x20, 0x20, 0x20, 0x20, 0x20, 0x68, 0x69, 0x67, // .w);.        hig
	0x68, 0x70, 0x20, 0x76, 0x65, 0x63, 0x33, 0x20, 0x5f, 0x35, 0x30, 0x20, 0x3d, 0x20, 0x76, 0x65, // hp vec3 _50 = ve
	0x63, 0x33, 0x28, 0x76, 0x5f, 0x74, 0x65, 0x78, 0x63, 0x6f, 0x6f, 0x72, 0x64, 0x30, 0x2c, 0x20, // c3(v_texcoord0, 
	0x76, 0x5f, 0x65, 0x79, 0x65, 0x29, 0x3b, 0x0a, 0x20, 0x20, 0x20, 0x20, 0x20, 0x20, 0x20, 0x20, // v_eye);.        
	0x68, 0x69, 0x67, 0x68, 0x70, 0x20, 0x76, 0x65, 0x63, 0x34, 0x20, 0x5f, 0x38, 0x33, 0x20, 0x3d, // highp vec4 _83 =
	0x20, 0x6d, 0x61, 0x74, 0x50, 0x72, 0x6f, 0x6a, 0x49, 0x6e, 0x76, 0x5b, 0x69, 0x6e, 0x74, 0x28, //  matProjInv[int(
	0x76, 0x5f, 0x65, 0x79, 0x65, 0x29, 0x5d, 0x20, 0x2a, 0x20, 0x76, 0x65, 0x63, 0x34, 0x28, 0x28, // v_eye)] * vec4((
	0x76, 0x5f, 0x74, 0x65, 0x78, 0x63, 0x6f, 0x6f, 0x72, 0x64, 0x30, 0x2e, 0x78, 0x20, 0x2a, 0x20, // v_texcoord0.x * 
	0x32, 0x2e, 0x30, 0x29, 0x20, 0x2d, 0x20, 0x31, 0x2e, 0x30, 0x2c, 0x20, 0x31, 0x2e, 0x30, 0x20, // 2.0) - 1.0, 1.0 
	0x2d, 0x20, 0x28, 0x28, 0x31, 0x2e, 0x30, 0x20, 0x2d, 0x20, 0x76, 0x5f, 0x74, 0x65, 0x78, 0x63, // - ((1.0 - v_texc
	0x6f, 0x6f, 0x72, 0x64, 0x30, 0x2e, 0x79, 0x29, 0x20, 0x2a, 0x20, 0x32, 0x2e, 0x30, 0x29, 0x2c, // oord0.y) * 2.0),
	0x20, 0x28, 0x74, 0x65, 0x78, 0x74, 0x75, 0x72, 0x65, 0x4c, 0x6f, 0x64, 0x28, 0x74, 0x65, 0x78, //  (textureLod(tex
	0x5f, 0x64, 0x65, 0x70, 0x74, 0x68, 0x2c, 0x20, 0x5f, 0x35, 0x30, 0x2c, 0x20, 0x30, 0x2e, 0x30, // _depth, _50, 0.0
	0x29, 0x2e, 0x78, 0x20, 0x2a, 0x20, 0x32, 0x2e, 0x30, 0x29, 0x20, 0x2d, 0x20, 0x31, 0x2e, 0x30, // ).x * 2.0) - 1.0
	0x2c, 0x20, 0x31, 0x2e, 0x30, 0x29, 0x3b, 0x0a, 0x20, 0x20, 0x20, 0x20, 0x20, 0x20, 0x20, 0x20, // , 1.0);.        
	0x68, 0x69, 0x67, 0x68, 0x70, 0x20, 0x76, 0x65, 0x63, 0x33, 0x20, 0x5f, 0x38, 0x39, 0x20, 0x3d, // highp vec3 _89 =
	0x20, 0x5f, 0x38, 0x33, 0x2e, 0x78, 0x79, 0x7a, 0x20, 0x2f, 0x20, 0x76, 0x65, 0x63, 0x33, 0x28, //  _83.xyz / vec3(
	0x5f, 0x38, 0x33, 0x2e, 0x77, 0x29, 0x3b, 0x0a, 0x20, 0x20, 0x20, 0x20, 0x20, 0x20, 0x20, 0x20, // _83.w);.        
	0x68, 0x69, 0x67, 0x68, 0x70, 0x20, 0x76, 0x65, 0x63, 0x34, 0x20, 0x5f, 0x33, 0x39, 0x37, 0x3b, // highp vec4 _397;
	0x0a, 0x20, 0x20, 0x20, 0x20, 0x20, 0x20, 0x20, 0x20, 0x5f, 0x33, 0x39, 0x37, 0x2e, 0x78, 0x20, // .        _397.x 
	0x3d, 0x20, 0x5f, 0x38, 0x39, 0x2e, 0x78, 0x3b, 0x0a, 0x20, 0x20, 0x20, 0x20, 0x20, 0x20, 0x20, // = _89.x;.       
	0x20, 0x5f, 0x33, 0x39, 0x37, 0x2e, 0x79, 0x20, 0x3d, 0x20, 0x5f, 0x38, 0x39, 0x2e, 0x79, 0x3b, //  _397.y = _89.y;
	0x0a, 0x20, 0x20, 0x20, 0x20, 0x20, 0x20, 0x20, 0x20, 0x68, 0x69, 0x67, 0x68, 0x70, 0x20, 0x66, // .        highp f
	0x6c, 0x6f, 0x61, 0x74, 0x20, 0x5f, 0x39, 0x35, 0x20, 0x3d, 0x20, 0x5f, 0x38, 0x39, 0x2e, 0x7a, // loat _95 = _89.z
	0x3b, 0x0a, 0x20, 0x20, 0x20, 0x20, 0x20, 0x20, 0x20, 0x20, 0x5f, 0x33, 0x39, 0x37, 0x2e, 0x7a, // ;.        _397.z
	0x20, 0x3d, 0x20, 0x5f, 0x39, 0x35, 0x3b, 0x0a, 0x20, 0x20, 0x20, 0x20, 0x20, 0x20, 0x20, 0x20, //  = _95;.        
	0x68, 0x69, 0x67, 0x68, 0x70, 0x20, 0x76, 0x65, 0x63, 0x33, 0x20, 0x5f, 0x31, 0x30, 0x30, 0x20, // highp vec3 _100 
	0x3d, 0x20, 0x6e, 0x6f, 0x72, 0x6d, 0x61, 0x6c, 0x69, 0x7a, 0x65, 0x28, 0x5f, 0x33, 0x39, 0x37, // = normalize(_397
	0x2e, 0x78, 0x79, 0x7a, 0x29, 0x3b, 0x0a, 0x20, 0x20, 0x20, 0x20, 0x20, 0x20, 0x20, 0x20, 0x68, // .xyz);.        h
	0x69, 0x67, 0x68, 0x70, 0x20, 0x66, 0x6c, 0x6f, 0x61, 0x74, 0x20, 0x5f, 0x31, 0x32, 0x30, 0x20, // ighp float _120 
	0x3d, 0x20, 0x62, 0x61, 0x6c, 0x6c, 0x73, 0x5b, 0x30, 0x5d, 0x2e, 0x77, 0x20, 0x2a, 0x20, 0x62, // = balls[0].w * b
	0x61, 0x6c, 0x6c, 0x73, 0x5b, 0x30, 0x5d, 0x2e, 0x77, 0x3b, 0x0a, 0x20, 0x20, 0x20, 0x20, 0x20, // alls[0].w;.     
	0x20, 0x20, 0x20, 0x68, 0x69, 0x67, 0x68, 0x70, 0x20, 0x76, 0x65, 0x63, 0x34, 0x20, 0x5f, 0x31, //    highp vec4 _1
	0x33, 0x30, 0x20, 0x3d, 0x20, 0x74, 0x65, 0x78, 0x74, 0x75, 0x72, 0x65, 0x4c, 0x6f, 0x64, 0x28, // 30 = textureLod(
	0x74, 0x65, 0x78, 0x5f, 0x66, 0x62, 0x5f, 0x66, 0x69, 0x6c, 0x74, 0x65, 0x72, 0x65, 0x64, 0x2c, // tex_fb_filtered,
	0x20, 0x5f, 0x35, 0x30, 0x2c, 0x20, 0x30, 0x2e, 0x30, 0x29, 0x3b, 0x0a, 0x20, 0x20, 0x20, 0x20, //  _50, 0.0);.    
	0x20, 0x20, 0x20, 0x20, 0x68, 0x69, 0x67, 0x68, 0x70, 0x20, 0x76, 0x65, 0x63, 0x33, 0x20, 0x5f, //     highp vec3 _
	0x31, 0x33, 0x31, 0x20, 0x3d, 0x20, 0x5f, 0x31, 0x33, 0x30, 0x2e, 0x78, 0x79, 0x7a, 0x3b, 0x0a, // 131 = _130.xyz;.
	0x20, 0x20, 0x20, 0x20, 0x20, 0x20, 0x20, 0x20, 0x68, 0x69, 0x67, 0x68, 0x70, 0x20, 0x66, 0x6c, //         highp fl
	0x6f, 0x61, 0x74, 0x20, 0x5f, 0x31, 0x33, 0x35, 0x20, 0x3d, 0x20, 0x64, 0x6f, 0x74, 0x28, 0x5f, // oat _135 = dot(_
	0x31, 0x30, 0x30, 0x2c, 0x20, 0x62, 0x61, 0x6c, 0x6c, 0x73, 0x5b, 0x30, 0x5d, 0x2e, 0x78, 0x79, // 100, balls[0].xy
	0x7a, 0x29, 0x3b, 0x0a, 0x20, 0x20, 0x20, 0x20, 0x20, 0x20, 0x20, 0x20, 0x68, 0x69, 0x67, 0x68, // z);.        high
	0x70, 0x20, 0x66, 0x6c, 0x6f, 0x61, 0x74, 0x20, 0x5f, 0x31, 0x34, 0x39, 0x20, 0x3d, 0x20, 0x28, // p float _149 = (
	0x5f, 0x31, 0x33, 0x35, 0x20, 0x2a, 0x20, 0x5f, 0x31, 0x33, 0x35, 0x29, 0x20, 0x2d, 0x20, 0x28, // _135 * _135) - (
	0x64, 0x6f, 0x74, 0x28, 0x62, 0x61, 0x6c, 0x6c, 0x73, 0x5b, 0x30, 0x5d, 0x2e, 0x78, 0x79, 0x7a, // dot(balls[0].xyz
	0x2c, 0x20, 0x62, 0x61, 0x6c, 0x6c, 0x73, 0x5b, 0x30, 0x5d, 0x2e, 0x78, 0x79, 0x7a, 0x29, 0x20, // , balls[0].xyz) 
	0x2d, 0x20, 0x28, 0x5f, 0x31, 0x32, 0x30, 0x20, 0x2a, 0x20, 0x31, 0x2e, 0x31, 0x34, 0x39, 0x39, // - (_120 * 1.1499
	0x39, 0x39, 0x39, 0x37, 0x36, 0x31, 0x35, 0x38, 0x31, 0x34, 0x32, 0x30, 0x38, 0x39, 0x38, 0x34, // 9997615814208984
	0x33, 0x37, 0x35, 0x29, 0x29, 0x3b, 0x0a, 0x20, 0x20, 0x20, 0x20, 0x20, 0x20, 0x20, 0x20, 0x68, // 375));.        h
	0x69, 0x67, 0x68, 0x70, 0x20, 0x76, 0x65, 0x63, 0x33, 0x20, 0x5f, 0x34, 0x32, 0x32, 0x3b, 0x0a, // ighp vec3 _422;.
	0x20, 0x20, 0x20, 0x20, 0x20, 0x20, 0x20, 0x20, 0x69, 0x66, 0x20, 0x28, 0x5f, 0x31, 0x34, 0x39, //         if (_149
	0x20, 0x3c, 0x20, 0x30, 0x2e, 0x30, 0x29, 0x0a, 0x20, 0x20, 0x20, 0x20, 0x20, 0x20, 0x20, 0x20, //  < 0.0).        
	0x7b, 0x0a, 0x20, 0x20, 0x20, 0x20, 0x20, 0x20, 0x20, 0x20, 0x20, 0x20, 0x20, 0x20, 0x5f, 0x34, // {.            _4
	0x32, 0x32, 0x20, 0x3d, 0x20, 0x5f, 0x31, 0x33, 0x31, 0x3b, 0x0a, 0x20, 0x20, 0x20, 0x20, 0x20, // 22 = _131;.     
	0x20, 0x20, 0x20, 0x7d, 0x0a, 0x20, 0x20, 0x20, 0x20, 0x20, 0x20, 0x20, 0x20, 0x65, 0x6c, 0x73, //    }.        els
	0x65, 0x0a, 0x20, 0x20, 0x20, 0x20, 0x20, 0x20, 0x20, 0x20, 0x7b, 0x0a, 0x20, 0x20, 0x20, 0x20, // e.        {.    
	0x20, 0x20, 0x20, 0x20, 0x20, 0x20, 0x20, 0x20, 0x69, 0x66, 0x20, 0x28, 0x5f, 0x39, 0x35, 0x20, //         if (_95 
	0x3e, 0x20, 0x28, 0x28, 0x28, 0x5f, 0x31, 0x33, 0x35, 0x20, 0x2d, 0x20, 0x73, 0x71, 0x72, 0x74, // > (((_135 - sqrt
	0x28, 0x5f, 0x31, 0x34, 0x39, 0x29, 0x29, 0x20, 0x2a, 0x20, 0x5f, 0x31, 0x30, 0x30, 0x2e, 0x7a, // (_149)) * _100.z
	0x29, 0x20, 0x2b, 0x20, 0x31, 0x2e, 0x30, 0x29, 0x29, 0x0a, 0x20, 0x20, 0x20, 0x20, 0x20, 0x20, // ) + 1.0)).      
	0x20, 0x20, 0x20, 0x20, 0x20, 0x20, 0x7b, 0x0a, 0x20, 0x20, 0x20, 0x20, 0x20, 0x20, 0x20, 0x20, //       {.        
	0x20, 0x20, 0x20, 0x20, 0x20, 0x20, 0x20, 0x20, 0x62, 0x67, 0x66, 0x78, 0x5f, 0x46, 0x72, 0x61, //         bgfx_Fra
	0x67, 0x43, 0x6f, 0x6c, 0x6f, 0x72, 0x20, 0x3d, 0x20, 0x76, 0x65, 0x63, 0x34, 0x28, 0x5f, 0x31, // gColor = vec4(_1
	0x33, 0x30, 0x2e, 0x78, 0x79, 0x7a, 0x2c, 0x20, 0x31, 0x2e, 0x30, 0x29, 0x3b, 0x0a, 0x20, 0x20, // 30.xyz, 1.0);.  
	0x20, 0x20, 0x20, 0x20, 0x20, 0x20, 0x20, 0x20, 0x20, 0x20, 0x20, 0x20, 0x20, 0x20, 0x62, 0x72, //               br
	0x65, 0x61, 0x6b, 0x3b, 0x0a, 0x20, 0x20, 0x20, 0x20, 0x20, 0x20, 0x20, 0x20, 0x20, 0x20, 0x20, // eak;.           
	0x20, 0x7d, 0x0a, 0x20, 0x20, 0x20, 0x20, 0x20, 0x20, 0x20, 0x20, 0x20, 0x20, 0x20, 0x20, 0x5f, //  }.            _
	0x34, 0x32, 0x32, 0x20, 0x3d, 0x20, 0x74, 0x65, 0x78, 0x74, 0x75, 0x72, 0x65, 0x4c, 0x6f, 0x64, // 422 = textureLod
	0x28, 0x74, 0x65, 0x78, 0x5f, 0x62, 0x6c, 0x6f, 0x6f, 0x6d, 0x2c, 0x20, 0x5f, 0x35, 0x30, 0x2c, // (tex_bloom, _50,
	0x20, 0x30, 0x2e, 0x30, 0x29, 0x2e, 0x78, 0x79, 0x7a, 0x3b, 0x0a, 0x20, 0x20, 0x20, 0x20, 0x20, //  0.0).xyz;.     
	0x20, 0x20, 0x20, 0x7d, 0x0a, 0x20, 0x20, 0x20, 0x20, 0x20, 0x20, 0x20, 0x20, 0x68, 0x69, 0x67, //    }.        hig
	0x68, 0x70, 0x20, 0x76, 0x65, 0x63, 0x33, 0x20, 0x5f, 0x34, 0x31, 0x39, 0x3b, 0x0a, 0x20, 0x20, // hp vec3 _419;.  
	0x20, 0x20, 0x20, 0x20, 0x20, 0x20, 0x5f, 0x34, 0x31, 0x39, 0x20, 0x3d, 0x20, 0x5f, 0x31, 0x33, //       _419 = _13
	0x31, 0x3b, 0x0a, 0x20, 0x20, 0x20, 0x20, 0x20, 0x20, 0x20, 0x20, 0x68, 0x69, 0x67, 0x68, 0x70, // 1;.        highp
	0x20, 0x76, 0x65, 0x63, 0x33, 0x20, 0x5f, 0x34, 0x32, 0x34, 0x3b, 0x0a, 0x20, 0x20, 0x20, 0x20, //  vec3 _424;.    
	0x20, 0x20, 0x20, 0x20, 0x66, 0x6f, 0x72, 0x20, 0x28, 0x69, 0x6e, 0x74, 0x20, 0x5f, 0x34, 0x31, //     for (int _41
	0x38, 0x20, 0x3d, 0x20, 0x31, 0x3b, 0x20, 0x5f, 0x34, 0x31, 0x38, 0x20, 0x3c, 0x20, 0x5f, 0x32, // 8 = 1; _418 < _2
	0x38, 0x3b, 0x20, 0x5f, 0x34, 0x31, 0x39, 0x20, 0x3d, 0x20, 0x5f, 0x34, 0x32, 0x34, 0x2c, 0x20, // 8; _419 = _424, 
	0x5f, 0x34, 0x31, 0x38, 0x2b, 0x2b, 0x29, 0x0a, 0x20, 0x20, 0x20, 0x20, 0x20, 0x20, 0x20, 0x20, // _418++).        
	0x7b, 0x0a, 0x20, 0x20, 0x20, 0x20, 0x20, 0x20, 0x20, 0x20, 0x20, 0x20, 0x20, 0x20, 0x68, 0x69, // {.            hi
	0x67, 0x68, 0x70, 0x20, 0x76, 0x65, 0x63, 0x33, 0x20, 0x5f, 0x32, 0x31, 0x30, 0x20, 0x3d, 0x20, // ghp vec3 _210 = 
	0x76, 0x65, 0x63, 0x33, 0x28, 0x66, 0x6c, 0x6f, 0x61, 0x74, 0x28, 0x5f, 0x34, 0x31, 0x38, 0x29, // vec3(float(_418)
	0x20, 0x2f, 0x20, 0x77, 0x5f, 0x68, 0x5f, 0x68, 0x65, 0x69, 0x67, 0x68, 0x74, 0x2e, 0x77, 0x29, //  / w_h_height.w)
	0x3b, 0x0a, 0x20, 0x20, 0x20, 0x20, 0x20, 0x20, 0x20, 0x20, 0x20, 0x20, 0x20, 0x20, 0x68, 0x69, // ;.            hi
	0x67, 0x68, 0x70, 0x20, 0x76, 0x65, 0x63, 0x33, 0x20, 0x5f, 0x32, 0x31, 0x31, 0x20, 0x3d, 0x20, // ghp vec3 _211 = 
	0x6d, 0x69, 0x78, 0x28, 0x62, 0x61, 0x6c, 0x6c, 0x73, 0x5b, 0x31, 0x5d, 0x2e, 0x78, 0x79, 0x7a, // mix(balls[1].xyz
	0x2c, 0x20, 0x62, 0x61, 0x6c, 0x6c, 0x73, 0x5b, 0x30, 0x5d, 0x2e, 0x78, 0x79, 0x7a, 0x2c, 0x20, // , balls[0].xyz, 
	0x5f, 0x32, 0x31, 0x30, 0x29, 0x3b, 0x0a, 0x20, 0x20, 0x20, 0x20, 0x20, 0x20, 0x20, 0x20, 0x20, // _210);.         
	0x20, 0x20, 0x20, 0x68, 0x69, 0x67, 0x68, 0x70, 0x20, 0x66, 0x6c, 0x6f, 0x61, 0x74, 0x20, 0x5f, //    highp float _
	0x32, 0x31, 0x35, 0x20, 0x3d, 0x20, 0x64, 0x6f, 0x74, 0x28, 0x5f, 0x31, 0x30, 0x30, 0x2c, 0x20, // 215 = dot(_100, 
	0x5f, 0x32, 0x31, 0x31, 0x29, 0x3b, 0x0a, 0x20, 0x20, 0x20, 0x20, 0x20, 0x20, 0x20, 0x20, 0x20, // _211);.         
	0x20, 0x20, 0x20, 0x68, 0x69, 0x67, 0x68, 0x70, 0x20, 0x66, 0x6c, 0x6f, 0x61, 0x74, 0x20, 0x5f, //    highp float _
	0x32, 0x32, 0x37, 0x20, 0x3d, 0x20, 0x28, 0x5f, 0x32, 0x31, 0x35, 0x20, 0x2a, 0x20, 0x5f, 0x32, // 227 = (_215 * _2
	0x31, 0x35, 0x29, 0x20, 0x2d, 0x20, 0x28, 0x64, 0x6f, 0x74, 0x28, 0x5f, 0x32, 0x31, 0x31, 0x2c, // 15) - (dot(_211,
	0x20, 0x5f, 0x32, 0x31, 0x31, 0x29, 0x20, 0x2d, 0x20, 0x5f, 0x31, 0x32, 0x30, 0x29, 0x3b, 0x0a, //  _211) - _120);.
	0x20, 0x20, 0x20, 0x20, 0x20, 0x20, 0x20, 0x20, 0x20, 0x20, 0x20, 0x20, 0x69, 0x66, 0x20, 0x28, //             if (
	0x5f, 0x32, 0x32, 0x37, 0x20, 0x3c, 0x20, 0x30, 0x2e, 0x30, 0x29, 0x0a, 0x20, 0x20, 0x20, 0x20, // _227 < 0.0).    
	0x20, 0x20, 0x20, 0x20, 0x20, 0x20, 0x20, 0x20, 0x7b, 0x0a, 0x20, 0x20, 0x20, 0x20, 0x20, 0x20, //         {.      
	0x20, 0x20, 0x20, 0x20, 0x20, 0x20, 0x20, 0x20, 0x20, 0x20, 0x5f, 0x34, 0x32, 0x34, 0x20, 0x3d, //           _424 =
	0x20, 0x5f, 0x34, 0x31, 0x39, 0x20, 0x2b, 0x20, 0x5f, 0x34, 0x32, 0x32, 0x3b, 0x0a, 0x20, 0x20, //  _419 + _422;.  
	0x20, 0x20, 0x20, 0x20, 0x20, 0x20, 0x20, 0x20, 0x20, 0x20, 0x7d, 0x0a, 0x20, 0x20, 0x20, 0x20, //           }.    
	0x20, 0x20, 0x20, 0x20, 0x20, 0x20, 0x20, 0x20, 0x65, 0x6c, 0x73, 0x65, 0x0a, 0x20, 0x20, 0x20, //         else.   
	0x20, 0x20, 0x20, 0x20, 0x20, 0x20, 0x20, 0x20, 0x20, 0x7b, 0x0a, 0x20, 0x20, 0x20, 0x20, 0x20, //          {.     
	0x20, 0x20, 0x20, 0x20, 0x20, 0x20, 0x20, 0x20, 0x20, 0x20, 0x20, 0x68, 0x69, 0x67, 0x68, 0x70, //            highp
	0x20, 0x76, 0x65, 0x63, 0x33, 0x20, 0x5f, 0x32, 0x34, 0x34, 0x20, 0x3d, 0x20, 0x28, 0x5f, 0x31, //  vec3 _244 = (_1
	0x30, 0x30, 0x20, 0x2a, 0x20, 0x28, 0x5f, 0x32, 0x31, 0x35, 0x20, 0x2d, 0x20, 0x73, 0x71, 0x72, // 00 * (_215 - sqr
	0x74, 0x28, 0x5f, 0x32, 0x32, 0x37, 0x29, 0x29, 0x29, 0x20, 0x2d, 0x20, 0x5f, 0x32, 0x31, 0x31, // t(_227))) - _211
	0x3b, 0x0a, 0x20, 0x20, 0x20, 0x20, 0x20, 0x20, 0x20, 0x20, 0x20, 0x20, 0x20, 0x20, 0x20, 0x20, // ;.              
	0x20, 0x20, 0x69, 0x6e, 0x74, 0x20, 0x5f, 0x32, 0x34, 0x39, 0x20, 0x3d, 0x20, 0x69, 0x6e, 0x74, //   int _249 = int
	0x28, 0x72, 0x6f, 0x75, 0x6e, 0x64, 0x28, 0x76, 0x5f, 0x65, 0x79, 0x65, 0x29, 0x29, 0x3b, 0x0a, // (round(v_eye));.
	0x20, 0x20, 0x20, 0x20, 0x20, 0x20, 0x20, 0x20, 0x20, 0x20, 0x20, 0x20, 0x20, 0x20, 0x20, 0x20, //                 
	0x68, 0x69, 0x67, 0x68, 0x70, 0x20, 0x76, 0x65, 0x63, 0x34, 0x20, 0x5f, 0x32, 0x35, 0x39, 0x20, // highp vec4 _259 
	0x3d, 0x20, 0x6d, 0x61, 0x74, 0x50, 0x72, 0x6f, 0x6a, 0x5b, 0x5f, 0x32, 0x34, 0x39, 0x5d, 0x20, // = matProj[_249] 
	0x2a, 0x20, 0x76, 0x65, 0x63, 0x34, 0x28, 0x62, 0x61, 0x6c, 0x6c, 0x73, 0x5b, 0x31, 0x5d, 0x2e, // * vec4(balls[1].
	0x78, 0x79, 0x7a, 0x20, 0x2b, 0x20, 0x5f, 0x32, 0x34, 0x34, 0x2c, 0x20, 0x31, 0x2e, 0x30, 0x29, // xyz + _244, 1.0)
	0x3b, 0x0a, 0x20, 0x20, 0x20, 0x20, 0x20, 0x20, 0x20, 0x20, 0x20, 0x20, 0x20, 0x20, 0x20, 0x20, // ;.              
	0x20, 0x20, 0x68, 0x69, 0x67, 0x68, 0x70, 0x20, 0x76, 0x65, 0x63, 0x34, 0x20, 0x5f, 0x32, 0x37, //   highp vec4 _27
	0x33, 0x20, 0x3d, 0x20, 0x6d, 0x61, 0x74, 0x50, 0x72, 0x6f, 0x6a, 0x5b, 0x5f, 0x32, 0x34, 0x39, // 3 = matProj[_249
	0x5d, 0x20, 0x2a, 0x20, 0x76, 0x65, 0x63, 0x34, 0x28, 0x62, 0x61, 0x6c, 0x6c, 0x73, 0x5b, 0x30, // ] * vec4(balls[0
	0x5d, 0x2e, 0x78, 0x79, 0x7a, 0x20, 0x2b, 0x20, 0x5f, 0x32, 0x34, 0x34, 0x2c, 0x20, 0x31, 0x2e, // ].xyz + _244, 1.
	0x30, 0x29, 0x3b, 0x0a, 0x20, 0x20, 0x20, 0x20, 0x20, 0x20, 0x20, 0x20, 0x20, 0x20, 0x20, 0x20, // 0);.            
	0x20, 0x20, 0x20, 0x20, 0x68, 0x69, 0x67, 0x68, 0x70, 0x20, 0x76, 0x65, 0x63, 0x32, 0x20, 0x5f, //     highp vec2 _
	0x32, 0x37, 0x39, 0x20, 0x3d, 0x20, 0x5f, 0x32, 0x35, 0x39, 0x2e, 0x78, 0x79, 0x20, 0x2f, 0x20, // 279 = _259.xy / 
	0x76, 0x65, 0x63, 0x32, 0x28, 0x5f, 0x32, 0x35, 0x39, 0x2e, 0x77, 0x29, 0x3b, 0x0a, 0x20, 0x20, // vec2(_259.w);.  
	0x20, 0x20, 0x20, 0x20, 0x20, 0x20, 0x20, 0x20, 0x20, 0x20, 0x20, 0x20, 0x20, 0x20, 0x68, 0x69, //               hi
	0x67, 0x68, 0x70, 0x20, 0x76, 0x65, 0x63, 0x34, 0x20, 0x5f, 0x34, 0x31, 0x30, 0x3b, 0x0a, 0x20, // ghp vec4 _410;. 
	0x20, 0x20, 0x20, 0x20, 0x20, 0x20, 0x20, 0x20, 0x20, 0x20, 0x20, 0x20, 0x20, 0x20, 0x20, 0x5f, //                _
	0x34, 0x31, 0x30, 0x2e, 0x78, 0x20, 0x3d, 0x20, 0x5f, 0x32, 0x37, 0x39, 0x2e, 0x78, 0x3b, 0x0a, // 410.x = _279.x;.
	0x20, 0x20, 0x20, 0x20, 0x20, 0x20, 0x20, 0x20, 0x20, 0x20, 0x20, 0x20, 0x20, 0x20, 0x20, 0x20, //                 
	0x5f, 0x34, 0x31, 0x30, 0x2e, 0x79, 0x20, 0x3d, 0x20, 0x5f, 0x32, 0x37, 0x39, 0x2e, 0x79, 0x3b, // _410.y = _279.y;
	0x0a, 0x20, 0x20, 0x20, 0x20, 0x20, 0x20, 0x20, 0x20, 0x20, 0x20, 0x20, 0x20, 0x20, 0x20, 0x20, // .               
	0x20, 0x68, 0x69, 0x67, 0x68, 0x70, 0x20, 0x76, 0x65, 0x63, 0x32, 0x20, 0x5f, 0x32, 0x38, 0x39, //  highp vec2 _289
	0x20, 0x3d, 0x20, 0x5f, 0x32, 0x37, 0x33, 0x2e, 0x78, 0x79, 0x20, 0x2f, 0x20, 0x76, 0x65, 0x63, //  = _273.xy / vec
	0x32, 0x28, 0x5f, 0x32, 0x37, 0x33, 0x2e, 0x77, 0x29, 0x3b, 0x0a, 0x20, 0x20, 0x20, 0x20, 0x20, // 2(_273.w);.     
	0x20, 0x20, 0x20, 0x20, 0x20, 0x20, 0x20, 0x20, 0x20, 0x20, 0x20, 0x68, 0x69, 0x67, 0x68, 0x70, //            highp
	0x20, 0x76, 0x65, 0x63, 0x34, 0x20, 0x5f, 0x34, 0x31, 0x35, 0x3b, 0x0a, 0x20, 0x20, 0x20, 0x20, //  vec4 _415;.    
	0x20, 0x20, 0x20, 0x20, 0x20, 0x20, 0x20, 0x20, 0x20, 0x20, 0x20, 0x20, 0x5f, 0x34, 0x31, 0x35, //             _415
	0x2e, 0x78, 0x20, 0x3d, 0x20, 0x5f, 0x32, 0x38, 0x39, 0x2e, 0x78, 0x3b, 0x0a, 0x20, 0x20, 0x20, // .x = _289.x;.   
	0x20, 0x20, 0x20, 0x20, 0x20, 0x20, 0x20, 0x20, 0x20, 0x20, 0x20, 0x20, 0x20, 0x5f, 0x34, 0x31, //              _41
	0x35, 0x2e, 0x79, 0x20, 0x3d, 0x20, 0x5f, 0x32, 0x38, 0x39, 0x2e, 0x79, 0x3b, 0x0a, 0x20, 0x20, // 5.y = _289.y;.  
	0x20, 0x20, 0x20, 0x20, 0x20, 0x20, 0x20, 0x20, 0x20, 0x20, 0x20, 0x20, 0x20, 0x20, 0x5f, 0x34, //               _4
	0x32, 0x34, 0x20, 0x3d, 0x20, 0x5f, 0x34, 0x31, 0x39, 0x20, 0x2b, 0x20, 0x6d, 0x69, 0x78, 0x28, // 24 = _419 + mix(
	0x74, 0x65, 0x78, 0x74, 0x75, 0x72, 0x65, 0x4c, 0x6f, 0x64, 0x28, 0x74, 0x65, 0x78, 0x5f, 0x62, // textureLod(tex_b
	0x6c, 0x6f, 0x6f, 0x6d, 0x2c, 0x20, 0x76, 0x65, 0x63, 0x33, 0x28, 0x76, 0x65, 0x63, 0x32, 0x28, // loom, vec3(vec2(
	0x30, 0x2e, 0x35, 0x29, 0x20, 0x2b, 0x20, 0x28, 0x5f, 0x34, 0x31, 0x30, 0x2e, 0x78, 0x79, 0x20, // 0.5) + (_410.xy 
	0x2a, 0x20, 0x30, 0x2e, 0x35, 0x29, 0x2c, 0x20, 0x76, 0x5f, 0x65, 0x79, 0x65, 0x29, 0x2c, 0x20, // * 0.5), v_eye), 
	0x30, 0x2e, 0x30, 0x29, 0x2e, 0x78, 0x79, 0x7a, 0x2c, 0x20, 0x74, 0x65, 0x78, 0x74, 0x75, 0x72, // 0.0).xyz, textur
	0x65, 0x4c, 0x6f, 0x64, 0x28, 0x74, 0x65, 0x78, 0x5f, 0x66, 0x62, 0x5f, 0x66, 0x69, 0x6c, 0x74, // eLod(tex_fb_filt
	0x65, 0x72, 0x65, 0x64, 0x2c, 0x20, 0x76, 0x65, 0x63, 0x33, 0x28, 0x76, 0x65, 0x63, 0x32, 0x28, // ered, vec3(vec2(
	0x30, 0x2e, 0x35, 0x29, 0x20, 0x2b, 0x20, 0x28, 0x5f, 0x34, 0x31, 0x35, 0x2e, 0x78, 0x79, 0x20, // 0.5) + (_415.xy 
	0x2a, 0x20, 0x30, 0x2e, 0x35, 0x29, 0x2c, 0x20, 0x76, 0x5f, 0x65, 0x79, 0x65, 0x29, 0x2c, 0x20, // * 0.5), v_eye), 
	0x30, 0x2e, 0x30, 0x29, 0x2e, 0x78, 0x79, 0x7a, 0x2c, 0x20, 0x5f, 0x32, 0x31, 0x30, 0x29, 0x3b, // 0.0).xyz, _210);
	0x0a, 0x20, 0x20, 0x20, 0x20, 0x20, 0x20, 0x20, 0x20, 0x20, 0x20, 0x20, 0x20, 0x7d, 0x0a, 0x20, // .            }. 
	0x20, 0x20, 0x20, 0x20, 0x20, 0x20, 0x20, 0x7d, 0x0a, 0x20, 0x20, 0x20, 0x20, 0x20, 0x20, 0x20, //        }.       
	0x20, 0x62, 0x67, 0x66, 0x78, 0x5f, 0x46, 0x72, 0x61, 0x67, 0x43, 0x6f, 0x6c, 0x6f, 0x72, 0x20, //  bgfx_FragColor 
	0x3d, 0x20, 0x76, 0x65, 0x63, 0x34, 0x28, 0x5f, 0x34, 0x31, 0x39, 0x20, 0x2f, 0x20, 0x76, 0x65, // = vec4(_419 / ve
	0x63, 0x33, 0x28, 0x77, 0x5f, 0x68, 0x5f, 0x68, 0x65, 0x69, 0x67, 0x68, 0x74, 0x2e, 0x77, 0x29, // c3(w_h_height.w)
	0x2c, 0x20, 0x31, 0x2e, 0x30, 0x29, 0x3b, 0x0a, 0x20, 0x20, 0x20, 0x20, 0x20, 0x20, 0x20, 0x20, // , 1.0);.        
	0x62, 0x72, 0x65, 0x61, 0x6b, 0x3b, 0x0a, 0x20, 0x20, 0x20, 0x20, 0x7d, 0x20, 0x77, 0x68, 0x69, // break;.    } whi
	0x6c, 0x65, 0x28, 0x66, 0x61, 0x6c, 0x73, 0x65, 0x29, 0x3b, 0x0a, 0x7d, 0x0a, 0x0a, 0x00,       // le(false);.}...
};
static const uint8_t fs_pp_motionblur_st_glsl[2943] =
{
	0x46, 0x53, 0x48, 0x0c, 0x4a, 0x63, 0xcf, 0x5f, 0x00, 0x00, 0x00, 0x00, 0x00, 0x00, 0x00, 0x00, // FSH.Jc._........
	0x00, 0x00, 0x00, 0x00, 0x07, 0x00, 0x0a, 0x77, 0x5f, 0x68, 0x5f, 0x68, 0x65, 0x69, 0x67, 0x68, // .......w_h_heigh
	0x74, 0x02, 0x01, 0x00, 0x00, 0x01, 0x00, 0x00, 0x00, 0x00, 0x00, 0x0a, 0x6d, 0x61, 0x74, 0x50, // t...........matP
	0x72, 0x6f, 0x6a, 0x49, 0x6e, 0x76, 0x04, 0x02, 0x00, 0x00, 0x08, 0x00, 0x00, 0x00, 0x00, 0x00, // rojInv..........
	0x05, 0x62, 0x61, 0x6c, 0x6c, 0x73, 0x02, 0x08, 0x00, 0x00, 0x08, 0x00, 0x00, 0x00, 0x00, 0x00, // .balls..........
	0x07, 0x6d, 0x61, 0x74, 0x50, 0x72, 0x6f, 0x6a, 0x04, 0x02, 0x00, 0x00, 0x08, 0x00, 0x00, 0x00, // .matProj........
	0x00, 0x00, 0x09, 0x74, 0x65, 0x78, 0x5f, 0x64, 0x65, 0x70, 0x74, 0x68, 0x00, 0x01, 0x00, 0x00, // ...tex_depth....
	0x01, 0x00, 0x00, 0x03, 0x00, 0x00, 0x0f, 0x74, 0x65, 0x78, 0x5f, 0x66, 0x62, 0x5f, 0x66, 0x69, // .......tex_fb_fi
	0x6c, 0x74, 0x65, 0x72, 0x65, 0x64, 0x00, 0x01, 0x00, 0x00, 0x01, 0x00, 0x00, 0x03, 0x00, 0x00, // ltered..........
	0x09, 0x74, 0x65, 0x78, 0x5f, 0x62, 0x6c, 0x6f, 0x6f, 0x6d, 0x00, 0x01, 0x00, 0x00, 0x01, 0x00, // .tex_bloom......
	0x00, 0x03, 0x00, 0x00, 0xd6, 0x0a, 0x00, 0x00, 0x0a, 0x76, 0x65, 0x63, 0x34, 0x20, 0x5f, 0x34, // .........vec4 _4
	0x32, 0x38, 0x3b, 0x0a, 0x0a, 0x75, 0x6e, 0x69, 0x66, 0x6f, 0x72, 0x6d, 0x20, 0x76, 0x65, 0x63, // 28;..uniform vec
	0x34, 0x20, 0x77, 0x5f, 0x68, 0x5f, 0x68, 0x65, 0x69, 0x67, 0x68, 0x74, 0x3b, 0x0a, 0x75, 0x6e, // 4 w_h_height;.un
	0x69, 0x66, 0x6f, 0x72, 0x6d, 0x20, 0x73, 0x61, 0x6d, 0x70, 0x6c, 0x65, 0x72, 0x32, 0x44, 0x41, // iform sampler2DA
	0x72, 0x72, 0x61, 0x79, 0x20, 0x74, 0x65, 0x78, 0x5f, 0x64, 0x65, 0x70, 0x74, 0x68, 0x3b, 0x0a, // rray tex_depth;.
	0x75, 0x6e, 0x69, 0x66, 0x6f, 0x72, 0x6d, 0x20, 0x6d, 0x61, 0x74, 0x34, 0x20, 0x6d, 0x61, 0x74, // uniform mat4 mat
	0x50, 0x72, 0x6f, 0x6a, 0x49, 0x6e, 0x76, 0x5b, 0x32, 0x5d, 0x3b, 0x0a, 0x75, 0x6e, 0x69, 0x66, // ProjInv[2];.unif
	0x6f, 0x72, 0x6d, 0x20, 0x76, 0x65, 0x63, 0x34, 0x20, 0x62, 0x61, 0x6c, 0x6c, 0x73, 0x5b, 0x38, // orm vec4 balls[8
	0x5d, 0x3b, 0x0a, 0x75, 0x6e, 0x69, 0x66, 0x6f, 0x72, 0x6d, 0x20, 0x73, 0x61, 0x6d, 0x70, 0x6c, // ];.uniform sampl
	0x65, 0x72, 0x32, 0x44, 0x41, 0x72, 0x72, 0x61, 0x79, 0x20, 0x74, 0x65, 0x78, 0x5f, 0x66, 0x62, // er2DArray tex_fb
	0x5f, 0x66, 0x69, 0x6c, 0x74, 0x65, 0x72, 0x65, 0x64, 0x3b, 0x0a, 0x75, 0x6e, 0x69, 0x66, 0x6f, // _filtered;.unifo
	0x72, 0x6d, 0x20, 0x73, 0x61, 0x6d, 0x70, 0x6c, 0x65, 0x72, 0x32, 0x44, 0x41, 0x72, 0x72, 0x61, // rm sampler2DArra
	0x79, 0x20, 0x74, 0x65, 0x78, 0x5f, 0x62, 0x6c, 0x6f, 0x6f, 0x6d, 0x3b, 0x0a, 0x75, 0x6e, 0x69, // y tex_bloom;.uni
	0x66, 0x6f, 0x72, 0x6d, 0x20, 0x6d, 0x61, 0x74, 0x34, 0x20, 0x6d, 0x61, 0x74, 0x50, 0x72, 0x6f, // form mat4 matPro
	0x6a, 0x5b, 0x32, 0x5d, 0x3b, 0x0a, 0x0a, 0x69, 0x6e, 0x20, 0x76, 0x65, 0x63, 0x32, 0x20, 0x76, // j[2];..in vec2 v
	0x5f, 0x74, 0x65, 0x78, 0x63, 0x6f, 0x6f, 0x72, 0x64, 0x30, 0x3b, 0x0a, 0x69, 0x6e, 0x20, 0x66, // _texcoord0;.in f
	0x6c, 0x6f, 0x61, 0x74, 0x20, 0x76, 0x5f, 0x65, 0x79, 0x65, 0x3b, 0x0a, 0x6c, 0x61, 0x79, 0x6f, // loat v_eye;.layo
	0x75, 0x74, 0x28, 0x6c, 0x6f, 0x63, 0x61, 0x74, 0x69, 0x6f, 0x6e, 0x20, 0x3d, 0x20, 0x30, 0x29, // ut(location = 0)
	0x20, 0x6f, 0x75, 0x74, 0x20, 0x76, 0x65, 0x63, 0x34, 0x20, 0x62, 0x67, 0x66, 0x78, 0x5f, 0x46, //  out vec4 bgfx_F
	0x72, 0x61, 0x67, 0x43, 0x6f, 0x6c, 0x6f, 0x72, 0x3b, 0x0a, 0x0a, 0x76, 0x6f, 0x69, 0x64, 0x20, // ragColor;..void 
	0x6d, 0x61, 0x69, 0x6e, 0x28, 0x29, 0x0a, 0x7b, 0x0a, 0x20, 0x20, 0x20, 0x20, 0x64, 0x6f, 0x0a, // main().{.    do.
	0x20, 0x20, 0x20, 0x20, 0x7b, 0x0a, 0x20, 0x20, 0x20, 0x20, 0x20, 0x20, 0x20, 0x20, 0x69, 0x6e, //     {.        in
	0x74, 0x20, 0x5f, 0x32, 0x38, 0x20, 0x3d, 0x20, 0x69, 0x6e, 0x74, 0x28, 0x77, 0x5f, 0x68, 0x5f, // t _28 = int(w_h_
	0x68, 0x65, 0x69, 0x67, 0x68, 0x74, 0x2e, 0x77, 0x29, 0x3b, 0x0a, 0x20, 0x20, 0x20, 0x20, 0x20, // height.w);.     
	0x20, 0x20, 0x20, 0x76, 0x65, 0x63, 0x33, 0x20, 0x5f, 0x35, 0x30, 0x20, 0x3d, 0x20, 0x76, 0x65, //    vec3 _50 = ve
	0x63, 0x33, 0x28, 0x76, 0x5f, 0x74, 0x65, 0x78, 0x63, 0x6f, 0x6f, 0x72, 0x64, 0x30, 0x2c, 0x20, // c3(v_texcoord0, 
	0x76, 0x5f, 0x65, 0x79, 0x65, 0x29, 0x3b, 0x0a, 0x20, 0x20, 0x20, 0x20, 0x20, 0x20, 0x20, 0x20, // v_eye);.        
	0x76, 0x65, 0x63, 0x34, 0x20, 0x5f, 0x38, 0x33, 0x20, 0x3d, 0x20, 0x6d, 0x61, 0x74, 0x50, 0x72, // vec4 _83 = matPr
	0x6f, 0x6a, 0x49, 0x6e, 0x76, 0x5b, 0x69, 0x6e, 0x74, 0x28, 0x76, 0x5f, 0x65, 0x79, 0x65, 0x29, // ojInv[int(v_eye)
	0x5d, 0x20, 0x2a, 0x20, 0x76, 0x65, 0x63, 0x34, 0x28, 0x28, 0x76, 0x5f, 0x74, 0x65, 0x78, 0x63, // ] * vec4((v_texc
	0x6f, 0x6f, 0x72, 0x64, 0x30, 0x2e, 0x78, 0x20, 0x2a, 0x20, 0x32, 0x2e, 0x30, 0x29, 0x20, 0x2d, // oord0.x * 2.0) -
	0x20, 0x31, 0x2e, 0x30, 0x2c, 0x20, 0x31, 0x2e, 0x30, 0x20, 0x2d, 0x20, 0x28, 0x28, 0x31, 0x2e, //  1.0, 1.0 - ((1.
	0x30, 0x20, 0x2d, 0x20, 0x76, 0x5f, 0x74, 0x65, 0x78, 0x63, 0x6f, 0x6f, 0x72, 0x64, 0x30, 0x2e, // 0 - v_texcoord0.
	0x79, 0x29, 0x20, 0x2a, 0x20, 0x32, 0x2e, 0x30, 0x29, 0x2c, 0x20, 0x28, 0x74, 0x65, 0x78, 0x74, // y) * 2.0), (text
	0x75, 0x72, 0x65, 0x4c, 0x6f, 0x64, 0x28, 0x74, 0x65, 0x78, 0x5f, 0x64, 0x65, 0x70, 0x74, 0x68, // ureLod(tex_depth
	0x2c, 0x20, 0x5f, 0x35, 0x30, 0x2c, 0x20, 0x30, 0x2e, 0x30, 0x29, 0x2e, 0x78, 0x20, 0x2a, 0x20, // , _50, 0.0).x * 
	0x32, 0x2e, 0x30, 0x29, 0x20, 0x2d, 0x20, 0x31, 0x2e, 0x30, 0x2c, 0x20, 0x31, 0x2e, 0x30, 0x29, // 2.0) - 1.0, 1.0)
	0x3b, 0x0a, 0x20, 0x20, 0x20, 0x20, 0x20, 0x20, 0x20, 0x20, 0x76, 0x65, 0x63, 0x33, 0x20, 0x5f, // ;.        vec3 _
	0x38, 0x39, 0x20, 0x3d, 0x20, 0x5f, 0x38, 0x33, 0x2e, 0x78, 0x79, 0x7a, 0x20, 0x2f, 0x20, 0x76, // 89 = _83.xyz / v
	0x65, 0x63, 0x33, 0x28, 0x5f, 0x38, 0x33, 0x2e, 0x77, 0x29, 0x3b, 0x0a, 0x20, 0x20, 0x20, 0x20, // ec3(_83.w);.    
	0x20, 0x20, 0x20, 0x20, 0x76, 0x65, 0x63, 0x34, 0x20, 0x5f, 0x33, 0x39, 0x37, 0x3b, 0x0a, 0x20, //     vec4 _397;. 
	0x20, 0x20, 0x20, 0x20, 0x20, 0x20, 0x20, 0x5f, 0x33, 0x39, 0x37, 0x2e, 0x78, 0x20, 0x3d, 0x20, //        _397.x = 
	0x5f, 0x38, 0x39, 0x2e, 0x78, 0x3b, 0x0a, 0x20, 0x20, 0x20, 0x20, 0x20, 0x20, 0x20, 0x20, 0x5f, // _89.x;.        _
	0x33, 0x39, 0x37, 0x2e, 0x79, 0x20, 0x3d, 0x20, 0x5f, 0x38, 0x39, 0x2e, 0x79, 0x3b, 0x0a, 0x20, // 397.y = _89.y;. 
	0x20, 0x20, 0x20, 0x20, 0x20, 0x20, 0x20, 0x66, 0x6c, 0x6f, 0x61, 0x74, 0x20, 0x5f, 0x39, 0x35, //        float _95
	0x20, 0x3d, 0x20, 0x5f, 0x38, 0x39, 0x2e, 0x7a, 0x3b, 0x0a, 0x20, 0x20, 0x20, 0x20, 0x20, 0x20, //  = _89.z;.      
	0x20, 0x20, 0x5f, 0x33, 0x39, 0x37, 0x2e, 0x7a, 0x20, 0x3d, 0x20, 0x5f, 0x39, 0x35, 0x3b, 0x0a, //   _397.z = _95;.
	0x20, 0x20, 0x20, 0x20, 0x20, 0x20, 0x20, 0x20, 0x76, 0x65, 0x63, 0x33, 0x20, 0x5f, 0x31, 0x30, //         vec3 _10
	0x30, 0x20, 0x3d, 0x20, 0x6e, 0x6f, 0x72, 0x6d, 0x61, 0x6c, 0x69, 0x7a, 0x65, 0x28, 0x5f, 0x33, // 0 = normalize(_3
	0x39, 0x37, 0x2e, 0x78, 0x79, 0x7a, 0x29, 0x3b, 0x0a, 0x20, 0x20, 0x20, 0x20, 0x20, 0x20, 0x20, // 97.xyz);.       
	0x20, 0x66, 0x6c, 0x6f, 0x61, 0x74, 0x20, 0x5f, 0x31, 0x32, 0x30, 0x20, 0x3d, 0x20, 0x62, 0x61, //  float _120 = ba
	0x6c, 0x6c, 0x73, 0x5b, 0x30, 0x5d, 0x2e, 0x77, 0x20, 0x2a, 0x20, 0x62, 0x61, 0x6c, 0x6c, 0x73, // lls[0].w * balls
	0x5b, 0x30, 0x5d, 0x2e, 0x77, 0x3b, 0x0a, 0x20, 0x20, 0x20, 0x20, 0x20, 0x20, 0x20, 0x20, 0x76, // [0].w;.        v
	0x65, 0x63, 0x34, 0x20, 0x5f, 0x31, 0x33, 0x30, 0x20, 0x3d, 0x20, 0x74, 0x65, 0x78, 0x74, 0x75, // ec4 _130 = textu
	0x72, 0x65, 0x4c, 0x6f, 0x64, 0x28, 0x74, 0x65, 0x78, 0x5f, 0x66, 0x62, 0x5f, 0x66, 0x69, 0x6c, // reLod(tex_fb_fil
	0x74, 0x65, 0x72, 0x65, 0x64, 0x2c, 0x20, 0x5f, 0x35, 0x30, 0x2c, 0x20, 0x30, 0x2e, 0x30, 0x29, // tered, _50, 0.0)
	0x3b, 0x0a, 0x20, 0x20, 0x20, 0x20, 0x20, 0x20, 0x20, 0x20, 0x76, 0x65, 0x63, 0x33, 0x20, 0x5f, // ;.        vec3 _
	0x31, 0x33, 0x31, 0x20, 0x3d, 0x20, 0x5f, 0x31, 0x33, 0x30, 0x2e, 0x78, 0x79, 0x7a, 0x3b, 0x0a, // 131 = _130.xyz;.
	0x20, 0x20, 0x20, 0x20, 0x20, 0x20, 0x20, 0x20, 0x66, 0x6c, 0x6f, 0x61, 0x74, 0x20, 0x5f, 0x31, //         float _1
	0x33, 0x35, 0x20, 0x3d, 0x20, 0x64, 0x6f, 0x74, 0x28, 0x5f, 0x31, 0x30, 0x30, 0x2c, 0x20, 0x62, // 35 = dot(_100, b
	0x61, 0x6c, 0x6c, 0x73, 0x5b, 0x30, 0x5d, 0x2e, 0x78, 0x79, 0x7a, 0x29, 0x3b, 0x0a, 0x20, 0x20, // alls[0].xyz);.  
	0x20, 0x20, 0x20, 0x20, 0x20, 0x20, 0x66, 0x6c, 0x6f, 0x61, 0x74, 0x20, 0x5f, 0x31, 0x34, 0x39, //       float _149
	0x20, 0x3d, 0x20, 0x28, 0x5f, 0x31, 0x33, 0x35, 0x20, 0x2a, 0x20, 0x5f, 0x31, 0x33, 0x35, 0x29, //  = (_135 * _135)
	0x20, 0x2d, 0x20, 0x28, 0x64, 0x6f, 0x74, 0x28, 0x62, 0x61, 0x6c, 0x6c, 0x73, 0x5b, 0x30, 0x5d, //  - (dot(balls[0]
	0x2e, 0x78, 0x79, 0x7a, 0x2c, 0x20, 0x62, 0x61, 0x6c, 0x6c, 0x73, 0x5b, 0x30, 0x5d, 0x2e, 0x78, // .xyz, balls[0].x
	0x79, 0x7a, 0x29, 0x20, 0x2d, 0x20, 0x28, 0x5f, 0x31, 0x32, 0x30, 0x20, 0x2a, 0x20, 0x31, 0x2e, // yz) - (_120 * 1.
	0x31, 0x34, 0x39, 0x39, 0x39, 0x39, 0x39, 0x37, 0x36, 0x31, 0x35, 0x38, 0x31, 0x34, 0x32, 0x30, // 1499999761581420
	0x38, 0x39, 0x38, 0x34, 0x33, 0x37, 0x35, 0x29, 0x29, 0x3b, 0x0a, 0x20, 0x20, 0x20, 0x20, 0x20, // 8984375));.     
	0x20, 0x20, 0x20, 0x76, 0x65, 0x63, 0x33, 0x20, 0x5f, 0x34, 0x32, 0x32, 0x3b, 0x0a, 0x20, 0x20, //    vec3 _422;.  
	0x20, 0x20, 0x20, 0x20, 0x20, 0x20, 0x69, 0x66, 0x20, 0x28, 0x5f, 0x31, 0x34, 0x39, 0x20, 0x3c, //       if (_149 <
	0x20, 0x30, 0x2e, 0x30, 0x29, 0x0a, 0x20, 0x20, 0x20, 0x20, 0x20, 0x20, 0x20, 0x20, 0x7b, 0x0a, //  0.0).        {.
	0x20, 0x20, 0x20, 0x20, 0x20, 0x20, 0x20, 0x20, 0x20, 0x20, 0x20, 0x20, 0x5f, 0x34, 0x32, 0x32, //             _422
	0x20, 0x3d, 0x20, 0x5f, 0x31, 0x33, 0x31, 0x3b, 0x0a, 0x20, 0x20, 0x20, 0x20, 0x20, 0x20, 0x20, //  = _131;.       
	0x20, 0x7d, 0x0a, 0x20, 0x20, 0x20, 0x20, 0x20, 0x20, 0x20, 0x20, 0x65, 0x6c, 0x73, 0x65, 0x0a, //  }.        else.
	0x20, 0x20, 0x20, 0x20, 0x20, 0x20, 0x20, 0x20, 0x7b, 0x0a, 0x20, 0x20, 0x20, 0x20, 0x20, 0x20, //         {.      
	0x20, 0x20, 0x20, 0x20, 0x20, 0x20, 0x69, 0x66, 0x20, 0x28, 0x5f, 0x39, 0x35, 0x20, 0x3e, 0x20, //       if (_95 > 
	0x28, 0x28, 0x28, 0x5f, 0x31, 0x33, 0x35, 0x20, 0x2d, 0x20, 0x73, 0x71, 0x72, 0x74, 0x28, 0x5f, // (((_135 - sqrt(_
	0x31, 0x34, 0x39, 0x29, 0x29, 0x20, 0x2a, 0x20, 0x5f, 0x31, 0x30, 0x30, 0x2e, 0x7a, 0x29, 0x20, // 149)) * _100.z) 
	0x2b, 0x20, 0x31, 0x2e, 0x30, 0x29, 0x29, 0x0a, 0x20, 0x20, 0x20, 0x20, 0x20, 0x20, 0x20, 0x20, // + 1.0)).        
	0x20, 0x20, 0x20, 0x20, 0x7b, 0x0a, 0x20, 0x20, 0x20, 0x20, 0x20, 0x20, 0x20, 0x20, 0x20, 0x20, //     {.          
	0x20, 0x20, 0x20, 0x20, 0x20, 0x20, 0x62, 0x67, 0x66, 0x78, 0x5f, 0x46, 0x72, 0x61, 0x67, 0x43, //       bgfx_FragC
	0x6f, 0x6c, 0x6f, 0x72, 0x20, 0x3d, 0x20, 0x76, 0x65, 0x63, 0x34, 0x28, 0x5f, 0x31, 0x33, 0x30, // olor = vec4(_130
	0x2e, 0x78, 0x79, 0x7a, 0x2c, 0x20, 0x31, 0x2e, 0x30, 0x29, 0x3b, 0x0a, 0x20, 0x20, 0x20, 0x20, // .xyz, 1.0);.    
	0x20, 0x20, 0x20, 0x20, 0x20, 0x20, 0x20, 0x20, 0x20, 0x20, 0x20, 0x20, 0x62, 0x72, 0x65, 0x61, //             brea
	0x6b, 0x3b, 0x0a, 0x20, 0x20, 0x20, 0x20, 0x20, 0x20, 0x20, 0x20, 0x20, 0x20, 0x20, 0x20, 0x7d, // k;.            }
	0x0a, 0x20, 0x20, 0x20, 0x20, 0x20, 0x20, 0x20, 0x20, 0x20, 0x20, 0x20, 0x20, 0x5f, 0x34, 0x32, // .            _42
	0x32, 0x20, 0x3d, 0x20, 0x74, 0x65, 0x78, 0x74, 0x75, 0x72, 0x65, 0x4c, 0x6f, 0x64, 0x28, 0x74, // 2 = textureLod(t
	0x65, 0x78, 0x5f, 0x62, 0x6c, 0x6f, 0x6f, 0x6d, 0x2c, 0x20, 0x5f, 0x35, 0x30, 0x2c, 0x20, 0x30, // ex_bloom, _50, 0
	0x2e, 0x30, 0x29, 0x2e, 0x78, 0x79, 0x7a, 0x3b, 0x0a, 0x20, 0x20, 0x20, 0x20, 0x20, 0x20, 0x20, // .0).xyz;.       
	0x20, 0x7d, 0x0a, 0x20, 0x20, 0x20, 0x20, 0x20, 0x20, 0x20, 0x20, 0x76, 0x65, 0x63, 0x33, 0x20, //  }.        vec3 
	0x5f, 0x34, 0x31, 0x39, 0x3b, 0x0a, 0x20, 0x20, 0x20, 0x20, 0x20, 0x20, 0x20, 0x20, 0x5f, 0x34, // _419;.        _4
	0x31, 0x39, 0x20, 0x3d, 0x20, 0x5f, 0x31, 0x33, 0x31, 0x3b, 0x0a, 0x20, 0x20, 0x20, 0x20, 0x20, // 19 = _131;.     
	0x20, 0x20, 0x20, 0x76, 0x65, 0x63, 0x33, 0x20, 0x5f, 0x34, 0x32, 0x34, 0x3b, 0x0a, 0x20, 0x20, //    vec3 _424;.  
	0x20, 0x20, 0x20, 0x20, 0x20, 0x20, 0x66, 0x6f, 0x72, 0x20, 0x28, 0x69, 0x6e, 0x74, 0x20, 0x5f, //       for (int _
	0x34, 0x31, 0x38, 0x20, 0x3d, 0x20, 0x31, 0x3b, 0x20, 0x5f, 0x34, 0x31, 0x38, 0x20, 0x3c, 0x20, // 418 = 1; _418 < 
	0x5f, 0x32, 0x38, 0x3b, 0x20, 0x5f, 0x34, 0x31, 0x39, 0x20, 0x3d, 0x20, 0x5f, 0x34, 0x32, 0x34, // _28; _419 = _424
	0x2c, 0x20, 0x5f, 0x34, 0x31, 0x38, 0x2b, 0x2b, 0x29, 0x0a, 0x20, 0x20, 0x20, 0x20, 0x20, 0x20, // , _418++).      
	0x20, 0x20, 0x7b, 0x0a, 0x20, 0x20, 0x20, 0x20, 0x20, 0x20, 0x20, 0x20, 0x20, 0x20, 0x20, 0x20, //   {.            
	0x76, 0x65, 0x63, 0x33, 0x20, 0x5f, 0x32, 0x31, 0x30, 0x20, 0x3d, 0x20, 0x76, 0x65, 0x63, 0x33, // vec3 _210 = vec3
	0x28, 0x66, 0x6c, 0x6f, 0x61, 0x74, 0x28, 0x5f, 0x34, 0x31, 0x38, 0x29, 0x20, 0x2f, 0x20, 0x77, // (float(_418) / w
	0x5f, 0x68, 0x5f, 0x68, 0x65, 0x69, 0x67, 0x68, 0x74, 0x2e, 0x77, 0x29, 0x3b, 0x0a, 0x20, 0x20, // _h_height.w);.  
	0x20, 0x20, 0x20, 0x20, 0x20, 0x20, 0x20, 0x20, 0x20, 0x20, 0x76, 0x65, 0x63, 0x33, 0x20, 0x5f, //           vec3 _
	0x32, 0x31, 0x31, 0x20, 0x3d, 0x20, 0x6d, 0x69, 0x78, 0x28, 0x62, 0x61, 0x6c, 0x6c, 0x73, 0x5b, // 211 = mix(balls[
	0x31, 0x5d, 0x2e, 0x78, 0x79, 0x7a, 0x2c, 0x20, 0x62, 0x61, 0x6c, 0x6c, 0x73, 0x5b, 0x30, 0x5d, // 1].xyz, balls[0]
	0x2e, 0x78, 0x79, 0x7a, 0x2c, 0x20, 0x5f, 0x32, 0x31, 0x30, 0x29, 0x3b, 0x0a, 0x20, 0x20, 0x20, // .xyz, _210);.   
	0x20, 0x20, 0x20, 0x20, 0x20, 0x20, 0x20, 0x20, 0x20, 0x66, 0x6c, 0x6f, 0x61, 0x74, 0x20, 0x5f, //          float _
	0x32, 0x31, 0x35, 0x20, 0x3d, 0x20, 0x64, 0x6f, 0x74, 0x28, 0x5f, 0x31, 0x30, 0x30, 0x2c, 0x20, // 215 = dot(_100, 
	0x5f, 0x32, 0x31, 0x31, 0x29, 0x3b, 0x0a, 0x20, 0x20, 0x20, 0x20, 0x20, 0x20, 0x20, 0x20, 0x20, // _211);.         
	0x20, 0x20, 0x20, 0x66, 0x6c, 0x6f, 0x61, 0x74, 0x20, 0x5f, 0x32, 0x32, 0x37, 0x20, 0x3d, 0x20, //    float _227 = 
	0x28, 0x5f, 0x32, 0x31, 0x35, 0x20, 0x2a, 0x20, 0x5f, 0x32, 0x31, 0x35, 0x29, 0x20, 0x2d, 0x20, // (_215 * _215) - 
	0x28, 0x64, 0x6f, 0x74, 0x28, 0x5f, 0x32, 0x31, 0x31, 0x2c, 0x20, 0x5f, 0x32, 0x31, 0x31, 0x29, // (dot(_211, _211)
	0x20, 0x2d, 0x20, 0x5f, 0x31, 0x32, 0x30, 0x29, 0x3b, 0x0a, 0x20, 0x20, 0x20, 0x20, 0x20, 0x20, //  - _120);.      
	0x20, 0x20, 0x20, 0x20, 0x20, 0x20, 0x69, 0x66, 0x20, 0x28, 0x5f, 0x32, 0x32, 0x37, 0x20, 0x3c, //       if (_227 <
	0x20, 0x30, 0x2e, 0x30, 0x29, 0x0a, 0x20, 0x20, 0x20, 0x20, 0x20, 0x20, 0x20, 0x20, 0x20, 0x20, //  0.0).          
	0x20, 0x20, 0x7b, 0x0a, 0x20, 0x20, 0x20, 0x20, 0x20, 0x20, 0x20, 0x20, 0x20, 0x20, 0x20, 0x20, //   {.            
	0x20, 0x20, 0x20, 0x20, 0x5f, 0x34, 0x32, 0x34, 0x20, 0x3d, 0x20, 0x5f, 0x34, 0x31, 0x39, 0x20, //     _424 = _419 
	0x2b, 0x20, 0x5f, 0x34, 0x32, 0x32, 0x3b, 0x0a, 0x20, 0x20, 0x20, 0x20, 0x20, 0x20, 0x20, 0x20, // + _422;.        
	0x20, 0x20, 0x20, 0x20, 0x7d, 0x0a, 0x20, 0x20, 0x20, 0x20, 0x20, 0x20, 0x20, 0x20, 0x20, 0x20, //     }.          
	0x20, 0x20, 0x65, 0x6c, 0x73, 0x65, 0x0a, 0x20, 0x20, 0x20, 0x20, 0x20, 0x20, 0x20, 0x20, 0x20, //   else.         
	0x20, 0x20, 0x20, 0x7b, 0x0a, 0x20, 0x20, 0x20, 0x20, 0x20, 0x20, 0x20, 0x20, 0x20, 0x20, 0x20, //    {.           
	0x20, 0x20, 0x20, 0x20, 0x20, 0x76, 0x65, 0x63, 0x33, 0x20, 0x5f, 0x32, 0x34, 0x34, 0x20, 0x3d, //      vec3 _244 =
	0x20, 0x28, 0x5f, 0x31, 0x30, 0x30, 0x20, 0x2a, 0x20, 0x28, 0x5f, 0x32, 0x31, 0x35, 0x20, 0x2d, //  (_100 * (_215 -
	0x20, 0x73, 0x71, 0x72, 0x74, 0x28, 0x5f, 0x32, 0x32, 0x37, 0x29, 0x29, 0x29, 0x20, 0x2d, 0x20, //  sqrt(_227))) - 
	0x5f, 0x32, 0x31, 0x31, 0x3b, 0x0a, 0x20, 0x20, 0x20, 0x20, 0x20, 0x20, 0x20, 0x20, 0x20, 0x20, // _211;.          
	0x20, 0x20, 0x20, 0x20, 0x20, 0x20, 0x69, 0x6e, 0x74, 0x20, 0x5f, 0x32, 0x34, 0x39, 0x20, 0x3d, //       int _249 =
	0x20, 0x69, 0x6e, 0x74, 0x28, 0x72, 0x6f, 0x75, 0x6e, 0x64, 0x28, 0x76, 0x5f, 0x65, 0x79, 0x65, //  int(round(v_eye
	0x29, 0x29, 0x3b, 0x0a, 0x20, 0x20, 0x20, 0x20, 0x20, 0x20, 0x20, 0x20, 0x20, 0x20, 0x20, 0x20, // ));.            
	0x20, 0x20, 0x20, 0x20, 0x76, 0x65, 0x63, 0x34, 0x20, 0x5f, 0x32, 0x35, 0x39, 0x20, 0x3d, 0x20, //     vec4 _259 = 
	0x6d, 0x61, 0x74, 0x50, 0x72, 0x6f, 0x6a, 0x5b, 0x5f, 0x32, 0x34, 0x39, 0x5d, 0x20, 0x2a, 0x20, // matProj[_249] * 
	0x76, 0x65, 0x63, 0x34, 0x28, 0x62, 0x61, 0x6c, 0x6c, 0x73, 0x5b, 0x31, 0x5d, 0x2e, 0x78, 0x79, // vec4(balls[1].xy
	0x7a, 0x20, 0x2b, 0x20, 0x5f, 0x32, 0x34, 0x34, 0x2c, 0x20, 0x31, 0x2e, 0x30, 0x29, 0x3b, 0x0a, // z + _244, 1.0);.
	0x20, 0x20, 0x20, 0x20, 0x20, 0x20, 0x20, 0x20, 0x20, 0x20, 0x20, 0x20, 0x20, 0x20, 0x20, 0x20, //                 
	0x76, 0x65, 0x63, 0x34, 0x20, 0x5f, 0x32, 0x37, 0x33, 0x20, 0x3d, 0x20, 0x6d, 0x61, 0x74, 0x50, // vec4 _273 = matP
	0x72, 0x6f, 0x6a, 0x5b, 0x5f, 0x32, 0x34, 0x39, 0x5d, 0x20, 0x2a, 0x20, 0x76, 0x65, 0x63, 0x34, // roj[_249] * vec4
	0x28, 0x62, 0x61, 0x6c, 0x6c, 0x73, 0x5b, 0x30, 0x5d, 0x2e, 0x78, 0x79, 0x7a, 0x20, 0x2b, 0x20, // (balls[0].xyz + 
	0x5f, 0x32, 0x34, 0x34, 0x2c, 0x20, 0x31, 0x2e, 0x30, 0x29, 0x3b, 0x0a, 0x20, 0x20, 0x20, 0x20, // _244, 1.0);.    
	0x20, 0x20, 0x20, 0x20, 0x20, 0x20, 0x20, 0x20, 0x20, 0x20, 0x20, 0x20, 0x76, 0x65, 0x63, 0x32, //             vec2
	0x20, 0x5f, 0x32, 0x37, 0x39, 0x20, 0x3d, 0x20, 0x5f, 0x32, 0x35, 0x39, 0x2e, 0x78, 0x79, 0x20, //  _279 = _259.xy 
	0x2f, 0x20, 0x76, 0x65, 0x63, 0x32, 0x28, 0x5f, 0x32, 0x35, 0x39, 0x2e, 0x77, 0x29, 0x3b, 0x0a, // / vec2(_259.w);.
	0x20, 0x20, 0x20, 0x20, 0x20, 0x20, 0x20, 0x20, 0x20, 0x20, 0x20, 0x20, 0x20, 0x20, 0x20, 0x20, //                 
	0x76, 0x65, 0x63, 0x34, 0x20, 0x5f, 0x34, 0x31, 0x30, 0x3b, 0x0a, 0x20, 0x20, 0x20, 0x20, 0x20, // vec4 _410;.     
	0x20, 0x20, 0x20, 0x20, 0x20, 0x20, 0x20, 0x20, 0x20, 0x20, 0x20, 0x5f, 0x34, 0x31, 0x30, 0x2e, //            _410.
	0x78, 0x20, 0x3d, 0x20, 0x5f, 0x32, 0x37, 0x39, 0x2e, 0x78, 0x3b, 0x0a, 0x20, 0x20, 0x20, 0x20, // x = _279.x;.    
	0x20, 0x20, 0x20, 0x20, 0x20, 0x20, 0x20, 0x20, 0x20, 0x20, 0x20, 0x20, 0x5f, 0x34, 0x31, 0x30, //             _410
	0x2e, 0x79, 0x20, 0x3d, 0x20, 0x5f, 0x32, 0x37, 0x39, 0x2e, 0x79, 0x3b, 0x0a, 0x20, 0x20, 0x20, // .y = _279.y;.   
	0x20, 0x20, 0x20, 0x20, 0x20, 0x20, 0x20, 0x20, 0x20, 0x20, 0x20, 0x20, 0x20, 0x76, 0x65, 0x63, //              vec
	0x32, 0x20, 0x5f, 0x32, 0x38, 0x39, 0x20, 0x3d, 0x20, 0x5f, 0x32, 0x37, 0x33, 0x2e, 0x78, 0x79, // 2 _289 = _273.xy
	0x20, 0x2f, 0x20, 0x76, 0x65, 0x63, 0x32, 0x28, 0x5f, 0x32, 0x37, 0x33, 0x2e, 0x77, 0x29, 0x3b, //  / vec2(_273.w);
	0x0a, 0x20, 0x20, 0x20, 0x20, 0x20, 0x20, 0x20, 0x20, 0x20, 0x20, 0x20, 0x20, 0x20, 0x20, 0x20, // .               
	0x20, 0x76, 0x65, 0x63, 0x34, 0x20, 0x5f, 0x34, 0x31, 0x35, 0x3b, 0x0a, 0x20, 0x20, 0x20, 0x20, //  vec4 _415;.    
	0x20, 0x20, 0x20, 0x20, 0x20, 0x20, 0x20, 0x20, 0x20, 0x20, 0x20, 0x20, 0x5f, 0x34, 0x31, 0x35, //             _415
	0x2e, 0x78, 0x20, 0x3d, 0x20, 0x5f, 0x32, 0x38, 0x39, 0x2e, 0x78, 0x3b, 0x0a, 0x20, 0x20, 0x20, // .x = _289.x;.   
	0x20, 0x20, 0x20, 0x20, 0x20, 0x20, 0x20, 0x20, 0x20, 0x20, 0x20, 0x20, 0x20, 0x5f, 0x34, 0x31, //              _41
	0x35, 0x2e, 0x79, 0x20, 0x3d, 0x20, 0x5f, 0x32, 0x38, 0x39, 0x2e, 0x79, 0x3b, 0x0a, 0x20, 0x20, // 5.y = _289.y;.  
	0x20, 0x20, 0x20, 0x20, 0x20, 0x20, 0x20, 0x20, 0x20, 0x20, 0x20, 0x20, 0x20, 0x20, 0x5f, 0x34, //               _4
	0x32, 0x34, 0x20, 0x3d, 0x20, 0x5f, 0x34, 0x31, 0x39, 0x20, 0x2b, 0x20, 0x6d, 0x69, 0x78, 0x28, // 24 = _419 + mix(
	0x74, 0x65, 0x78, 0x74, 0x75, 0x72, 0x65, 0x4c, 0x6f, 0x64, 0x28, 0x74, 0x65, 0x78, 0x5f, 0x62, // textureLod(tex_b
	0x6c, 0x6f, 0x6f, 0x6d, 0x2c, 0x20, 0x76, 0x65, 0x63, 0x33, 0x28, 0x76, 0x65, 0x63, 0x32, 0x28, // loom, vec3(vec2(
	0x30, 0x2e, 0x35, 0x29, 0x20, 0x2b, 0x20, 0x28, 0x5f, 0x34, 0x31, 0x30, 0x2e, 0x78, 0x79, 0x20, // 0.5) + (_410.xy 
	0x2a, 0x20, 0x30, 0x2e, 0x35, 0x29, 0x2c, 0x20, 0x76, 0x5f, 0x65, 0x79, 0x65, 0x29, 0x2c, 0x20, // * 0.5), v_eye), 
	0x30, 0x2e, 0x30, 0x29, 0x2e, 0x78, 0x79, 0x7a, 0x2c, 0x20, 0x74, 0x65, 0x78, 0x74, 0x75, 0x72, // 0.0).xyz, textur
	0x65, 0x4c, 0x6f, 0x64, 0x28, 0x74, 0x65, 0x78, 0x5f, 0x66, 0x62, 0x5f, 0x66, 0x69, 0x6c, 0x74, // eLod(tex_fb_filt
	0x65, 0x72, 0x65, 0x64, 0x2c, 0x20, 0x76, 0x65, 0x63, 0x33, 0x28, 0x76, 0x65, 0x63, 0x32, 0x28, // ered, vec3(vec2(
	0x30, 0x2e, 0x35, 0x29, 0x20, 0x2b, 0x20, 0x28, 0x5f, 0x34, 0x31, 0x35, 0x2e, 0x78, 0x79, 0x20, // 0.5) + (_415.xy 
	0x2a, 0x20, 0x30, 0x2e, 0x35, 0x29, 0x2c, 0x20, 0x76, 0x5f, 0x65, 0x79, 0x65, 0x29, 0x2c, 0x20, // * 0.5), v_eye), 
	0x30, 0x2e, 0x30, 0x29, 0x2e, 0x78, 0x79, 0x7a, 0x2c, 0x20, 0x5f, 0x32, 0x31, 0x30, 0x29, 0x3b, // 0.0).xyz, _210);
	0x0a, 0x20, 0x20, 0x20, 0x20, 0x20, 0x20, 0x20, 0x20, 0x20, 0x20, 0x20, 0x20, 0x7d, 0x0a, 0x20, // .            }. 
	0x20, 0x20, 0x20, 0x20, 0x20, 0x20, 0x20, 0x7d, 0x0a, 0x20, 0x20, 0x20, 0x20, 0x20, 0x20, 0x20, //        }.       
	0x20, 0x62, 0x67, 0x66, 0x78, 0x5f, 0x46, 0x72, 0x61, 0x67, 0x43, 0x6f, 0x6c, 0x6f, 0x72, 0x20, //  bgfx_FragColor 
	0x3d, 0x20, 0x76, 0x65, 0x63, 0x34, 0x28, 0x5f, 0x34, 0x31, 0x39, 0x20, 0x2f, 0x20, 0x76, 0x65, // = vec4(_419 / ve
	0x63, 0x33, 0x28, 0x77, 0x5f, 0x68, 0x5f, 0x68, 0x65, 0x69, 0x67, 0x68, 0x74, 0x2e, 0x77, 0x29, // c3(w_h_height.w)
	0x2c, 0x20, 0x31, 0x2e, 0x30, 0x29, 0x3b, 0x0a, 0x20, 0x20, 0x20, 0x20, 0x20, 0x20, 0x20, 0x20, // , 1.0);.        
	0x62, 0x72, 0x65, 0x61, 0x6b, 0x3b, 0x0a, 0x20, 0x20, 0x20, 0x20, 0x7d, 0x20, 0x77, 0x68, 0x69, // break;.    } whi
	0x6c, 0x65, 0x28, 0x66, 0x61, 0x6c, 0x73, 0x65, 0x29, 0x3b, 0x0a, 0x7d, 0x0a, 0x0a, 0x00,       // le(false);.}...
};
static const uint8_t fs_pp_motionblur_st_dxbc[3072] =
{
	0x46, 0x53, 0x48, 0x0c, 0x4a, 0x63, 0xcf, 0x5f, 0x00, 0x00, 0x00, 0x00, 0x00, 0x00, 0x00, 0x00, // FSH.Jc._........
	0x00, 0x00, 0x00, 0x00, 0x07, 0x00, 0x05, 0x62, 0x61, 0x6c, 0x6c, 0x73, 0x12, 0x08, 0x00, 0x00, // .......balls....
	0x08, 0x00, 0x00, 0x00, 0x00, 0x00, 0x07, 0x6d, 0x61, 0x74, 0x50, 0x72, 0x6f, 0x6a, 0x14, 0x02, // .......matProj..
	0x80, 0x00, 0x08, 0x00, 0x00, 0x00, 0x00, 0x00, 0x0a, 0x6d, 0x61, 0x74, 0x50, 0x72, 0x6f, 0x6a, // .........matProj
	0x49, 0x6e, 0x76, 0x14, 0x02, 0x00, 0x01, 0x08, 0x00, 0x00, 0x00, 0x00, 0x00, 0x0a, 0x77, 0x5f, // Inv...........w_
	0x68, 0x5f, 0x68, 0x65, 0x69, 0x67, 0x68, 0x74, 0x12, 0x00, 0x80, 0x01, 0x01, 0x00, 0x00, 0x00, // h_height........
	0x00, 0x00, 0x0f, 0x74, 0x65, 0x78, 0x5f, 0x66, 0x62, 0x5f, 0x66, 0x69, 0x6c, 0x74, 0x65, 0x72, // ...tex_fb_filter
	0x65, 0x64, 0x30, 0x01, 0x00, 0x00, 0x01, 0x00, 0x00, 0x03, 0x00, 0x00, 0x09, 0x74, 0x65, 0x78, // ed0..........tex
	0x5f, 0x62, 0x6c, 0x6f, 0x6f, 0x6d, 0x30, 0x01, 0x01, 0x00, 0x01, 0x00, 0x00, 0x03, 0x00, 0x00, // _bloom0.........
	0x09, 0x74, 0x65, 0x78, 0x5f, 0x64, 0x65, 0x70, 0x74, 0x68, 0x30, 0x01, 0x04, 0x00, 0x01, 0x00, // .tex_depth0.....
	0x00, 0x03, 0x00, 0x00, 0x54, 0x0b, 0x00, 0x00, 0x44, 0x58, 0x42, 0x43, 0x38, 0xc2, 0x24, 0x2a, // ....T...DXBC8.$*
	0x00, 0x28, 0x45, 0x79, 0x0c, 0x3d, 0xe7, 0xd5, 0x89, 0xe5, 0xbb, 0x18, 0x01, 0x00, 0x00, 0x00, // .(Ey.=..........
	0x54, 0x0b, 0x00, 0x00, 0x03, 0x00, 0x00, 0x00, 0x2c, 0x00, 0x00, 0x00, 0x9c, 0x00, 0x00, 0x00, // T.......,.......
	0xd0, 0x00, 0x00, 0x00, 0x49, 0x53, 0x47, 0x4e, 0x68, 0x00, 0x00, 0x00, 0x03, 0x00, 0x00, 0x00, // ....ISGNh.......
	0x08, 0x00, 0x00, 0x00, 0x50, 0x00, 0x00, 0x00, 0x00, 0x00, 0x00, 0x00, 0x01, 0x00, 0x00, 0x00, // ....P...........
	0x03, 0x00, 0x00, 0x00, 0x00, 0x00, 0x00, 0x00, 0x0f, 0x00, 0x00, 0x00, 0x5c, 0x00, 0x00, 0x00, // ................
	0x04, 0x00, 0x00, 0x00, 0x00, 0x00, 0x00, 0x00, 0x03, 0x00, 0x00, 0x00, 0x01, 0x00, 0x00, 0x00, // ................
	0x01, 0x01, 0x00, 0x00, 0x5c, 0x00, 0x00, 0x00, 0x00, 0x00, 0x00, 0x00, 0x00, 0x00, 0x00, 0x00, // ................
	0x03, 0x00, 0x00, 0x00, 0x01, 0x00, 0x00, 0x00, 0x06, 0x06, 0x00, 0x00, 0x53, 0x56, 0x5f, 0x50, // ............SV_P
	0x4f, 0x53, 0x49, 0x54, 0x49, 0x4f, 0x4e, 0x00, 0x54, 0x45, 0x58, 0x43, 0x4f, 0x4f, 0x52, 0x44, // OSITION.TEXCOORD
	0x00, 0xab, 0xab, 0xab, 0x4f, 0x53, 0x47, 0x4e, 0x2c, 0x00, 0x00, 0x00, 0x01, 0x00, 0x00, 0x00, // ....OSGN,.......
	0x08, 0x00, 0x00, 0x00, 0x20, 0x00, 0x00, 0x00, 0x00, 0x00, 0x00, 0x00, 0x00, 0x00, 0x00, 0x00, // .... ...........
	0x03, 0x00, 0x00, 0x00, 0x00, 0x00, 0x00, 0x00, 0x0f, 0x00, 0x00, 0x00, 0x53, 0x56, 0x5f, 0x54, // ............SV_T
	0x41, 0x52, 0x47, 0x45, 0x54, 0x00, 0xab, 0xab, 0x53, 0x48, 0x45, 0x58, 0x7c, 0x0a, 0x00, 0x00, // ARGET...SHEX|...
	0x50, 0x00, 0x00, 0x00, 0x9f, 0x02, 0x00, 0x00, 0x6a, 0x08, 0x00, 0x01, 0x59, 0x08, 0x00, 0x04, // P.......j...Y...
	0x46, 0x8e, 0x20, 0x00, 0x00, 0x00, 0x00, 0x00, 0x19, 0x00, 0x00, 0x00, 0x5a, 0x00, 0x00, 0x03, // F. .........Z...
	0x00, 0x60, 0x10, 0x00, 0x00, 0x00, 0x00, 0x00, 0x5a, 0x00, 0x00, 0x03, 0x00, 0x60, 0x10, 0x00, // .`......Z....`..
	0x01, 0x00, 0x00, 0x00, 0x5a, 0x00, 0x00, 0x03, 0x00, 0x60, 0x10, 0x00, 0x04, 0x00, 0x00, 0x00, // ....Z....`......
	0x58, 0x40, 0x00, 0x04, 0x00, 0x70, 0x10, 0x00, 0x00, 0x00, 0x00, 0x00, 0x55, 0x55, 0x00, 0x00, // X@...p......UU..
	0x58, 0x40, 0x00, 0x04, 0x00, 0x70, 0x10, 0x00, 0x01, 0x00, 0x00, 0x00, 0x55, 0x55, 0x00, 0x00, // X@...p......UU..
	0x58, 0x40, 0x00, 0x04, 0x00, 0x70, 0x10, 0x00, 0x04, 0x00, 0x00, 0x00, 0x55, 0x55, 0x00, 0x00, // X@...p......UU..
	0x62, 0x10, 0x00, 0x03, 0x12, 0x10, 0x10, 0x00, 0x01, 0x00, 0x00, 0x00, 0x62, 0x10, 0x00, 0x03, // b...........b...
	0x62, 0x10, 0x10, 0x00, 0x01, 0x00, 0x00, 0x00, 0x65, 0x00, 0x00, 0x03, 0xf2, 0x20, 0x10, 0x00, // b.......e.... ..
	0x00, 0x00, 0x00, 0x00, 0x68, 0x00, 0x00, 0x02, 0x0a, 0x00, 0x00, 0x00, 0x48, 0x00, 0x00, 0x8d, // ....h.......H...
	0x02, 0x02, 0x00, 0x80, 0x43, 0x55, 0x15, 0x00, 0x12, 0x00, 0x10, 0x00, 0x00, 0x00, 0x00, 0x00, // ....CU..........
	0x96, 0x14, 0x10, 0x00, 0x01, 0x00, 0x00, 0x00, 0x46, 0x7e, 0x10, 0x00, 0x04, 0x00, 0x00, 0x00, // ........F~......
	0x00, 0x60, 0x10, 0x00, 0x04, 0x00, 0x00, 0x00, 0x01, 0x40, 0x00, 0x00, 0x00, 0x00, 0x00, 0x00, // .`.......@......
	0x32, 0x00, 0x00, 0x09, 0x22, 0x00, 0x10, 0x00, 0x00, 0x00, 0x00, 0x00, 0x1a, 0x10, 0x10, 0x00, // 2..."...........
	0x01, 0x00, 0x00, 0x00, 0x01, 0x40, 0x00, 0x00, 0x00, 0x00, 0x00, 0x40, 0x01, 0x40, 0x00, 0x00, // .....@.....@.@..
	0x00, 0x00, 0x80, 0xbf, 0x32, 0x00, 0x00, 0x0a, 0x42, 0x00, 0x10, 0x00, 0x00, 0x00, 0x00, 0x00, // ....2...B.......
	0x2a, 0x10, 0x10, 0x80, 0x41, 0x00, 0x00, 0x00, 0x01, 0x00, 0x00, 0x00, 0x01, 0x40, 0x00, 0x00, // *...A........@..
	0x00, 0x00, 0x00, 0x40, 0x01, 0x40, 0x00, 0x00, 0x00, 0x00, 0x80, 0x3f, 0x1b, 0x00, 0x00, 0x05, // ...@.@.....?....
	0x82, 0x00, 0x10, 0x00, 0x00, 0x00, 0x00, 0x00, 0x0a, 0x10, 0x10, 0x00, 0x01, 0x00, 0x00, 0x00, // ................
	0x29, 0x00, 0x00, 0x07, 0x82, 0x00, 0x10, 0x00, 0x00, 0x00, 0x00, 0x00, 0x3a, 0x00, 0x10, 0x00, // )...........:...
	0x00, 0x00, 0x00, 0x00, 0x01, 0x40, 0x00, 0x00, 0x02, 0x00, 0x00, 0x00, 0x38, 0x00, 0x00, 0x0a, // .....@......8...
	0xf2, 0x00, 0x10, 0x00, 0x01, 0x00, 0x00, 0x00, 0xa6, 0x0a, 0x10, 0x00, 0x00, 0x00, 0x00, 0x00, // ................
	0x46, 0x8e, 0x20, 0x06, 0x00, 0x00, 0x00, 0x00, 0x11, 0x00, 0x00, 0x00, 0x3a, 0x00, 0x10, 0x00, // F. .........:...
	0x00, 0x00, 0x00, 0x00, 0x32, 0x00, 0x00, 0x0c, 0xf2, 0x00, 0x10, 0x00, 0x01, 0x00, 0x00, 0x00, // ....2...........
	0x46, 0x8e, 0x20, 0x06, 0x00, 0x00, 0x00, 0x00, 0x10, 0x00, 0x00, 0x00, 0x3a, 0x00, 0x10, 0x00, // F. .........:...
	0x00, 0x00, 0x00, 0x00, 0x56, 0x05, 0x10, 0x00, 0x00, 0x00, 0x00, 0x00, 0x46, 0x0e, 0x10, 0x00, // ....V.......F...
	0x01, 0x00, 0x00, 0x00, 0x32, 0x00, 0x00, 0x0c, 0xf2, 0x00, 0x10, 0x00, 0x01, 0x00, 0x00, 0x00, // ....2...........
	0x46, 0x8e, 0x20, 0x06, 0x00, 0x00, 0x00, 0x00, 0x12, 0x00, 0x00, 0x00, 0x3a, 0x00, 0x10, 0x00, // F. .........:...
	0x00, 0x00, 0x00, 0x00, 0x06, 0x00, 0x10, 0x00, 0x00, 0x00, 0x00, 0x00, 0x46, 0x0e, 0x10, 0x00, // ............F...
	0x01, 0x00, 0x00, 0x00, 0x00, 0x00, 0x00, 0x0a, 0xf2, 0x00, 0x10, 0x00, 0x00, 0x00, 0x00, 0x00, // ................
	0x46, 0x0e, 0x10, 0x00, 0x01, 0x00, 0x00, 0x00, 0x46, 0x8e, 0x20, 0x06, 0x00, 0x00, 0x00, 0x00, // F.......F. .....
	0x13, 0x00, 0x00, 0x00, 0x3a, 0x00, 0x10, 0x00, 0x00, 0x00, 0x00, 0x00, 0x0e, 0x00, 0x00, 0x07, // ....:...........
	0x72, 0x00, 0x10, 0x00, 0x00, 0x00, 0x00, 0x00, 0x46, 0x02, 0x10, 0x00, 0x00, 0x00, 0x00, 0x00, // r.......F.......
	0xf6, 0x0f, 0x10, 0x00, 0x00, 0x00, 0x00, 0x00, 0x10, 0x00, 0x00, 0x07, 0x82, 0x00, 0x10, 0x00, // ................
	0x00, 0x00, 0x00, 0x00, 0x46, 0x02, 0x10, 0x00, 0x00, 0x00, 0x00, 0x00, 0x46, 0x02, 0x10, 0x00, // ....F.......F...
	0x00, 0x00, 0x00, 0x00, 0x44, 0x00, 0x00, 0x05, 0x82, 0x00, 0x10, 0x00, 0x00, 0x00, 0x00, 0x00, // ....D...........
	0x3a, 0x00, 0x10, 0x00, 0x00, 0x00, 0x00, 0x00, 0x38, 0x00, 0x00, 0x07, 0xb2, 0x00, 0x10, 0x00, // :.......8.......
	0x00, 0x00, 0x00, 0x00, 0xf6, 0x0f, 0x10, 0x00, 0x00, 0x00, 0x00, 0x00, 0x46, 0x08, 0x10, 0x00, // ............F...
	0x00, 0x00, 0x00, 0x00, 0x38, 0x00, 0x00, 0x09, 0x12, 0x00, 0x10, 0x00, 0x01, 0x00, 0x00, 0x00, // ....8...........
	0x3a, 0x80, 0x20, 0x00, 0x00, 0x00, 0x00, 0x00, 0x00, 0x00, 0x00, 0x00, 0x3a, 0x80, 0x20, 0x00, // :. .........:. .
	0x00, 0x00, 0x00, 0x00, 0x00, 0x00, 0x00, 0x00, 0x48, 0x00, 0x00, 0x8d, 0x02, 0x02, 0x00, 0x80, // ........H.......
	0x43, 0x55, 0x15, 0x00, 0xe2, 0x00, 0x10, 0x00, 0x01, 0x00, 0x00, 0x00, 0x96, 0x14, 0x10, 0x00, // CU..............
	0x01, 0x00, 0x00, 0x00, 0x36, 0x79, 0x10, 0x00, 0x00, 0x00, 0x00, 0x00, 0x00, 0x60, 0x10, 0x00, // ....6y.......`..
	0x00, 0x00, 0x00, 0x00, 0x01, 0x40, 0x00, 0x00, 0x00, 0x00, 0x00, 0x00, 0x10, 0x00, 0x00, 0x08, // .....@..........
	0x12, 0x00, 0x10, 0x00, 0x02, 0x00, 0x00, 0x00, 0x46, 0x03, 0x10, 0x00, 0x00, 0x00, 0x00, 0x00, // ........F.......
	0x46, 0x82, 0x20, 0x00, 0x00, 0x00, 0x00, 0x00, 0x00, 0x00, 0x00, 0x00, 0x10, 0x00, 0x00, 0x09, // F. .............
	0x22, 0x00, 0x10, 0x00, 0x02, 0x00, 0x00, 0x00, 0x46, 0x82, 0x20, 0x00, 0x00, 0x00, 0x00, 0x00, // ".......F. .....
	0x00, 0x00, 0x00, 0x00, 0x46, 0x82, 0x20, 0x00, 0x00, 0x00, 0x00, 0x00, 0x00, 0x00, 0x00, 0x00, // ....F. .........
	0x32, 0x00, 0x00, 0x0a, 0x12, 0x00, 0x10, 0x00, 0x01, 0x00, 0x00, 0x00, 0x0a, 0x00, 0x10, 0x80, // 2...............
	0x41, 0x00, 0x00, 0x00, 0x01, 0x00, 0x00, 0x00, 0x01, 0x40, 0x00, 0x00, 0x33, 0x33, 0x93, 0x3f, // A........@..33.?
	0x1a, 0x00, 0x10, 0x00, 0x02, 0x00, 0x00, 0x00, 0x32, 0x00, 0x00, 0x0a, 0x12, 0x00, 0x10, 0x00, // ........2.......
	0x01, 0x00, 0x00, 0x00, 0x0a, 0x00, 0x10, 0x00, 0x02, 0x00, 0x00, 0x00, 0x0a, 0x00, 0x10, 0x00, // ................
	0x02, 0x00, 0x00, 0x00, 0x0a, 0x00, 0x10, 0x80, 0x41, 0x00, 0x00, 0x00, 0x01, 0x00, 0x00, 0x00, // ........A.......
	0x31, 0x00, 0x00, 0x07, 0x22, 0x00, 0x10, 0x00, 0x02, 0x00, 0x00, 0x00, 0x0a, 0x00, 0x10, 0x00, // 1..."...........
	0x01, 0x00, 0x00, 0x00, 0x01, 0x40, 0x00, 0x00, 0x00, 0x00, 0x00, 0x00, 0x1f, 0x00, 0x04, 0x03, // .....@..........
	0x1a, 0x00, 0x10, 0x00, 0x02, 0x00, 0x00, 0x00, 0x36, 0x00, 0x00, 0x05, 0xe2, 0x00, 0x10, 0x00, // ........6.......
	0x02, 0x00, 0x00, 0x00, 0x56, 0x0e, 0x10, 0x00, 0x01, 0x00, 0x00, 0x00, 0x12, 0x00, 0x00, 0x01, // ....V...........
	0x4b, 0x00, 0x00, 0x05, 0x12, 0x00, 0x10, 0x00, 0x01, 0x00, 0x00, 0x00, 0x0a, 0x00, 0x10, 0x00, // K...............
	0x01, 0x00, 0x00, 0x00, 0x00, 0x00, 0x00, 0x08, 0x12, 0x00, 0x10, 0x00, 0x01, 0x00, 0x00, 0x00, // ................
	0x0a, 0x00, 0x10, 0x80, 0x41, 0x00, 0x00, 0x00, 0x01, 0x00, 0x00, 0x00, 0x0a, 0x00, 0x10, 0x00, // ....A...........
	0x02, 0x00, 0x00, 0x00, 0x32, 0x00, 0x00, 0x09, 0x12, 0x00, 0x10, 0x00, 0x01, 0x00, 0x00, 0x00, // ....2...........
	0x0a, 0x00, 0x10, 0x00, 0x01, 0x00, 0x00, 0x00, 0x3a, 0x00, 0x10, 0x00, 0x00, 0x00, 0x00, 0x00, // ........:.......
	0x01, 0x40, 0x00, 0x00, 0x00, 0x00, 0x80, 0x3f, 0x31, 0x00, 0x00, 0x07, 0x42, 0x00, 0x10, 0x00, // .@.....?1...B...
	0x00, 0x00, 0x00, 0x00, 0x0a, 0x00, 0x10, 0x00, 0x01, 0x00, 0x00, 0x00, 0x2a, 0x00, 0x10, 0x00, // ............*...
	0x00, 0x00, 0x00, 0x00, 0x1f, 0x00, 0x04, 0x03, 0x2a, 0x00, 0x10, 0x00, 0x00, 0x00, 0x00, 0x00, // ........*.......
	0x36, 0x00, 0x00, 0x05, 0x72, 0x20, 0x10, 0x00, 0x00, 0x00, 0x00, 0x00, 0x96, 0x07, 0x10, 0x00, // 6...r ..........
	0x01, 0x00, 0x00, 0x00, 0x36, 0x00, 0x00, 0x05, 0x82, 0x20, 0x10, 0x00, 0x00, 0x00, 0x00, 0x00, // ....6.... ......
	0x01, 0x40, 0x00, 0x00, 0x00, 0x00, 0x80, 0x3f, 0x3e, 0x00, 0x00, 0x01, 0x15, 0x00, 0x00, 0x01, // .@.....?>.......
	0x48, 0x00, 0x00, 0x8d, 0x02, 0x02, 0x00, 0x80, 0x43, 0x55, 0x15, 0x00, 0xe2, 0x00, 0x10, 0x00, // H.......CU......
	0x02, 0x00, 0x00, 0x00, 0x96, 0x14, 0x10, 0x00, 0x01, 0x00, 0x00, 0x00, 0x36, 0x79, 0x10, 0x00, // ............6y..
	0x01, 0x00, 0x00, 0x00, 0x00, 0x60, 0x10, 0x00, 0x01, 0x00, 0x00, 0x00, 0x01, 0x40, 0x00, 0x00, // .....`.......@..
	0x00, 0x00, 0x00, 0x00, 0x15, 0x00, 0x00, 0x01, 0x1b, 0x00, 0x00, 0x06, 0x42, 0x00, 0x10, 0x00, // ............B...
	0x00, 0x00, 0x00, 0x00, 0x3a, 0x80, 0x20, 0x00, 0x00, 0x00, 0x00, 0x00, 0x18, 0x00, 0x00, 0x00, // ....:. .........
	0x00, 0x00, 0x00, 0x0a, 0x72, 0x00, 0x10, 0x00, 0x03, 0x00, 0x00, 0x00, 0x46, 0x82, 0x20, 0x00, // ....r.......F. .
	0x00, 0x00, 0x00, 0x00, 0x00, 0x00, 0x00, 0x00, 0x46, 0x82, 0x20, 0x80, 0x41, 0x00, 0x00, 0x00, // ........F. .A...
	0x00, 0x00, 0x00, 0x00, 0x01, 0x00, 0x00, 0x00, 0x40, 0x00, 0x00, 0x05, 0x12, 0x00, 0x10, 0x00, // ........@.......
	0x01, 0x00, 0x00, 0x00, 0x0a, 0x10, 0x10, 0x00, 0x01, 0x00, 0x00, 0x00, 0x1b, 0x00, 0x00, 0x05, // ................
	0x12, 0x00, 0x10, 0x00, 0x01, 0x00, 0x00, 0x00, 0x0a, 0x00, 0x10, 0x00, 0x01, 0x00, 0x00, 0x00, // ................
	0x29, 0x00, 0x00, 0x07, 0x12, 0x00, 0x10, 0x00, 0x01, 0x00, 0x00, 0x00, 0x0a, 0x00, 0x10, 0x00, // )...............
	0x01, 0x00, 0x00, 0x00, 0x01, 0x40, 0x00, 0x00, 0x02, 0x00, 0x00, 0x00, 0x36, 0x00, 0x00, 0x05, // .....@......6...
	0x42, 0x00, 0x10, 0x00, 0x04, 0x00, 0x00, 0x00, 0x0a, 0x10, 0x10, 0x00, 0x01, 0x00, 0x00, 0x00, // B...............
	0x36, 0x00, 0x00, 0x05, 0x42, 0x00, 0x10, 0x00, 0x05, 0x00, 0x00, 0x00, 0x0a, 0x10, 0x10, 0x00, // 6...B...........
	0x01, 0x00, 0x00, 0x00, 0x36, 0x00, 0x00, 0x05, 0x72, 0x00, 0x10, 0x00, 0x06, 0x00, 0x00, 0x00, // ....6...r.......
	0x96, 0x07, 0x10, 0x00, 0x01, 0x00, 0x00, 0x00, 0x36, 0x00, 0x00, 0x05, 0x12, 0x00, 0x10, 0x00, // ........6.......
	0x02, 0x00, 0x00, 0x00, 0x01, 0x40, 0x00, 0x00, 0x01, 0x00, 0x00, 0x00, 0x30, 0x00, 0x00, 0x01, // .....@......0...
	0x21, 0x00, 0x00, 0x07, 0x82, 0x00, 0x10, 0x00, 0x03, 0x00, 0x00, 0x00, 0x0a, 0x00, 0x10, 0x00, // !...............
	0x02, 0x00, 0x00, 0x00, 0x2a, 0x00, 0x10, 0x00, 0x00, 0x00, 0x00, 0x00, 0x03, 0x00, 0x04, 0x03, // ....*...........
	0x3a, 0x00, 0x10, 0x00, 0x03, 0x00, 0x00, 0x00, 0x2b, 0x00, 0x00, 0x05, 0x82, 0x00, 0x10, 0x00, // :.......+.......
	0x03, 0x00, 0x00, 0x00, 0x0a, 0x00, 0x10, 0x00, 0x02, 0x00, 0x00, 0x00, 0x0e, 0x00, 0x00, 0x08, // ................
	0x82, 0x00, 0x10, 0x00, 0x03, 0x00, 0x00, 0x00, 0x3a, 0x00, 0x10, 0x00, 0x03, 0x00, 0x00, 0x00, // ........:.......
	0x3a, 0x80, 0x20, 0x00, 0x00, 0x00, 0x00, 0x00, 0x18, 0x00, 0x00, 0x00, 0x32, 0x00, 0x00, 0x0a, // :. .........2...
	0x72, 0x00, 0x10, 0x00, 0x07, 0x00, 0x00, 0x00, 0xf6, 0x0f, 0x10, 0x00, 0x03, 0x00, 0x00, 0x00, // r...............
	0x46, 0x02, 0x10, 0x00, 0x03, 0x00, 0x00, 0x00, 0x46, 0x82, 0x20, 0x00, 0x00, 0x00, 0x00, 0x00, // F.......F. .....
	0x01, 0x00, 0x00, 0x00, 0x10, 0x00, 0x00, 0x07, 0x82, 0x00, 0x10, 0x00, 0x04, 0x00, 0x00, 0x00, // ................
	0x46, 0x03, 0x10, 0x00, 0x00, 0x00, 0x00, 0x00, 0x46, 0x02, 0x10, 0x00, 0x07, 0x00, 0x00, 0x00, // F.......F.......
	0x10, 0x00, 0x00, 0x07, 0x82, 0x00, 0x10, 0x00, 0x05, 0x00, 0x00, 0x00, 0x46, 0x02, 0x10, 0x00, // ............F...
	0x07, 0x00, 0x00, 0x00, 0x46, 0x02, 0x10, 0x00, 0x07, 0x00, 0x00, 0x00, 0x32, 0x00, 0x00, 0x0c, // ....F.......2...
	0x82, 0x00, 0x10, 0x00, 0x05, 0x00, 0x00, 0x00, 0x3a, 0x80, 0x20, 0x80, 0x41, 0x00, 0x00, 0x00, // ........:. .A...
	0x00, 0x00, 0x00, 0x00, 0x00, 0x00, 0x00, 0x00, 0x3a, 0x80, 0x20, 0x00, 0x00, 0x00, 0x00, 0x00, // ........:. .....
	0x00, 0x00, 0x00, 0x00, 0x3a, 0x00, 0x10, 0x00, 0x05, 0x00, 0x00, 0x00, 0x32, 0x00, 0x00, 0x0a, // ....:.......2...
	0x82, 0x00, 0x10, 0x00, 0x05, 0x00, 0x00, 0x00, 0x3a, 0x00, 0x10, 0x00, 0x04, 0x00, 0x00, 0x00, // ........:.......
	0x3a, 0x00, 0x10, 0x00, 0x04, 0x00, 0x00, 0x00, 0x3a, 0x00, 0x10, 0x80, 0x41, 0x00, 0x00, 0x00, // :.......:...A...
	0x05, 0x00, 0x00, 0x00, 0x31, 0x00, 0x00, 0x07, 0x82, 0x00, 0x10, 0x00, 0x06, 0x00, 0x00, 0x00, // ....1...........
	0x3a, 0x00, 0x10, 0x00, 0x05, 0x00, 0x00, 0x00, 0x01, 0x40, 0x00, 0x00, 0x00, 0x00, 0x00, 0x00, // :........@......
	0x1f, 0x00, 0x04, 0x03, 0x3a, 0x00, 0x10, 0x00, 0x06, 0x00, 0x00, 0x00, 0x00, 0x00, 0x00, 0x07, // ....:...........
	0x72, 0x00, 0x10, 0x00, 0x06, 0x00, 0x00, 0x00, 0x96, 0x07, 0x10, 0x00, 0x02, 0x00, 0x00, 0x00, // r...............
	0x46, 0x02, 0x10, 0x00, 0x06, 0x00, 0x00, 0x00, 0x12, 0x00, 0x00, 0x01, 0x4b, 0x00, 0x00, 0x05, // F...........K...
	0x82, 0x00, 0x10, 0x00, 0x05, 0x00, 0x00, 0x00, 0x3a, 0x00, 0x10, 0x00, 0x05, 0x00, 0x00, 0x00, // ........:.......
	0x00, 0x00, 0x00, 0x08, 0x82, 0x00, 0x10, 0x00, 0x04, 0x00, 0x00, 0x00, 0x3a, 0x00, 0x10, 0x00, // ............:...
	0x04, 0x00, 0x00, 0x00, 0x3a, 0x00, 0x10, 0x80, 0x41, 0x00, 0x00, 0x00, 0x05, 0x00, 0x00, 0x00, // ....:...A.......
	0x32, 0x00, 0x00, 0x0a, 0x72, 0x00, 0x10, 0x00, 0x07, 0x00, 0x00, 0x00, 0xf6, 0x0f, 0x10, 0x00, // 2...r...........
	0x04, 0x00, 0x00, 0x00, 0x46, 0x03, 0x10, 0x00, 0x00, 0x00, 0x00, 0x00, 0x46, 0x02, 0x10, 0x80, // ....F.......F...
	0x41, 0x00, 0x00, 0x00, 0x07, 0x00, 0x00, 0x00, 0x00, 0x00, 0x00, 0x08, 0x72, 0x00, 0x10, 0x00, // A...........r...
	0x08, 0x00, 0x00, 0x00, 0x46, 0x02, 0x10, 0x00, 0x07, 0x00, 0x00, 0x00, 0x46, 0x82, 0x20, 0x00, // ....F.......F. .
	0x00, 0x00, 0x00, 0x00, 0x01, 0x00, 0x00, 0x00, 0x38, 0x00, 0x00, 0x0a, 0x72, 0x00, 0x10, 0x00, // ........8...r...
	0x09, 0x00, 0x00, 0x00, 0x56, 0x05, 0x10, 0x00, 0x08, 0x00, 0x00, 0x00, 0x46, 0x83, 0x20, 0x06, // ....V.......F. .
	0x00, 0x00, 0x00, 0x00, 0x09, 0x00, 0x00, 0x00, 0x0a, 0x00, 0x10, 0x00, 0x01, 0x00, 0x00, 0x00, // ................
	0x32, 0x00, 0x00, 0x0c, 0xb2, 0x00, 0x10, 0x00, 0x08, 0x00, 0x00, 0x00, 0x46, 0x8c, 0x20, 0x06, // 2...........F. .
	0x00, 0x00, 0x00, 0x00, 0x08, 0x00, 0x00, 0x00, 0x0a, 0x00, 0x10, 0x00, 0x01, 0x00, 0x00, 0x00, // ................
	0x06, 0x00, 0x10, 0x00, 0x08, 0x00, 0x00, 0x00, 0x46, 0x08, 0x10, 0x00, 0x09, 0x00, 0x00, 0x00, // ........F.......
	0x32, 0x00, 0x00, 0x0c, 0x72, 0x00, 0x10, 0x00, 0x08, 0x00, 0x00, 0x00, 0x46, 0x83, 0x20, 0x06, // 2...r.......F. .
	0x00, 0x00, 0x00, 0x00, 0x0a, 0x00, 0x00, 0x00, 0x0a, 0x00, 0x10, 0x00, 0x01, 0x00, 0x00, 0x00, // ................
	0xa6, 0x0a, 0x10, 0x00, 0x08, 0x00, 0x00, 0x00, 0x46, 0x03, 0x10, 0x00, 0x08, 0x00, 0x00, 0x00, // ........F.......
	0x00, 0x00, 0x00, 0x0a, 0x72, 0x00, 0x10, 0x00, 0x08, 0x00, 0x00, 0x00, 0x46, 0x02, 0x10, 0x00, // ....r.......F...
	0x08, 0x00, 0x00, 0x00, 0x46, 0x83, 0x20, 0x06, 0x00, 0x00, 0x00, 0x00, 0x0b, 0x00, 0x00, 0x00, // ....F. .........
	0x0a, 0x00, 0x10, 0x00, 0x01, 0x00, 0x00, 0x00, 0x00, 0x00, 0x00, 0x08, 0x72, 0x00, 0x10, 0x00, // ............r...
	0x07, 0x00, 0x00, 0x00, 0x46, 0x02, 0x10, 0x00, 0x07, 0x00, 0x00, 0x00, 0x46, 0x82, 0x20, 0x00, // ....F.......F. .
	0x00, 0x00, 0x00, 0x00, 0x00, 0x00, 0x00, 0x00, 0x38, 0x00, 0x00, 0x0a, 0x72, 0x00, 0x10, 0x00, // ........8...r...
	0x09, 0x00, 0x00, 0x00, 0x56, 0x05, 0x10, 0x00, 0x07, 0x00, 0x00, 0x00, 0x46, 0x83, 0x20, 0x06, // ....V.......F. .
	0x00, 0x00, 0x00, 0x00, 0x09, 0x00, 0x00, 0x00, 0x0a, 0x00, 0x10, 0x00, 0x01, 0x00, 0x00, 0x00, // ................
	0x32, 0x00, 0x00, 0x0c, 0xb2, 0x00, 0x10, 0x00, 0x07, 0x00, 0x00, 0x00, 0x46, 0x8c, 0x20, 0x06, // 2...........F. .
	0x00, 0x00, 0x00, 0x00, 0x08, 0x00, 0x00, 0x00, 0x0a, 0x00, 0x10, 0x00, 0x01, 0x00, 0x00, 0x00, // ................
	0x06, 0x00, 0x10, 0x00, 0x07, 0x00, 0x00, 0x00, 0x46, 0x08, 0x10, 0x00, 0x09, 0x00, 0x00, 0x00, // ........F.......
	0x32, 0x00, 0x00, 0x0c, 0x72, 0x00, 0x10, 0x00, 0x07, 0x00, 0x00, 0x00, 0x46, 0x83, 0x20, 0x06, // 2...r.......F. .
	0x00, 0x00, 0x00, 0x00, 0x0a, 0x00, 0x00, 0x00, 0x0a, 0x00, 0x10, 0x00, 0x01, 0x00, 0x00, 0x00, // ................
	0xa6, 0x0a, 0x10, 0x00, 0x07, 0x00, 0x00, 0x00, 0x46, 0x03, 0x10, 0x00, 0x07, 0x00, 0x00, 0x00, // ........F.......
	0x00, 0x00, 0x00, 0x0a, 0x72, 0x00, 0x10, 0x00, 0x07, 0x00, 0x00, 0x00, 0x46, 0x02, 0x10, 0x00, // ....r.......F...
	0x07, 0x00, 0x00, 0x00, 0x46, 0x83, 0x20, 0x06, 0x00, 0x00, 0x00, 0x00, 0x0b, 0x00, 0x00, 0x00, // ....F. .........
	0x0a, 0x00, 0x10, 0x00, 0x01, 0x00, 0x00, 0x00, 0x0e, 0x00, 0x00, 0x07, 0x32, 0x00, 0x10, 0x00, // ............2...
	0x08, 0x00, 0x00, 0x00, 0x46, 0x00, 0x10, 0x00, 0x08, 0x00, 0x00, 0x00, 0xa6, 0x0a, 0x10, 0x00, // ....F...........
	0x08, 0x00, 0x00, 0x00, 0x0e, 0x00, 0x00, 0x07, 0x32, 0x00, 0x10, 0x00, 0x07, 0x00, 0x00, 0x00, // ........2.......
	0x46, 0x00, 0x10, 0x00, 0x07, 0x00, 0x00, 0x00, 0xa6, 0x0a, 0x10, 0x00, 0x07, 0x00, 0x00, 0x00, // F...............
	0x32, 0x00, 0x00, 0x0f, 0x32, 0x00, 0x10, 0x00, 0x04, 0x00, 0x00, 0x00, 0x46, 0x00, 0x10, 0x00, // 2...2.......F...
	0x08, 0x00, 0x00, 0x00, 0x02, 0x40, 0x00, 0x00, 0x00, 0x00, 0x00, 0x3f, 0x00, 0x00, 0x00, 0xbf, // .....@.....?....
	0x00, 0x00, 0x00, 0x00, 0x00, 0x00, 0x00, 0x00, 0x02, 0x40, 0x00, 0x00, 0x00, 0x00, 0x00, 0x3f, // .........@.....?
	0x00, 0x00, 0x00, 0x3f, 0x00, 0x00, 0x00, 0x00, 0x00, 0x00, 0x00, 0x00, 0x48, 0x00, 0x00, 0x8d, // ...?........H...
	0x02, 0x02, 0x00, 0x80, 0x43, 0x55, 0x15, 0x00, 0xb2, 0x00, 0x10, 0x00, 0x04, 0x00, 0x00, 0x00, // ....CU..........
	0x46, 0x02, 0x10, 0x00, 0x04, 0x00, 0x00, 0x00, 0x46, 0x7b, 0x10, 0x00, 0x01, 0x00, 0x00, 0x00, // F.......F{......
	0x00, 0x60, 0x10, 0x00, 0x01, 0x00, 0x00, 0x00, 0x01, 0x40, 0x00, 0x00, 0x00, 0x00, 0x00, 0x00, // .`.......@......
	0x32, 0x00, 0x00, 0x0f, 0x32, 0x00, 0x10, 0x00, 0x05, 0x00, 0x00, 0x00, 0x46, 0x00, 0x10, 0x00, // 2...2.......F...
	0x07, 0x00, 0x00, 0x00, 0x02, 0x40, 0x00, 0x00, 0x00, 0x00, 0x00, 0x3f, 0x00, 0x00, 0x00, 0xbf, // .....@.....?....
	0x00, 0x00, 0x00, 0x00, 0x00, 0x00, 0x00, 0x00, 0x02, 0x40, 0x00, 0x00, 0x00, 0x00, 0x00, 0x3f, // .........@.....?
	0x00, 0x00, 0x00, 0x3f, 0x00, 0x00, 0x00, 0x00, 0x00, 0x00, 0x00, 0x00, 0x48, 0x00, 0x00, 0x8d, // ...?........H...
	0x02, 0x02, 0x00, 0x80, 0x43, 0x55, 0x15, 0x00, 0xb2, 0x00, 0x10, 0x00, 0x05, 0x00, 0x00, 0x00, // ....CU..........
	0x46, 0x02, 0x10, 0x00, 0x05, 0x00, 0x00, 0x00, 0x46, 0x7b, 0x10, 0x00, 0x00, 0x00, 0x00, 0x00, // F.......F{......
	0x00, 0x60, 0x10, 0x00, 0x00, 0x00, 0x00, 0x00, 0x01, 0x40, 0x00, 0x00, 0x00, 0x00, 0x00, 0x00, // .`.......@......
	0x00, 0x00, 0x00, 0x08, 0xb2, 0x00, 0x10, 0x00, 0x05, 0x00, 0x00, 0x00, 0x46, 0x0c, 0x10, 0x80, // ............F...
	0x41, 0x00, 0x00, 0x00, 0x04, 0x00, 0x00, 0x00, 0x46, 0x0c, 0x10, 0x00, 0x05, 0x00, 0x00, 0x00, // A.......F.......
	0x32, 0x00, 0x00, 0x09, 0xb2, 0x00, 0x10, 0x00, 0x04, 0x00, 0x00, 0x00, 0xf6, 0x0f, 0x10, 0x00, // 2...............
	0x03, 0x00, 0x00, 0x00, 0x46, 0x0c, 0x10, 0x00, 0x05, 0x00, 0x00, 0x00, 0x46, 0x0c, 0x10, 0x00, // ....F.......F...
	0x04, 0x00, 0x00, 0x00, 0x00, 0x00, 0x00, 0x07, 0x72, 0x00, 0x10, 0x00, 0x06, 0x00, 0x00, 0x00, // ........r.......
	0x46, 0x03, 0x10, 0x00, 0x04, 0x00, 0x00, 0x00, 0x46, 0x02, 0x10, 0x00, 0x06, 0x00, 0x00, 0x00, // F.......F.......
	0x15, 0x00, 0x00, 0x01, 0x1e, 0x00, 0x00, 0x07, 0x12, 0x00, 0x10, 0x00, 0x02, 0x00, 0x00, 0x00, // ................
	0x0a, 0x00, 0x10, 0x00, 0x02, 0x00, 0x00, 0x00, 0x01, 0x40, 0x00, 0x00, 0x01, 0x00, 0x00, 0x00, // .........@......
	0x16, 0x00, 0x00, 0x01, 0x0e, 0x00, 0x00, 0x08, 0x72, 0x20, 0x10, 0x00, 0x00, 0x00, 0x00, 0x00, // ........r ......
	0x46, 0x02, 0x10, 0x00, 0x06, 0x00, 0x00, 0x00, 0xf6, 0x8f, 0x20, 0x00, 0x00, 0x00, 0x00, 0x00, // F......... .....
	0x18, 0x00, 0x00, 0x00, 0x36, 0x00, 0x00, 0x05, 0x82, 0x20, 0x10, 0x00, 0x00, 0x00, 0x00, 0x00, // ....6.... ......
	0x01, 0x40, 0x00, 0x00, 0x00, 0x00, 0x80, 0x3f, 0x3e, 0x00, 0x00, 0x01, 0x00, 0x00, 0x90, 0x01, // .@.....?>.......
};
static const uint8_t fs_pp_motionblur_st_dxil[4532] =
{
	0x46, 0x53, 0x48, 0x0c, 0x4a, 0x63, 0xcf, 0x5f, 0x00, 0x00, 0x00, 0x00, 0x00, 0x00, 0x00, 0x00, // FSH.Jc._........
	0x00, 0x00, 0x00, 0x00, 0x07, 0x00, 0x05, 0x62, 0x61, 0x6c, 0x6c, 0x73, 0x12, 0x08, 0x00, 0x00, // .......balls....
	0x08, 0x00, 0x00, 0x00, 0x00, 0x00, 0x07, 0x6d, 0x61, 0x74, 0x50, 0x72, 0x6f, 0x6a, 0x14, 0x02, // .......matProj..
	0x80, 0x00, 0x08, 0x00, 0x00, 0x00, 0x00, 0x00, 0x0a, 0x6d, 0x61, 0x74, 0x50, 0x72, 0x6f, 0x6a, // .........matProj
	0x49, 0x6e, 0x76, 0x14, 0x02, 0x00, 0x01, 0x08, 0x00, 0x00, 0x00, 0x00, 0x00, 0x0a, 0x77, 0x5f, // Inv...........w_
	0x68, 0x5f, 0x68, 0x65, 0x69, 0x67, 0x68, 0x74, 0x12, 0x00, 0x80, 0x01, 0x01, 0x00, 0x00, 0x00, // h_height........
	0x00, 0x00, 0x0f, 0x74, 0x65, 0x78, 0x5f, 0x66, 0x62, 0x5f, 0x66, 0x69, 0x6c, 0x74, 0x65, 0x72, // ...tex_fb_filter
	0x65, 0x64, 0x30, 0x01, 0x00, 0x00, 0x01, 0x00, 0x00, 0x03, 0x00, 0x00, 0x09, 0x74, 0x65, 0x78, // ed0..........tex
	0x5f, 0x62, 0x6c, 0x6f, 0x6f, 0x6d, 0x30, 0x01, 0x01, 0x00, 0x01, 0x00, 0x00, 0x03, 0x00, 0x00, // _bloom0.........
	0x09, 0x74, 0x65, 0x78, 0x5f, 0x64, 0x65, 0x70, 0x74, 0x68, 0x30, 0x01, 0x04, 0x00, 0x01, 0x00, // .tex_depth0.....
	0x00, 0x03, 0x00, 0x00, 0x08, 0x11, 0x00, 0x00, 0x44, 0x58, 0x42, 0x43, 0x0b, 0x39, 0xc0, 0x86, // ........DXBC.9..
	0xf5, 0x3e, 0x0f, 0x4e, 0x92, 0x6c, 0xe2, 0xbe, 0x31, 0x34, 0xa3, 0x80, 0x01, 0x00, 0x00, 0x00, // .>.N.l..14......
	0x08, 0x11, 0x00, 0x00, 0x07, 0x00, 0x00, 0x00, 0x3c, 0x00, 0x00, 0x00, 0x4c, 0x00, 0x00, 0x00, // ........<...L...
	0xd4, 0x00, 0x00, 0x00, 0x10, 0x01, 0x00, 0x00, 0x90, 0x02, 0x00, 0x00, 0xc4, 0x02, 0x00, 0x00, // ................
	0xe0, 0x02, 0x00, 0x00, 0x53, 0x46, 0x49, 0x30, 0x08, 0x00, 0x00, 0x00, 0x00, 0x00, 0x00, 0x00, // ....SFI0........
	0x00, 0x00, 0x00, 0x00, 0x49, 0x53, 0x47, 0x31, 0x80, 0x00, 0x00, 0x00, 0x03, 0x00, 0x00, 0x00, // ....ISG1........
	0x08, 0x00, 0x00, 0x00, 0x00, 0x00, 0x00, 0x00, 0x68, 0x00, 0x00, 0x00, 0x00, 0x00, 0x00, 0x00, // ........h.......
	0x01, 0x00, 0x00, 0x00, 0x03, 0x00, 0x00, 0x00, 0x00, 0x00, 0x00, 0x00, 0x0f, 0x00, 0x00, 0x00, // ................
	0x00, 0x00, 0x00, 0x00, 0x00, 0x00, 0x00, 0x00, 0x74, 0x00, 0x00, 0x00, 0x04, 0x00, 0x00, 0x00, // ........t.......
	0x00, 0x00, 0x00, 0x00, 0x03, 0x00, 0x00, 0x00, 0x01, 0x00, 0x00, 0x00, 0x01, 0x01, 0x00, 0x00, // ................
	0x00, 0x00, 0x00, 0x00, 0x00, 0x00, 0x00, 0x00, 0x74, 0x00, 0x00, 0x00, 0x00, 0x00, 0x00, 0x00, // ........t.......
	0x00, 0x00, 0x00, 0x00, 0x03, 0x00, 0x00, 0x00, 0x01, 0x00, 0x00, 0x00, 0x06, 0x06, 0x00, 0x00, // ................
	0x00, 0x00, 0x00, 0x00, 0x53, 0x56, 0x5f, 0x50, 0x6f, 0x73, 0x69, 0x74, 0x69, 0x6f, 0x6e, 0x00, // ....SV_Position.
	0x54, 0x45, 0x58, 0x43, 0x4f, 0x4f, 0x52, 0x44, 0x00, 0x00, 0x00, 0x00, 0x4f, 0x53, 0x47, 0x31, // TEXCOORD....OSG1
	0x34, 0x00, 0x00, 0x00, 0x01, 0x00, 0x00, 0x00, 0x08, 0x00, 0x00, 0x00, 0x00, 0x00, 0x00, 0x00, // 4...............
	0x28, 0x00, 0x00, 0x00, 0x00, 0x00, 0x00, 0x00, 0x40, 0x00, 0x00, 0x00, 0x03, 0x00, 0x00, 0x00, // (.......@.......
	0x00, 0x00, 0x00, 0x00, 0x0f, 0x00, 0x00, 0x00, 0x00, 0x00, 0x00, 0x00, 0x53, 0x56, 0x5f, 0x54, // ............SV_T
	0x61, 0x72, 0x67, 0x65, 0x74, 0x00, 0x00, 0x00, 0x50, 0x53, 0x56, 0x30, 0x78, 0x01, 0x00, 0x00, // arget...PSV0x...
	0x38, 0x00, 0x00, 0x00, 0x00, 0x00, 0x00, 0x00, 0x00, 0x00, 0x00, 0x00, 0x00, 0x00, 0x00, 0x00, // 8...............
	0x00, 0x00, 0x00, 0x00, 0x00, 0x00, 0x00, 0x00, 0xff, 0xff, 0xff, 0xff, 0x00, 0x00, 0x00, 0x00, // ................
	0x03, 0x01, 0x00, 0x02, 0x01, 0x00, 0x00, 0x00, 0x00, 0x00, 0x00, 0x00, 0x00, 0x00, 0x00, 0x00, // ................
	0x00, 0x00, 0x00, 0x00, 0x13, 0x00, 0x00, 0x00, 0x00, 0x00, 0x00, 0x00, 0x07, 0x00, 0x00, 0x00, // ................
	0x18, 0x00, 0x00, 0x00, 0x02, 0x00, 0x00, 0x00, 0x00, 0x00, 0x00, 0x00, 0x00, 0x00, 0x00, 0x00, // ................
	0x00, 0x00, 0x00, 0x00, 0x0d, 0x00, 0x00, 0x00, 0x00, 0x00, 0x00, 0x00, 0x01, 0x00, 0x00, 0x00, // ................
	0x00, 0x00, 0x00, 0x00, 0x00, 0x00, 0x00, 0x00, 0x00, 0x00, 0x00, 0x00, 0x0e, 0x00, 0x00, 0x00, // ................
	0x00, 0x00, 0x00, 0x00, 0x01, 0x00, 0x00, 0x00, 0x00, 0x00, 0x00, 0x00, 0x01, 0x00, 0x00, 0x00, // ................
	0x01, 0x00, 0x00, 0x00, 0x0e, 0x00, 0x00, 0x00, 0x00, 0x00, 0x00, 0x00, 0x01, 0x00, 0x00, 0x00, // ................
	0x00, 0x00, 0x00, 0x00, 0x04, 0x00, 0x00, 0x00, 0x04, 0x00, 0x00, 0x00, 0x0e, 0x00, 0x00, 0x00, // ................
	0x00, 0x00, 0x00, 0x00, 0x03, 0x00, 0x00, 0x00, 0x00, 0x00, 0x00, 0x00, 0x00, 0x00, 0x00, 0x00, // ................
	0x00, 0x00, 0x00, 0x00, 0x07, 0x00, 0x00, 0x00, 0x00, 0x00, 0x00, 0x00, 0x03, 0x00, 0x00, 0x00, // ................
	0x00, 0x00, 0x00, 0x00, 0x01, 0x00, 0x00, 0x00, 0x01, 0x00, 0x00, 0x00, 0x07, 0x00, 0x00, 0x00, // ................
	0x00, 0x00, 0x00, 0x00, 0x03, 0x00, 0x00, 0x00, 0x00, 0x00, 0x00, 0x00, 0x04, 0x00, 0x00, 0x00, // ................
	0x04, 0x00, 0x00, 0x00, 0x07, 0x00, 0x00, 0x00, 0x00, 0x00, 0x00, 0x00, 0x18, 0x00, 0x00, 0x00, // ................
	0x00, 0x54, 0x45, 0x58, 0x43, 0x4f, 0x4f, 0x52, 0x44, 0x00, 0x54, 0x45, 0x58, 0x43, 0x4f, 0x4f, // .TEXCOORD.TEXCOO
	0x52, 0x44, 0x00, 0x6d, 0x61, 0x69, 0x6e, 0x00, 0x02, 0x00, 0x00, 0x00, 0x00, 0x00, 0x00, 0x00, // RD.main.........
	0x04, 0x00, 0x00, 0x00, 0x10, 0x00, 0x00, 0x00, 0x00, 0x00, 0x00, 0x00, 0x00, 0x00, 0x00, 0x00, // ................
	0x01, 0x00, 0x44, 0x03, 0x03, 0x04, 0x00, 0x00, 0x01, 0x00, 0x00, 0x00, 0x01, 0x00, 0x00, 0x00, // ..D.............
	0x01, 0x01, 0x41, 0x00, 0x03, 0x02, 0x00, 0x00, 0x0a, 0x00, 0x00, 0x00, 0x00, 0x00, 0x00, 0x00, // ..A.............
	0x01, 0x01, 0x52, 0x00, 0x03, 0x02, 0x00, 0x00, 0x00, 0x00, 0x00, 0x00, 0x00, 0x00, 0x00, 0x00, // ..R.............
	0x01, 0x00, 0x44, 0x10, 0x03, 0x00, 0x00, 0x00, 0x00, 0x00, 0x00, 0x00, 0x00, 0x00, 0x00, 0x00, // ..D.............
	0x00, 0x00, 0x00, 0x00, 0x00, 0x00, 0x00, 0x00, 0x0f, 0x00, 0x00, 0x00, 0x0f, 0x00, 0x00, 0x00, // ................
	0x0f, 0x00, 0x00, 0x00, 0x00, 0x00, 0x00, 0x00, 0x49, 0x4c, 0x44, 0x4e, 0x2c, 0x00, 0x00, 0x00, // ........ILDN,...
	0x00, 0x00, 0x24, 0x00, 0x65, 0x35, 0x35, 0x37, 0x65, 0x30, 0x36, 0x66, 0x62, 0x37, 0x66, 0x32, // ..$.e557e06fb7f2
	0x62, 0x63, 0x37, 0x65, 0x35, 0x65, 0x39, 0x31, 0x36, 0x66, 0x36, 0x63, 0x62, 0x38, 0x30, 0x35, // bc7e5e916f6cb805
	0x65, 0x35, 0x33, 0x64, 0x2e, 0x70, 0x64, 0x62, 0x00, 0x00, 0x00, 0x00, 0x48, 0x41, 0x53, 0x48, // e53d.pdb....HASH
	0x14, 0x00, 0x00, 0x00, 0x00, 0x00, 0x00, 0x00, 0xe5, 0x57, 0xe0, 0x6f, 0xb7, 0xf2, 0xbc, 0x7e, // .........W.o...~
	0x5e, 0x91, 0x6f, 0x6c, 0xb8, 0x05, 0xe5, 0x3d, 0x44, 0x58, 0x49, 0x4c, 0x20, 0x0e, 0x00, 0x00, // ^.ol...=DXIL ...
	0x60, 0x00, 0x00, 0x00, 0x88, 0x03, 0x00, 0x00, 0x44, 0x58, 0x49, 0x4c, 0x00, 0x01, 0x00, 0x00, // `.......DXIL....
	0x10, 0x00, 0x00, 0x00, 0x08, 0x0e, 0x00, 0x00, 0x42, 0x43, 0xc0, 0xde, 0x21, 0x0c, 0x00, 0x00, // ........BC..!...
	0x7f, 0x03, 0x00, 0x00, 0x0b, 0x82, 0x20, 0x00, 0x02, 0x00, 0x00, 0x00, 0x13, 0x00, 0x00, 0x00, // ...... .........
	0x07, 0x81, 0x23, 0x91, 0x41, 0xc8, 0x04, 0x49, 0x06, 0x10, 0x32, 0x39, 0x92, 0x01, 0x84, 0x0c, // ..#.A..I..29....
	0x25, 0x05, 0x08, 0x19, 0x1e, 0x04, 0x8b, 0x62, 0x80, 0x18, 0x45, 0x02, 0x42, 0x92, 0x0b, 0x42, // %......b..E.B..B
	0xc4, 0x10, 0x32, 0x14, 0x38, 0x08, 0x18, 0x4b, 0x0a, 0x32, 0x62, 0x88, 0x48, 0x90, 0x14, 0x20, // ..2.8..K.2b.H.. 
	0x43, 0x46, 0x88, 0xa5, 0x00, 0x19, 0x32, 0x42, 0xe4, 0x48, 0x0e, 0x90, 0x11, 0x23, 0xc4, 0x50, // CF....2B.H...#.P
	0x41, 0x51, 0x81, 0x8c, 0xe1, 0x83, 0xe5, 0x8a, 0x04, 0x31, 0x46, 0x06, 0x51, 0x18, 0x00, 0x00, // AQ.......1F.Q...
	0x08, 0x00, 0x00, 0x00, 0x1b, 0x8c, 0xe0, 0xff, 0xff, 0xff, 0xff, 0x07, 0x40, 0x02, 0xa8, 0x0d, // ............@...
	0x84, 0xf0, 0xff, 0xff, 0xff, 0xff, 0x03, 0x20, 0x6d, 0x30, 0x86, 0xff, 0xff, 0xff, 0xff, 0x1f, // ....... m0......
	0x00, 0x09, 0xa8, 0x00, 0x49, 0x18, 0x00, 0x00, 0x03, 0x00, 0x00, 0x00, 0x13, 0x82, 0x60, 0x42, // ....I.........`B
	0x20, 0x4c, 0x08, 0x06, 0x00, 0x00, 0x00, 0x00, 0x89, 0x20, 0x00, 0x00, 0x5f, 0x00, 0x00, 0x00, //  L....... .._...
	0x32, 0x22, 0x88, 0x09, 0x20, 0x64, 0x85, 0x04, 0x13, 0x23, 0xa4, 0x84, 0x04, 0x13, 0x23, 0xe3, // 2".. d...#....#.
	0x84, 0xa1, 0x90, 0x14, 0x12, 0x4c, 0x8c, 0x8c, 0x0b, 0x84, 0xc4, 0x4c, 0x10, 0xa4, 0xc1, 0x08, // .....L.....L....
	0x40, 0x09, 0x00, 0x0a, 0x66, 0x00, 0xe6, 0x08, 0xc0, 0x60, 0x8e, 0x00, 0x29, 0xc6, 0x40, 0x10, // @...f....`..).@.
	0x44, 0x41, 0x90, 0x51, 0x0c, 0x80, 0x20, 0x88, 0x62, 0x20, 0xa4, 0x20, 0x03, 0x31, 0x0c, 0xc3, // DA.Q.. .b . .1..
	0x30, 0x0c, 0xa4, 0x94, 0x61, 0x20, 0x06, 0x62, 0x6e, 0x1a, 0x2e, 0x7f, 0xc2, 0x1e, 0x42, 0xf2, // 0...a .bn.....B.
	0x57, 0x42, 0x5a, 0x89, 0xc9, 0x2f, 0x6e, 0x1b, 0x15, 0xc3, 0x30, 0x0c, 0x04, 0x15, 0xf7, 0x0c, // WBZ../n...0.....
	0x97, 0x3f, 0x61, 0x0f, 0x21, 0xf9, 0x21, 0xd0, 0x0c, 0x0b, 0x81, 0x82, 0xa7, 0x30, 0x0e, 0x01, // .?a.!.!......0..
	0x41, 0xc3, 0x30, 0x0c, 0x04, 0x41, 0x0c, 0x14, 0x1d, 0x35, 0x5c, 0xfe, 0x84, 0x3d, 0x84, 0xe4, // A.0..A...5...=..
	0x73, 0x1b, 0x55, 0xac, 0xc4, 0xe4, 0x17, 0xb7, 0x8d, 0x88, 0x61, 0x18, 0x86, 0x42, 0x4c, 0x04, // s.U.......a..BL.
	0x44, 0x10, 0x55, 0x8a, 0x81, 0x18, 0x86, 0x81, 0xac, 0x39, 0x82, 0xa0, 0x18, 0x10, 0x51, 0x10, // D.U......9....Q.
	0x04, 0x46, 0xd9, 0x40, 0xc0, 0x30, 0x02, 0x31, 0xcc, 0x24, 0x07, 0xe3, 0xc0, 0x0e, 0xe1, 0x30, // .F.@.0.1.$.....0
	0x0f, 0xf3, 0xe0, 0x06, 0xb4, 0x50, 0x0e, 0xf8, 0x40, 0x0f, 0xf5, 0x20, 0x0f, 0xe5, 0x20, 0x07, // .....P..@.. .. .
	0xa4, 0x10, 0x0a, 0xf2, 0x20, 0x0f, 0xe1, 0x90, 0x0f, 0x7c, 0x60, 0x0f, 0xe5, 0x30, 0x0e, 0xf4, // .... ....|`..0..
	0xf0, 0x0e, 0xf2, 0xc0, 0x07, 0xe6, 0xc0, 0x0e, 0xef, 0x10, 0x0e, 0xf4, 0xc0, 0x06, 0x60, 0x40, // ..............`@
	0x07, 0x7e, 0x00, 0x06, 0x7e, 0xa0, 0x07, 0x7a, 0xd0, 0x0e, 0xe9, 0x00, 0x0f, 0xf3, 0xf0, 0x0b, // .~..~..z........
	0xf4, 0x90, 0x0f, 0xf0, 0x50, 0x0e, 0x28, 0x20, 0x66, 0x3a, 0x83, 0x71, 0x60, 0x87, 0x70, 0x98, // ....P.( f:.q`.p.
	0x87, 0x79, 0x70, 0x03, 0x5a, 0x28, 0x07, 0x7c, 0xa0, 0x87, 0x7a, 0x90, 0x87, 0x72, 0x90, 0x03, // .yp.Z(.|..z..r..
	0x52, 0x08, 0x05, 0x79, 0x90, 0x87, 0x70, 0xc8, 0x07, 0x3e, 0xb0, 0x87, 0x72, 0x18, 0x07, 0x7a, // R..y..p..>..r..z
	0x78, 0x07, 0x79, 0xe0, 0x03, 0x73, 0x60, 0x87, 0x77, 0x08, 0x07, 0x7a, 0x60, 0x03, 0x30, 0xa0, // x.y..s`.w..z`.0.
	0x03, 0x3f, 0x00, 0x03, 0x3f, 0x40, 0x02, 0xd7, 0x91, 0x97, 0x08, 0x5c, 0x12, 0x70, 0x29, 0x10, // .?..?@.......p).
	0xce, 0x34, 0xa1, 0xc3, 0x3b, 0xcc, 0x03, 0x3d, 0xb0, 0x43, 0x38, 0xe4, 0xc3, 0x3b, 0xd4, 0x03, // .4..;..=.C8..;..
	0x3d, 0xb8, 0x01, 0x19, 0x9c, 0x02, 0x3b, 0xbc, 0x83, 0x38, 0x84, 0x03, 0x3b, 0xcc, 0x03, 0x22, // =.....;..8..;.."
	0x40, 0x51, 0xe4, 0x68, 0xbc, 0x49, 0x9a, 0x22, 0x4a, 0x98, 0x7c, 0x16, 0x60, 0x9e, 0x85, 0x88, // @Q.h.I."J.|.`...
	0xd8, 0x09, 0x98, 0x08, 0x14, 0x10, 0x54, 0x66, 0x02, 0x31, 0x05, 0x00, 0x13, 0x14, 0x72, 0xc0, // ......Tf.1....r.
	0x87, 0x74, 0x60, 0x87, 0x36, 0x68, 0x87, 0x79, 0x68, 0x03, 0x72, 0xc0, 0x87, 0x0d, 0xaf, 0x50, // .t`.6h.yh.r....P
	0x0e, 0x6d, 0xd0, 0x0e, 0x7a, 0x50, 0x0e, 0x6d, 0x00, 0x0f, 0x7a, 0x30, 0x07, 0x72, 0xa0, 0x07, // .m..zP.m..z0.r..
	0x73, 0x20, 0x07, 0x6d, 0x90, 0x0e, 0x71, 0xa0, 0x07, 0x73, 0x20, 0x07, 0x6d, 0x90, 0x0e, 0x78, // s .m..q..s .m..x
	0xa0, 0x07, 0x73, 0x20, 0x07, 0x6d, 0x90, 0x0e, 0x71, 0x60, 0x07, 0x7a, 0x30, 0x07, 0x72, 0xd0, // ..s .m..q`.z0.r.
	0x06, 0xe9, 0x30, 0x07, 0x72, 0xa0, 0x07, 0x73, 0x20, 0x07, 0x6d, 0x90, 0x0e, 0x76, 0x40, 0x07, // ..0.r..s .m..v@.
	0x7a, 0x60, 0x07, 0x74, 0xd0, 0x06, 0xe6, 0x10, 0x07, 0x76, 0xa0, 0x07, 0x73, 0x20, 0x07, 0x6d, // z`.t.....v..s .m
	0x60, 0x0e, 0x73, 0x20, 0x07, 0x7a, 0x30, 0x07, 0x72, 0xd0, 0x06, 0xe6, 0x60, 0x07, 0x74, 0xa0, // `.s .z0.r...`.t.
	0x07, 0x76, 0x40, 0x07, 0x6d, 0xe0, 0x0e, 0x78, 0xa0, 0x07, 0x71, 0x60, 0x07, 0x7a, 0x30, 0x07, // .v@.m..x..q`.z0.
	0x72, 0xa0, 0x07, 0x76, 0x40, 0x07, 0x43, 0x9e, 0x00, 0x00, 0x00, 0x00, 0x00, 0x00, 0x00, 0x00, // r..v@.C.........
	0x00, 0x00, 0x00, 0x86, 0x3c, 0x06, 0x10, 0x00, 0x01, 0x00, 0x00, 0x00, 0x00, 0x00, 0x00, 0x00, // ....<...........
	0x0c, 0x79, 0x10, 0x20, 0x00, 0x04, 0x00, 0x00, 0x00, 0x00, 0x00, 0x00, 0x00, 0x18, 0xf2, 0x28, // .y. ...........(
	0x40, 0x00, 0x04, 0x00, 0x00, 0x00, 0x00, 0x00, 0x00, 0x00, 0x30, 0xe4, 0x61, 0x80, 0x00, 0x08, // @.........0.a...
	0x00, 0x00, 0x00, 0x00, 0x00, 0x00, 0x00, 0x60, 0xc8, 0x13, 0x01, 0x01, 0x30, 0x00, 0x00, 0x00, // .......`....0...
	0x00, 0x00, 0x00, 0x00, 0xc0, 0x90, 0x87, 0x02, 0x02, 0x60, 0x00, 0x00, 0x00, 0x00, 0x00, 0x00, // .........`......
	0x00, 0x80, 0x21, 0x8f, 0x05, 0x04, 0x40, 0x00, 0x00, 0x00, 0x00, 0x00, 0x00, 0x00, 0x00, 0x43, // ..!...@........C
	0x9e, 0x0c, 0x08, 0x80, 0x01, 0x00, 0x00, 0x00, 0x00, 0x00, 0x00, 0x00, 0xb2, 0x40, 0x00, 0x00, // .............@..
	0x11, 0x00, 0x00, 0x00, 0x32, 0x1e, 0x98, 0x14, 0x19, 0x11, 0x4c, 0x90, 0x8c, 0x09, 0x26, 0x47, // ....2.....L...&G
	0xc6, 0x04, 0x43, 0x22, 0x4a, 0x60, 0x04, 0xa0, 0x28, 0x8a, 0xa1, 0x1c, 0x4a, 0xa2, 0x08, 0x0a, // ..C"J`..(...J...
	0xa1, 0x40, 0x0d, 0xca, 0xa0, 0x3c, 0xa8, 0x28, 0x89, 0x32, 0x28, 0x84, 0x11, 0x80, 0x22, 0x28, // .@...<.(.2(..."(
	0x81, 0x02, 0xa1, 0x6f, 0x06, 0x80, 0xc8, 0x19, 0x00, 0x32, 0x67, 0x00, 0xe8, 0x1c, 0x2b, 0x39, // ...o.....2g...+9
	0x08, 0x00, 0x00, 0x80, 0xe7, 0x79, 0x00, 0x00, 0x79, 0x18, 0x00, 0x00, 0x76, 0x00, 0x00, 0x00, // .....y..y...v...
	0x1a, 0x03, 0x4c, 0x90, 0x46, 0x02, 0x13, 0xc4, 0x8f, 0x0c, 0x6f, 0xec, 0xed, 0x4d, 0x0c, 0x24, // ..L.F.....o..M.$
	0xc6, 0x25, 0x06, 0xc6, 0x45, 0xc6, 0x06, 0xa6, 0xc6, 0x65, 0xe6, 0x06, 0x04, 0x65, 0x8c, 0x86, // .%..E....e...e..
	0x0c, 0xc7, 0x8c, 0xc6, 0x2c, 0x27, 0x27, 0x65, 0x43, 0x10, 0x4c, 0x10, 0x88, 0x64, 0x82, 0x40, // ....,''eC.L..d.@
	0x28, 0x1b, 0x84, 0x81, 0x98, 0x20, 0x10, 0xcb, 0x06, 0x61, 0x30, 0x28, 0xc0, 0xcd, 0x4d, 0x10, // (.... ...a0(..M.
	0x08, 0x66, 0xc3, 0x80, 0x24, 0xc4, 0x04, 0xe1, 0xdb, 0x08, 0x4c, 0x10, 0x88, 0x66, 0x82, 0x40, // .f..$.....L..f.@
	0x38, 0x1b, 0x04, 0xc2, 0xd9, 0x90, 0x10, 0x0b, 0x43, 0x10, 0x43, 0x43, 0x3c, 0x1b, 0x92, 0x61, // 8.......C.CC<..a
	0x61, 0x88, 0x61, 0x68, 0x88, 0x67, 0x82, 0x40, 0x3c, 0x13, 0x04, 0x02, 0xda, 0x90, 0x48, 0x0b, // a.ah.g.@<.....H.
	0x43, 0x4c, 0x43, 0x43, 0x3c, 0x1b, 0x06, 0x28, 0xa2, 0x26, 0x08, 0x64, 0xc0, 0x4d, 0x10, 0x88, // CLCC<..(.&.d.M..
	0x68, 0x03, 0x42, 0x58, 0x0c, 0x41, 0x0c, 0x17, 0xb0, 0x21, 0xc0, 0x26, 0x08, 0x66, 0xd0, 0x6d, // h.BX.A...!.&.f.m
	0x40, 0x08, 0x8d, 0x21, 0x88, 0x81, 0x00, 0x36, 0x20, 0x83, 0xc6, 0x10, 0xc3, 0x40, 0x00, 0x1b, // @..!...6 ....@..
	0x10, 0x49, 0x63, 0x88, 0x69, 0x20, 0x80, 0x0d, 0xc3, 0xc6, 0x75, 0x1b, 0x88, 0x0a, 0xc8, 0xbc, // .Ic.i ....u.....
	0x09, 0xc2, 0x19, 0x78, 0x1b, 0x02, 0x30, 0x98, 0x20, 0x08, 0x00, 0x89, 0xb6, 0xb0, 0x34, 0x37, // ...x..0. .....47
	0x2e, 0x53, 0x56, 0x5f, 0x50, 0x6f, 0x73, 0x69, 0x74, 0x69, 0x6f, 0x6e, 0x13, 0x84, 0x82, 0x9a, // .SV_Position....
	0x20, 0x14, 0xd5, 0x86, 0x80, 0x98, 0x20, 0x14, 0xd6, 0x04, 0xa1, 0xb8, 0x36, 0x2c, 0x04, 0x19, //  ..... .....6,..
	0x94, 0x81, 0x19, 0x9c, 0x01, 0x1a, 0x0c, 0x68, 0x40, 0xa4, 0x01, 0x40, 0x84, 0xaa, 0x08, 0x6b, // .......h@..@...k
	0xe8, 0xe9, 0x49, 0x8a, 0x68, 0x43, 0x30, 0x4d, 0x10, 0x0a, 0x6c, 0x82, 0x50, 0x64, 0x13, 0x04, // ..I.hC0M..l.Pd..
	0x42, 0xda, 0x20, 0xbc, 0xc1, 0xb0, 0x61, 0x19, 0xd6, 0xa0, 0x0c, 0xd2, 0x80, 0x0d, 0xda, 0x60, // B. ...a........`
	0x70, 0x83, 0x21, 0x0d, 0xe0, 0x60, 0x83, 0xf0, 0x06, 0x6f, 0xb0, 0x61, 0x91, 0xd6, 0xa0, 0x0c, // p.!..`...o.a....
	0xd2, 0xe0, 0x0c, 0xda, 0x60, 0x68, 0x83, 0xc1, 0x0d, 0xe4, 0x60, 0xc3, 0xa0, 0x06, 0x71, 0x30, // ....`h....`...q0
	0x07, 0x4c, 0xa6, 0xac, 0xbe, 0xa8, 0xc2, 0xe4, 0xce, 0xca, 0xe8, 0x26, 0x08, 0x85, 0x36, 0x41, // .L.........&..6A
	0x20, 0xa6, 0x0d, 0xc2, 0x1b, 0xdc, 0xc1, 0x86, 0x85, 0xa8, 0x83, 0x32, 0xb0, 0x83, 0x33, 0x48, //  ..........2..3H
	0x83, 0x01, 0x0d, 0x88, 0x34, 0xc0, 0x83, 0x0d, 0x41, 0x1e, 0x6c, 0x18, 0xe8, 0x40, 0x0f, 0x80, // ....4...A.l..@..
	0x0d, 0x85, 0x18, 0x8c, 0xc1, 0x1e, 0x7c, 0x40, 0x15, 0x36, 0x36, 0xbb, 0x36, 0x97, 0x34, 0xb2, // ......|@.66.6.4.
	0x32, 0x37, 0xba, 0x29, 0x41, 0x50, 0x85, 0x0c, 0xcf, 0xc5, 0xae, 0x4c, 0x6e, 0x2e, 0xed, 0xcd, // 27.)AP.....Ln...
	0x6d, 0x4a, 0x40, 0x34, 0x21, 0xc3, 0x73, 0xb1, 0x0b, 0x63, 0xb3, 0x2b, 0x93, 0x9b, 0x12, 0x18, // mJ@4!.s..c.+....
	0x75, 0xc8, 0xf0, 0x5c, 0xe6, 0xd0, 0xc2, 0xc8, 0xca, 0xe4, 0x9a, 0xde, 0xc8, 0xca, 0xd8, 0xa6, // u...............
	0x04, 0x49, 0x19, 0x32, 0x3c, 0x17, 0xb9, 0xb2, 0xb9, 0xb7, 0x3a, 0xb9, 0xb1, 0xb2, 0xb9, 0x29, // .I.2<.....:....)
	0x81, 0x57, 0x87, 0x0c, 0xcf, 0xc5, 0x2e, 0xad, 0xec, 0x2e, 0x89, 0x6c, 0x8a, 0x2e, 0x8c, 0xae, // .W.........l....
	0x6c, 0x4a, 0x00, 0x06, 0x75, 0xc8, 0xf0, 0x5c, 0xca, 0xdc, 0xe8, 0xe4, 0xf2, 0xa0, 0xde, 0xd2, // lJ..u...........
	0xdc, 0xe8, 0xe6, 0xa6, 0x04, 0x7b, 0x00, 0x00, 0x79, 0x18, 0x00, 0x00, 0x51, 0x00, 0x00, 0x00, // .....{..y...Q...
	0x33, 0x08, 0x80, 0x1c, 0xc4, 0xe1, 0x1c, 0x66, 0x14, 0x01, 0x3d, 0x88, 0x43, 0x38, 0x84, 0xc3, // 3......f..=.C8..
	0x8c, 0x42, 0x80, 0x07, 0x79, 0x78, 0x07, 0x73, 0x98, 0x71, 0x0c, 0xe6, 0x00, 0x0f, 0xed, 0x10, // .B..yx.s.q......
	0x0e, 0xf4, 0x80, 0x0e, 0x33, 0x0c, 0x42, 0x1e, 0xc2, 0xc1, 0x1d, 0xce, 0xa1, 0x1c, 0x66, 0x30, // ....3.B.......f0
	0x05, 0x3d, 0x88, 0x43, 0x38, 0x84, 0x83, 0x1b, 0xcc, 0x03, 0x3d, 0xc8, 0x43, 0x3d, 0x8c, 0x03, // .=.C8.....=.C=..
	0x3d, 0xcc, 0x78, 0x8c, 0x74, 0x70, 0x07, 0x7b, 0x08, 0x07, 0x79, 0x48, 0x87, 0x70, 0x70, 0x07, // =.x.tp.{..yH.pp.
	0x7a, 0x70, 0x03, 0x76, 0x78, 0x87, 0x70, 0x20, 0x87, 0x19, 0xcc, 0x11, 0x0e, 0xec, 0x90, 0x0e, // zp.vx.p ........
	0xe1, 0x30, 0x0f, 0x6e, 0x30, 0x0f, 0xe3, 0xf0, 0x0e, 0xf0, 0x50, 0x0e, 0x33, 0x10, 0xc4, 0x1d, // .0.n0.....P.3...
	0xde, 0x21, 0x1c, 0xd8, 0x21, 0x1d, 0xc2, 0x61, 0x1e, 0x66, 0x30, 0x89, 0x3b, 0xbc, 0x83, 0x3b, // .!..!..a.f0.;..;
	0xd0, 0x43, 0x39, 0xb4, 0x03, 0x3c, 0xbc, 0x83, 0x3c, 0x84, 0x03, 0x3b, 0xcc, 0xf0, 0x14, 0x76, // .C9..<..<..;...v
	0x60, 0x07, 0x7b, 0x68, 0x07, 0x37, 0x68, 0x87, 0x72, 0x68, 0x07, 0x37, 0x80, 0x87, 0x70, 0x90, // `.{h.7h.rh.7..p.
	0x87, 0x70, 0x60, 0x07, 0x76, 0x28, 0x07, 0x76, 0xf8, 0x05, 0x76, 0x78, 0x87, 0x77, 0x80, 0x87, // .p`.v(.v..vx.w..
	0x5f, 0x08, 0x87, 0x71, 0x18, 0x87, 0x72, 0x98, 0x87, 0x79, 0x98, 0x81, 0x2c, 0xee, 0xf0, 0x0e, // _..q..r..y..,...
	0xee, 0xe0, 0x0e, 0xf5, 0xc0, 0x0e, 0xec, 0x30, 0x03, 0x62, 0xc8, 0xa1, 0x1c, 0xe4, 0xa1, 0x1c, // .......0.b......
	0xcc, 0xa1, 0x1c, 0xe4, 0xa1, 0x1c, 0xdc, 0x61, 0x1c, 0xca, 0x21, 0x1c, 0xc4, 0x81, 0x1d, 0xca, // .......a..!.....
	0x61, 0x06, 0xd6, 0x90, 0x43, 0x39, 0xc8, 0x43, 0x39, 0x98, 0x43, 0x39, 0xc8, 0x43, 0x39, 0xb8, // a...C9.C9.C9.C9.
	0xc3, 0x38, 0x94, 0x43, 0x38, 0x88, 0x03, 0x3b, 0x94, 0xc3, 0x2f, 0xbc, 0x83, 0x3c, 0xfc, 0x82, // .8.C8..;../..<..
	0x3b, 0xd4, 0x03, 0x3b, 0xb0, 0xc3, 0x0c, 0xc4, 0x21, 0x07, 0x7c, 0x70, 0x03, 0x7a, 0x28, 0x87, // ;..;....!.|p.z(.
	0x76, 0x80, 0x87, 0x19, 0xd1, 0x43, 0x0e, 0xf8, 0xe0, 0x06, 0xe4, 0x20, 0x0e, 0xe7, 0xe0, 0x06, // v....C..... ....
	0xf6, 0x10, 0x0e, 0xf2, 0xc0, 0x0e, 0xe1, 0x90, 0x0f, 0xef, 0x50, 0x0f, 0xf4, 0x30, 0x83, 0x81, // ..........P..0..
	0xc8, 0x01, 0x1f, 0xdc, 0x40, 0x1c, 0xe4, 0xa1, 0x1c, 0xc2, 0x61, 0x1d, 0xdc, 0x40, 0x1c, 0xe4, // ....@.....a..@..
	0x01, 0x00, 0x00, 0x00, 0x71, 0x20, 0x00, 0x00, 0x23, 0x00, 0x00, 0x00, 0x66, 0xb0, 0x0d, 0x97, // ....q ..#...f...
	0xef, 0x3c, 0xbe, 0x10, 0x50, 0x45, 0x41, 0x44, 0xa5, 0x03, 0x0c, 0x25, 0x61, 0x00, 0x02, 0xe6, // .<..PEAD...%a...
	0x17, 0xb7, 0x6d, 0x08, 0xd2, 0x70, 0xf9, 0xce, 0xe3, 0x0b, 0x11, 0x01, 0x4c, 0x44, 0x08, 0x34, // ..m..p......LD.4
	0xc3, 0x42, 0xd8, 0x80, 0x33, 0x5c, 0xbe, 0xf3, 0xf8, 0x83, 0x33, 0xdd, 0x7e, 0x71, 0xdb, 0x16, // .B..3.....3.~q..
	0x30, 0x0d, 0x97, 0xef, 0x3c, 0xfe, 0xe2, 0x00, 0x83, 0xd8, 0x3c, 0xd4, 0xe4, 0x17, 0xb7, 0x6d, // 0...<.....<....m
	0x05, 0xd5, 0x70, 0xf9, 0xce, 0xe3, 0x4b, 0x00, 0xf3, 0x2c, 0x44, 0x49, 0x54, 0xc4, 0xe2, 0x17, // ..p...K..,DIT...
	0xb7, 0x6d, 0x02, 0xd5, 0x70, 0xf9, 0xce, 0xe3, 0x4b, 0x93, 0x13, 0x11, 0x28, 0x35, 0x3d, 0xd4, // .m..p...K...(5=.
	0xe4, 0x17, 0xb7, 0x6d, 0x07, 0xd2, 0x70, 0xf9, 0xce, 0xe3, 0x4f, 0x44, 0x34, 0x21, 0x40, 0x84, // ...m..p...OD4!@.
	0xf9, 0xc5, 0x6d, 0x1b, 0xc1, 0x33, 0x5c, 0xbe, 0xf3, 0xf8, 0x54, 0x03, 0x44, 0x98, 0x5f, 0xdc, // ..m..3....T.D._.
	0xb6, 0x01, 0x10, 0x0c, 0x80, 0x34, 0x00, 0x00, 0x61, 0x20, 0x00, 0x00, 0xb3, 0x01, 0x00, 0x00, // .....4..a ......
	0x13, 0x04, 0x4c, 0x2c, 0x10, 0x00, 0x00, 0x00, 0x12, 0x00, 0x00, 0x00, 0x84, 0x8d, 0x00, 0x10, // ..L,............
	0x51, 0x16, 0x05, 0x51, 0x34, 0x25, 0x53, 0x26, 0x45, 0x52, 0x5c, 0x65, 0x37, 0x03, 0x50, 0x0a, // Q..Q4%S&ER.e7.P.
	0x25, 0x57, 0x30, 0xc5, 0x57, 0x6e, 0x05, 0x52, 0x22, 0x34, 0x8c, 0x11, 0xcc, 0x39, 0x6b, 0xe6, // %W0.Wn.R"4...9k.
	0xdf, 0x18, 0x01, 0x08, 0x82, 0x20, 0xfe, 0x0b, 0x63, 0x04, 0x20, 0x08, 0x82, 0x20, 0x18, 0x8c, // ..... ..c. .. ..
	0x11, 0x80, 0x20, 0x08, 0xe2, 0xdf, 0x0c, 0xc0, 0x08, 0xc0, 0x18, 0x01, 0x08, 0x82, 0x20, 0xfc, // .. ........... .
	0x01, 0x00, 0x00, 0x00, 0x23, 0x06, 0x09, 0x00, 0x82, 0x60, 0x90, 0xbd, 0x41, 0x03, 0x06, 0x68, // ....#....`..A..h
	0x70, 0x06, 0xd8, 0x88, 0x41, 0x02, 0x80, 0x20, 0x18, 0x64, 0x70, 0xe0, 0x84, 0xc1, 0x1b, 0xbc, // p...A.. .dp.....
	0x41, 0x36, 0x62, 0x90, 0x00, 0x20, 0x08, 0x06, 0x59, 0x1c, 0x3c, 0x62, 0xf0, 0x06, 0x6f, 0xa0, // A6b.. ..Y.<b..o.
	0x8d, 0x18, 0x24, 0x00, 0x08, 0x82, 0x41, 0x26, 0x07, 0x50, 0x19, 0xac, 0x81, 0x1a, 0x6c, 0x23, // ..$...A&.P....l#
	0x06, 0x09, 0x00, 0x82, 0x60, 0x90, 0xcd, 0x41, 0x64, 0x06, 0x72, 0x20, 0x07, 0xdc, 0x88, 0x41, // ....`..Ad.r ...A
	0x02, 0x80, 0x20, 0x18, 0x64, 0x74, 0x20, 0x9d, 0x81, 0x1c, 0xc8, 0x41, 0x37, 0x62, 0x90, 0x00, // .. .dt ....A7b..
	0x20, 0x08, 0x06, 0x59, 0x1d, 0x4c, 0x65, 0x30, 0x07, 0x73, 0xe0, 0x8d, 0x18, 0x24, 0x00, 0x08, //  ..Y.Le0.s...$..
	0x82, 0x81, 0xd1, 0x07, 0x6e, 0xf0, 0x06, 0x74, 0x70, 0x06, 0xd6, 0x88, 0x41, 0x02, 0x80, 0x20, // ....n..tp...A.. 
	0x18, 0x18, 0x7e, 0xf0, 0x06, 0x70, 0x50, 0x07, 0x66, 0x70, 0x8d, 0x18, 0x24, 0x00, 0x08, 0x82, // ..~..pP.fp..$...
	0x81, 0xf1, 0x07, 0x70, 0x70, 0x07, 0x76, 0x90, 0x06, 0xd8, 0x88, 0xc1, 0x01, 0x80, 0x20, 0x18, // ...pp.v....... .
	0x50, 0x7b, 0xa0, 0x11, 0xd6, 0x68, 0x42, 0x30, 0x5c, 0x40, 0xd0, 0x88, 0xc1, 0x03, 0x80, 0x20, // P{...hB0.@..... 
	0x18, 0x44, 0x7f, 0x80, 0x35, 0x8a, 0x51, 0x10, 0x90, 0x1e, 0xe8, 0x01, 0xf7, 0x8c, 0x26, 0x04, // .D..5.Q.......&.
	0x80, 0x21, 0x94, 0x7c, 0x2c, 0xb0, 0xe0, 0x63, 0x89, 0x25, 0x1f, 0xb3, 0x82, 0xf8, 0x9c, 0x42, // .!.|,..c.%.....B
	0x50, 0x05, 0x7c, 0x70, 0x15, 0x78, 0x30, 0x62, 0x70, 0x00, 0x20, 0x08, 0x06, 0xd4, 0x29, 0x98, // P.|p.x0bp. ...).
	0x01, 0x14, 0x8c, 0x26, 0x04, 0xc0, 0x68, 0x82, 0x10, 0x8c, 0x26, 0x0c, 0xc2, 0x68, 0x02, 0x31, // ...&..h...&..h.1
	0xd4, 0x31, 0x06, 0x30, 0x62, 0x70, 0x00, 0x20, 0x08, 0x06, 0x54, 0x2b, 0xb0, 0x81, 0x15, 0x8c, // .1.0bp. ..T+....
	0x26, 0x04, 0xc0, 0x68, 0x82, 0x10, 0x8c, 0x26, 0x0c, 0xc2, 0x68, 0x02, 0x31, 0x54, 0x33, 0x07, // &..h...&..h.1T3.
	0x30, 0x62, 0x70, 0x00, 0x20, 0x08, 0x06, 0xd4, 0x2c, 0xc8, 0x01, 0x17, 0x8c, 0x26, 0x04, 0xc0, // 0bp. ...,....&..
	0x68, 0x82, 0x10, 0x8c, 0x26, 0x0c, 0xc2, 0x68, 0x02, 0x31, 0xd4, 0xa4, 0x07, 0x30, 0x62, 0x70, // h...&..h.1...0bp
	0x00, 0x20, 0x08, 0x06, 0x54, 0x2e, 0xe0, 0x81, 0x18, 0x04, 0xa3, 0x09, 0x01, 0x30, 0x9a, 0x20, // . ..T........0. 
	0x04, 0xa3, 0x09, 0x83, 0x30, 0x9a, 0x40, 0x0c, 0x66, 0x75, 0xf2, 0x19, 0x31, 0x40, 0x00, 0x10, // ....0.@.fu..1@..
	0x04, 0x03, 0xcb, 0x17, 0xfe, 0x20, 0xe2, 0x82, 0x11, 0x03, 0x04, 0x00, 0x41, 0x30, 0xb0, 0x7e, // ..... ......A0.~
	0x01, 0x14, 0x98, 0x30, 0x08, 0x2c, 0x38, 0xa0, 0x63, 0x59, 0x18, 0xc8, 0x67, 0xc4, 0x00, 0x01, // ...0.,8.cY..g...
	0x40, 0x10, 0x0c, 0x2c, 0x71, 0x18, 0x05, 0x0a, 0x0c, 0x82, 0x11, 0x03, 0x04, 0x00, 0x41, 0x30, // @..,q.........A0
	0xb0, 0xc6, 0x81, 0x14, 0x9e, 0x32, 0x08, 0x2c, 0x50, 0xa0, 0x63, 0x5c, 0x19, 0xc8, 0x67, 0xc4, // .....2.,P.c...g.
	0x00, 0x01, 0x40, 0x10, 0x0c, 0x2c, 0x73, 0x38, 0x85, 0x8b, 0x0c, 0x82, 0x11, 0x03, 0x04, 0x00, // ..@..,s8........
	0x41, 0x30, 0xb0, 0xce, 0x01, 0x15, 0xa4, 0x34, 0x08, 0x2c, 0x68, 0xa0, 0x63, 0x5f, 0x1a, 0xc8, // A0.....4.,h.c_..
	0x67, 0xc4, 0x00, 0x01, 0x40, 0x10, 0x0c, 0x2c, 0x75, 0x58, 0x05, 0x0d, 0x0d, 0x82, 0x11, 0x03, // g...@..,uX......
	0x04, 0x00, 0x41, 0x30, 0xb0, 0xd6, 0x81, 0x15, 0xaa, 0x36, 0x08, 0x2c, 0x80, 0xa0, 0x63, 0x4d, // ..A0.....6.,..cM
	0x40, 0x1f, 0x53, 0x04, 0xfa, 0xd8, 0x31, 0xd0, 0x67, 0xc4, 0x60, 0x01, 0x40, 0x10, 0x0c, 0x14, // @.S...1.g.`.@...
	0x7a, 0x50, 0x85, 0x41, 0x08, 0x06, 0x21, 0x18, 0x31, 0x30, 0x00, 0x10, 0x04, 0x03, 0x86, 0x1e, // zP.A..!.10......
	0x6a, 0x21, 0xb0, 0xa0, 0x90, 0x8f, 0x09, 0x85, 0x7c, 0x6c, 0x28, 0xe4, 0x33, 0x62, 0x70, 0x00, // j!......|l(.3bp.
	0x20, 0x08, 0x06, 0x94, 0x3d, 0xd4, 0xc2, 0x1f, 0xc8, 0xc3, 0x68, 0x42, 0x00, 0x8c, 0x26, 0x08, //  ...=.....hB..&.
	0xc1, 0x68, 0xc2, 0x20, 0x8c, 0x18, 0x1c, 0x00, 0x08, 0x82, 0x01, 0xa5, 0x0f, 0xb9, 0x30, 0x0a, // .h. ..........0.
	0xf7, 0x30, 0x9a, 0x10, 0x00, 0xa3, 0x09, 0x42, 0x30, 0x9a, 0x30, 0x08, 0xa3, 0x09, 0xc8, 0x60, // .0.....B0.0....`
	0x41, 0x20, 0x9f, 0x11, 0x83, 0x07, 0x00, 0x41, 0x30, 0x88, 0x42, 0x42, 0x17, 0x5a, 0x41, 0x15, // A .....A0.BB.ZA.
	0x50, 0xe1, 0x14, 0x4c, 0x41, 0x16, 0xf8, 0x81, 0x1f, 0x7c, 0x21, 0x16, 0x46, 0x13, 0x02, 0x60, // P..LA....|!.F..`
	0x34, 0x41, 0x08, 0x46, 0x13, 0x06, 0x61, 0xc4, 0x60, 0x01, 0x40, 0x10, 0x0c, 0x94, 0x93, 0xe8, // 4A.F..a.`.@.....
	0x85, 0x08, 0x7a, 0x1a, 0x66, 0x19, 0x31, 0x58, 0x00, 0x10, 0x04, 0x03, 0x05, 0x25, 0x7c, 0xc1, // ..z.f.1X.....%|.
	0x69, 0x18, 0xa7, 0x61, 0xec, 0xe0, 0x05, 0xf9, 0x98, 0x10, 0xc4, 0xc7, 0x08, 0x42, 0x3e, 0x16, // i..a.........B>.
	0x08, 0xf1, 0x19, 0x8e, 0x08, 0x76, 0x81, 0xf8, 0x66, 0x19, 0x88, 0x20, 0x18, 0x31, 0x30, 0x00, // .....v..f.. .10.
	0x10, 0x04, 0x03, 0xa6, 0x25, 0xcc, 0x41, 0x30, 0x24, 0x88, 0x8f, 0x05, 0x98, 0x7c, 0x2c, 0x08, // ....%.A0$....|,.
	0x07, 0xf8, 0x0c, 0x47, 0x7c, 0x81, 0xf0, 0xcd, 0x32, 0x08, 0x43, 0x30, 0x62, 0x90, 0x00, 0x20, // ...G|...2.C0b.. 
	0x08, 0x06, 0x08, 0x4d, 0xb4, 0x03, 0x4b, 0xb0, 0xc4, 0x3f, 0x3c, 0x23, 0x06, 0x09, 0x00, 0x82, // ...M..K..?<#....
	0x60, 0x80, 0xd0, 0x44, 0x3b, 0xb0, 0x04, 0x4b, 0xf4, 0x83, 0x33, 0x62, 0x90, 0x00, 0x20, 0x08, // `..D;..K..3b.. .
	0x06, 0x08, 0x4d, 0xb4, 0x03, 0x4b, 0xb0, 0x84, 0x3f, 0x34, 0x23, 0x06, 0x09, 0x00, 0x82, 0x60, // ..M..K..?4#....`
	0x80, 0xd0, 0x44, 0x3b, 0xb0, 0x04, 0x4b, 0x84, 0xc4, 0x38, 0xcc, 0x12, 0x2c, 0x23, 0x06, 0x0f, // ..D;..K..8..,#..
	0x00, 0x82, 0x60, 0x10, 0xc5, 0x84, 0x3a, 0xf8, 0xc2, 0x2e, 0xe0, 0xc2, 0x2d, 0xd8, 0x82, 0x38, // ..`...:.....-..8
	0xb0, 0x04, 0x4b, 0xb8, 0x43, 0x38, 0x8c, 0x26, 0x04, 0xc0, 0x68, 0x82, 0x10, 0x8c, 0x26, 0x0c, // ..K.C8.&..h...&.
	0xc2, 0x2c, 0x01, 0x31, 0x50, 0x31, 0x18, 0x83, 0x19, 0x00, 0x03, 0x15, 0x83, 0x31, 0x98, 0x01, // .,.1P1.......1..
	0x30, 0x50, 0x31, 0x18, 0x83, 0x19, 0x00, 0xc3, 0x0d, 0xba, 0x40, 0x13, 0x66, 0x30, 0xcb, 0x50, // 0P1.......@.f0.P
	0x28, 0xc1, 0x2c, 0x81, 0x31, 0x50, 0x31, 0xa4, 0x07, 0xe2, 0x06, 0xc5, 0x40, 0xc5, 0x90, 0x1e, // (.,.1P1.....@...
	0x88, 0x1b, 0x14, 0x03, 0x15, 0x43, 0x7a, 0x20, 0x6e, 0x50, 0x0c, 0x54, 0x10, 0xe9, 0x81, 0xc0, // .....Cz nP.T....
	0x49, 0x71, 0xc1, 0x60, 0x23, 0x06, 0x07, 0x00, 0x82, 0x60, 0x40, 0xf5, 0x04, 0x3f, 0x98, 0x03, // Iq.`#....`@..?..
	0x3e, 0x8c, 0x26, 0x04, 0x83, 0x0d, 0x01, 0x7d, 0x2c, 0x0d, 0xca, 0x20, 0x3e, 0x96, 0x06, 0x65, // >.&....},.. >..e
	0x10, 0x1f, 0x4b, 0x83, 0x32, 0x88, 0x8f, 0x11, 0x83, 0x7c, 0xac, 0x18, 0xe4, 0x63, 0xc6, 0x20, // ..K.2....|...c. 
	0x1f, 0x1b, 0xd6, 0x00, 0x3e, 0x36, 0xac, 0x01, 0x7c, 0x6c, 0x58, 0x03, 0xf8, 0x8c, 0x18, 0x2c, // ....>6..|lX....,
	0x00, 0x08, 0x82, 0x81, 0xc2, 0x16, 0x22, 0x61, 0x07, 0x75, 0x40, 0x07, 0x83, 0x10, 0x8c, 0x18, // ......"a.u@.....
	0x2c, 0x00, 0x08, 0x82, 0x81, 0xd2, 0x16, 0x23, 0x41, 0x0c, 0x02, 0x31, 0x08, 0x16, 0xb0, 0x41, // ,......#A..1...A
	0x7c, 0x6c, 0x18, 0xe4, 0x63, 0x81, 0x10, 0x9f, 0xe1, 0x88, 0xe0, 0x1f, 0x88, 0x6f, 0x96, 0x01, // |l..c........o..
	0x39, 0x82, 0x11, 0x03, 0x03, 0x00, 0x41, 0x30, 0x60, 0xe2, 0x42, 0x25, 0x04, 0x3b, 0x82, 0xf8, // 9.....A0`.B%.;..
	0x58, 0xe0, 0x07, 0xf2, 0x31, 0xc1, 0x0f, 0xe4, 0x63, 0x83, 0x1f, 0xc8, 0xc7, 0x06, 0x27, 0x3e, // X...1...c.....'>
	0x36, 0x38, 0xf1, 0xb1, 0xc1, 0x89, 0x8f, 0x0d, 0x7c, 0x00, 0x1f, 0x1b, 0xf8, 0x00, 0x3e, 0x36, // 68......|.....>6
	0xf0, 0x01, 0x7c, 0x46, 0x0c, 0x0c, 0x00, 0x04, 0xc1, 0x80, 0xe1, 0x0b, 0x9f, 0x00, 0x89, 0x0b, // ..|F............
	0x08, 0xaa, 0x60, 0x2e, 0xae, 0x02, 0xb1, 0x80, 0x11, 0x83, 0x03, 0x00, 0x41, 0x30, 0xa0, 0xfc, // ..`.........A0..
	0xa2, 0x27, 0x4e, 0x22, 0x18, 0x4d, 0x08, 0x80, 0xd1, 0x04, 0x21, 0x18, 0x4d, 0x18, 0x86, 0x32, // .'N".M....!.M..2
	0xf4, 0x02, 0x46, 0x0c, 0x0e, 0x00, 0x04, 0xc1, 0x80, 0x1a, 0x0d, 0xb1, 0x60, 0x89, 0x60, 0x34, // ..F.........`.`4
	0x21, 0x00, 0x46, 0x13, 0x84, 0x60, 0x34, 0x61, 0x18, 0x6a, 0x11, 0x0d, 0x18, 0x31, 0x38, 0x00, // !.F..`4a.j...18.
	0x10, 0x04, 0x03, 0x0a, 0x35, 0xce, 0x22, 0x26, 0x82, 0xd1, 0x84, 0x00, 0x18, 0x4d, 0x10, 0x82, // ....5."&.....M..
	0xd1, 0x84, 0x61, 0x28, 0x48, 0x2e, 0x60, 0xc4, 0xe0, 0x00, 0x40, 0x10, 0x0c, 0xa8, 0xd6, 0x60, // ..a(H.`...@....`
	0x0b, 0x9b, 0x08, 0x46, 0x13, 0x02, 0x60, 0x34, 0x41, 0x08, 0x46, 0x13, 0x86, 0xc1, 0x34, 0x49, // ...F..`4A.F...4I
	0x3e, 0x23, 0x06, 0x08, 0x00, 0x82, 0x60, 0x60, 0xc5, 0x86, 0x5c, 0x38, 0x5a, 0x30, 0x62, 0x80, // >#....``...8Z0b.
	0x00, 0x20, 0x08, 0x06, 0x96, 0x6c, 0xcc, 0x85, 0xa2, 0x05, 0x16, 0x18, 0xd0, 0x31, 0xaf, 0x92, // . ...l.......1..
	0xcf, 0x88, 0x01, 0x02, 0x80, 0x20, 0x18, 0x58, 0xb5, 0x61, 0x17, 0x91, 0x17, 0x8c, 0x18, 0x20, // ..... .X.a..... 
	0x00, 0x08, 0x82, 0x81, 0x65, 0x1b, 0x77, 0xd1, 0x78, 0x81, 0x05, 0x09, 0x74, 0x4c, 0x0c, 0x30, // ....e.w.x...tL.0
	0xf9, 0x8c, 0x18, 0x20, 0x00, 0x08, 0x82, 0x81, 0x95, 0x1b, 0x7a, 0x41, 0x89, 0x41, 0x30, 0x62, // ... ......zA.A0b
	0x80, 0x00, 0x20, 0x08, 0x06, 0x96, 0x6e, 0xec, 0x05, 0x24, 0x06, 0x81, 0x05, 0x0c, 0x74, 0x2c, // .. ...n..$....t,
	0x0d, 0xcc, 0x01, 0x3e, 0x96, 0x06, 0xe6, 0x00, 0x1f, 0x4b, 0x03, 0x73, 0x80, 0x8f, 0x0d, 0x61, // ...>.....K.s...a
	0x20, 0x9f, 0x11, 0x03, 0x04, 0x00, 0x41, 0x30, 0xb0, 0xc0, 0x23, 0x34, 0xba, 0x21, 0x18, 0x31, //  .....A0..#4.!.1
	0x40, 0x00, 0x10, 0x04, 0x03, 0x2b, 0x3c, 0x44, 0x23, 0x1b, 0x02, 0x0b, 0x2a, 0xe8, 0xd8, 0x41, // @....+<D#...*..A
	0x06, 0xf2, 0x19, 0x31, 0x40, 0x00, 0x10, 0x04, 0x03, 0x8b, 0x3c, 0x4a, 0x03, 0x0c, 0x8e, 0x60, // ...1@.....<J...`
	0xc4, 0x00, 0x01, 0x40, 0x10, 0x0c, 0xac, 0xf2, 0x30, 0x0d, 0xee, 0x08, 0x2c, 0xc0, 0xa0, 0x63, // ...@....0...,..c
	0xcb, 0x19, 0xc8, 0x67, 0xc4, 0x00, 0x01, 0x40, 0x10, 0x0c, 0x2c, 0xf4, 0x48, 0x8d, 0x31, 0x58, // ...g...@..,.H.1X
	0x82, 0x11, 0x03, 0x04, 0x00, 0x41, 0x30, 0xb0, 0xd2, 0x43, 0x35, 0xbe, 0x25, 0xb0, 0x60, 0x83, // .....A0..C5.%.`.
	0x8e, 0x61, 0x10, 0x7d, 0xac, 0x8a, 0xe8, 0x63, 0xcb, 0x40, 0x1f, 0x43, 0x08, 0xfa, 0x18, 0x01, // .a.}...c.@.C....
	0x1a, 0xf2, 0xb1, 0x20, 0x34, 0xe0, 0x63, 0x85, 0x68, 0xc8, 0xc7, 0x46, 0x23, 0x88, 0xcf, 0x88, // ... 4.c.h..F#...
	0xc1, 0x03, 0x80, 0x20, 0x18, 0x44, 0xf5, 0xe1, 0x1a, 0xa2, 0xf1, 0x17, 0x43, 0xa0, 0x17, 0xa6, // ... .D......C...
	0x01, 0x1f, 0xf0, 0x21, 0x1b, 0xa5, 0x31, 0x9a, 0x10, 0x00, 0xa3, 0x09, 0x42, 0x30, 0x9a, 0x30, // ...!..1.....B0.0
	0x08, 0xa6, 0xa0, 0x86, 0x7c, 0x2c, 0x48, 0x0d, 0xf8, 0xd8, 0xa2, 0x1a, 0xf2, 0xb1, 0xd5, 0x08, // ....|,H.........
	0xe2, 0x33, 0x62, 0xf0, 0x00, 0x20, 0x08, 0x06, 0x51, 0x7f, 0xd8, 0x46, 0x6a, 0x98, 0xc6, 0x10, // .3b.. ..Q..Fj...
	0x88, 0x86, 0x6b, 0xe0, 0x07, 0x7e, 0xe8, 0x46, 0x6b, 0x8c, 0x26, 0x04, 0xc0, 0x68, 0x82, 0x10, // ..k..~.Fk.&..h..
	0x8c, 0x26, 0x0c, 0x82, 0x0d, 0x4b, 0x7c, 0x6c, 0x58, 0xe2, 0x63, 0xc3, 0x12, 0x1f, 0x1b, 0xc8, // .&...K|lX.c.....
	0x41, 0x3e, 0x36, 0x94, 0x83, 0x7c, 0x6c, 0x30, 0x07, 0xf9, 0xd8, 0x10, 0xc1, 0xc7, 0x86, 0x08, // A>6..|l0........
	0x3e, 0x36, 0x44, 0xf0, 0x99, 0x25, 0x40, 0x06, 0x2a, 0x06, 0xe3, 0x50, 0x0f, 0x63, 0xa0, 0x62, // >6D..%@.*..P.c.b
	0x30, 0x0e, 0xf5, 0x30, 0x06, 0x2a, 0x06, 0xe3, 0x50, 0x0f, 0xc3, 0x06, 0x7a, 0x80, 0x8f, 0x0d, // 0..0.*..P...z...
	0xf4, 0x00, 0x1f, 0x1b, 0xe8, 0x01, 0x3e, 0x46, 0x0f, 0x2c, 0x02, 0x83, 0xe1, 0x86, 0x60, 0x36, // ......>F.,....`6
	0xc0, 0x60, 0x96, 0x21, 0x31, 0x82, 0x59, 0x02, 0x65, 0xa0, 0x62, 0x00, 0x13, 0x42, 0x49, 0x06, // .`.!1.Y.e.b..BI.
	0x2a, 0x06, 0x30, 0x21, 0x94, 0x64, 0xa0, 0x62, 0x00, 0x13, 0x42, 0x49, 0x46, 0x0c, 0x0e, 0x00, // *.0!.d.b..BIF...
	0x04, 0xc1, 0x80, 0xa2, 0x91, 0xf9, 0xe8, 0x8d, 0xf7, 0x18, 0x4d, 0x08, 0x06, 0x2b, 0x02, 0xfa, // ..........M..+..
	0x58, 0x21, 0xd0, 0xc7, 0x8a, 0x81, 0x3e, 0x23, 0x06, 0x09, 0x00, 0x82, 0x60, 0x80, 0xf4, 0x88, // X!....>#....`...
	0x7d, 0xd4, 0x48, 0x8d, 0xa0, 0xc8, 0x30, 0x62, 0x90, 0x00, 0x20, 0x08, 0x06, 0x48, 0x8f, 0xd8, // }.H...0b.. ..H..
	0x47, 0x8d, 0xd4, 0x88, 0x89, 0x08, 0x23, 0x06, 0x09, 0x00, 0x82, 0x60, 0x80, 0xf4, 0x88, 0x7d, // G.....#....`...}
	0xd4, 0x48, 0x8d, 0x9c, 0x48, 0x30, 0x62, 0x90, 0x00, 0x20, 0x08, 0x06, 0x48, 0x8f, 0xd8, 0x47, // .H..H0b.. ..H..G
	0x8d, 0xd4, 0x88, 0x8a, 0xb0, 0xc7, 0x2c, 0xc1, 0x82, 0x00, 0x00, 0x00, 0x00, 0x00, 0x00, 0x00, // ......,.........
	0x00, 0x00, 0x90, 0x01,                                                                         // ....
};
static const uint8_t fs_pp_motionblur_st_spv[5680] =
{
	0x46, 0x53, 0x48, 0x0c, 0x4a, 0x63, 0xcf, 0x5f, 0x00, 0x00, 0x00, 0x00, 0x00, 0x00, 0x00, 0x00, // FSH.Jc._........
	0x00, 0x00, 0x00, 0x00, 0x07, 0x00, 0x0a, 0x77, 0x5f, 0x68, 0x5f, 0x68, 0x65, 0x69, 0x67, 0x68, // .......w_h_heigh
	0x74, 0x12, 0x01, 0x80, 0x01, 0x01, 0x00, 0x00, 0x00, 0x00, 0x00, 0x0a, 0x6d, 0x61, 0x74, 0x50, // t...........matP
	0x72, 0x6f, 0x6a, 0x49, 0x6e, 0x76, 0x14, 0x02, 0x00, 0x01, 0x08, 0x00, 0x00, 0x00, 0x00, 0x00, // rojInv..........
	0x05, 0x62, 0x61, 0x6c, 0x6c, 0x73, 0x12, 0x02, 0x00, 0x00, 0x02, 0x00, 0x00, 0x00, 0x00, 0x00, // .balls..........
	0x07, 0x6d, 0x61, 0x74, 0x50, 0x72, 0x6f, 0x6a, 0x14, 0x02, 0x80, 0x00, 0x08, 0x00, 0x00, 0x00, // .matProj........
	0x00, 0x00, 0x0f, 0x74, 0x65, 0x78, 0x5f, 0x66, 0x62, 0x5f, 0x66, 0x69, 0x6c, 0x74, 0x65, 0x72, // ...tex_fb_filter
	0x65, 0x64, 0x30, 0x00, 0x02, 0x00, 0x00, 0x00, 0x00, 0x03, 0x29, 0x00, 0x09, 0x74, 0x65, 0x78, // ed0.......)..tex
	0x5f, 0x62, 0x6c, 0x6f, 0x6f, 0x6d, 0x30, 0x00, 0x03, 0x00, 0x00, 0x00, 0x00, 0x03, 0x29, 0x00, // _bloom0.......).
	0x09, 0x74, 0x65, 0x78, 0x5f, 0x64, 0x65, 0x70, 0x74, 0x68, 0x30, 0x00, 0x06, 0x00, 0x00, 0x00, // .tex_depth0.....
	0x00, 0x03, 0x29, 0x00, 0x84, 0x15, 0x00, 0x00, 0x03, 0x02, 0x23, 0x07, 0x00, 0x00, 0x01, 0x00, // ..).......#.....
	0x0b, 0x00, 0x08, 0x00, 0xd6, 0x03, 0x00, 0x00, 0x00, 0x00, 0x00, 0x00, 0x11, 0x00, 0x02, 0x00, // ................
	0x01, 0x00, 0x00, 0x00, 0x0b, 0x00, 0x06, 0x00, 0x01, 0x00, 0x00, 0x00, 0x47, 0x4c, 0x53, 0x4c, // ............GLSL
	0x2e, 0x73, 0x74, 0x64, 0x2e, 0x34, 0x35, 0x30, 0x00, 0x00, 0x00, 0x00, 0x0e, 0x00, 0x03, 0x00, // .std.450........
	0x00, 0x00, 0x00, 0x00, 0x01, 0x00, 0x00, 0x00, 0x0f, 0x00, 0x08, 0x00, 0x04, 0x00, 0x00, 0x00, // ................
	0x04, 0x00, 0x00, 0x00, 0x6d, 0x61, 0x69, 0x6e, 0x00, 0x00, 0x00, 0x00, 0xc7, 0x01, 0x00, 0x00, // ....main........
	0xcb, 0x01, 0x00, 0x00, 0xd8, 0x01, 0x00, 0x00, 0x10, 0x00, 0x03, 0x00, 0x04, 0x00, 0x00, 0x00, // ................
	0x07, 0x00, 0x00, 0x00, 0x03, 0x00, 0x03, 0x00, 0x05, 0x00, 0x00, 0x00, 0xf4, 0x01, 0x00, 0x00, // ................
	0x05, 0x00, 0x04, 0x00, 0x04, 0x00, 0x00, 0x00, 0x6d, 0x61, 0x69, 0x6e, 0x00, 0x00, 0x00, 0x00, // ........main....
	0x05, 0x00, 0x08, 0x00, 0x30, 0x00, 0x00, 0x00, 0x74, 0x65, 0x78, 0x5f, 0x66, 0x62, 0x5f, 0x66, // ....0...tex_fb_f
	0x69, 0x6c, 0x74, 0x65, 0x72, 0x65, 0x64, 0x53, 0x61, 0x6d, 0x70, 0x6c, 0x65, 0x72, 0x00, 0x00, // ilteredSampler..
	0x05, 0x00, 0x08, 0x00, 0x33, 0x00, 0x00, 0x00, 0x74, 0x65, 0x78, 0x5f, 0x66, 0x62, 0x5f, 0x66, // ....3...tex_fb_f
	0x69, 0x6c, 0x74, 0x65, 0x72, 0x65, 0x64, 0x54, 0x65, 0x78, 0x74, 0x75, 0x72, 0x65, 0x00, 0x00, // ilteredTexture..
	0x05, 0x00, 0x07, 0x00, 0x37, 0x00, 0x00, 0x00, 0x74, 0x65, 0x78, 0x5f, 0x62, 0x6c, 0x6f, 0x6f, // ....7...tex_bloo
	0x6d, 0x53, 0x61, 0x6d, 0x70, 0x6c, 0x65, 0x72, 0x00, 0x00, 0x00, 0x00, 0x05, 0x00, 0x07, 0x00, // mSampler........
	0x39, 0x00, 0x00, 0x00, 0x74, 0x65, 0x78, 0x5f, 0x62, 0x6c, 0x6f, 0x6f, 0x6d, 0x54, 0x65, 0x78, // 9...tex_bloomTex
	0x74, 0x75, 0x72, 0x65, 0x00, 0x00, 0x00, 0x00, 0x05, 0x00, 0x07, 0x00, 0x3d, 0x00, 0x00, 0x00, // ture........=...
	0x74, 0x65, 0x78, 0x5f, 0x64, 0x65, 0x70, 0x74, 0x68, 0x53, 0x61, 0x6d, 0x70, 0x6c, 0x65, 0x72, // tex_depthSampler
	0x00, 0x00, 0x00, 0x00, 0x05, 0x00, 0x07, 0x00, 0x3f, 0x00, 0x00, 0x00, 0x74, 0x65, 0x78, 0x5f, // ........?...tex_
	0x64, 0x65, 0x70, 0x74, 0x68, 0x54, 0x65, 0x78, 0x74, 0x75, 0x72, 0x65, 0x00, 0x00, 0x00, 0x00, // depthTexture....
	0x05, 0x00, 0x06, 0x00, 0x6d, 0x00, 0x00, 0x00, 0x55, 0x6e, 0x69, 0x66, 0x6f, 0x72, 0x6d, 0x42, // ....m...UniformB
	0x6c, 0x6f, 0x63, 0x6b, 0x00, 0x00, 0x00, 0x00, 0x06, 0x00, 0x05, 0x00, 0x6d, 0x00, 0x00, 0x00, // lock........m...
	0x00, 0x00, 0x00, 0x00, 0x62, 0x61, 0x6c, 0x6c, 0x73, 0x00, 0x00, 0x00, 0x06, 0x00, 0x05, 0x00, // ....balls.......
	0x6d, 0x00, 0x00, 0x00, 0x01, 0x00, 0x00, 0x00, 0x6d, 0x61, 0x74, 0x50, 0x72, 0x6f, 0x6a, 0x00, // m.......matProj.
	0x06, 0x00, 0x06, 0x00, 0x6d, 0x00, 0x00, 0x00, 0x02, 0x00, 0x00, 0x00, 0x6d, 0x61, 0x74, 0x50, // ....m.......matP
	0x72, 0x6f, 0x6a, 0x49, 0x6e, 0x76, 0x00, 0x00, 0x06, 0x00, 0x06, 0x00, 0x6d, 0x00, 0x00, 0x00, // rojInv......m...
	0x03, 0x00, 0x00, 0x00, 0x77, 0x5f, 0x68, 0x5f, 0x68, 0x65, 0x69, 0x67, 0x68, 0x74, 0x00, 0x00, // ....w_h_height..
	0x05, 0x00, 0x03, 0x00, 0x6f, 0x00, 0x00, 0x00, 0x00, 0x00, 0x00, 0x00, 0x05, 0x00, 0x04, 0x00, // ....o...........
	0xc7, 0x01, 0x00, 0x00, 0x76, 0x5f, 0x65, 0x79, 0x65, 0x00, 0x00, 0x00, 0x05, 0x00, 0x05, 0x00, // ....v_eye.......
	0xcb, 0x01, 0x00, 0x00, 0x76, 0x5f, 0x74, 0x65, 0x78, 0x63, 0x6f, 0x6f, 0x72, 0x64, 0x30, 0x00, // ....v_texcoord0.
	0x05, 0x00, 0x06, 0x00, 0xd8, 0x01, 0x00, 0x00, 0x62, 0x67, 0x66, 0x78, 0x5f, 0x46, 0x72, 0x61, // ........bgfx_Fra
	0x67, 0x44, 0x61, 0x74, 0x61, 0x30, 0x00, 0x00, 0x47, 0x00, 0x04, 0x00, 0x30, 0x00, 0x00, 0x00, // gData0..G...0...
	0x21, 0x00, 0x00, 0x00, 0x12, 0x00, 0x00, 0x00, 0x47, 0x00, 0x04, 0x00, 0x30, 0x00, 0x00, 0x00, // !.......G...0...
	0x22, 0x00, 0x00, 0x00, 0x00, 0x00, 0x00, 0x00, 0x47, 0x00, 0x04, 0x00, 0x33, 0x00, 0x00, 0x00, // ".......G...3...
	0x21, 0x00, 0x00, 0x00, 0x02, 0x00, 0x00, 0x00, 0x47, 0x00, 0x04, 0x00, 0x33, 0x00, 0x00, 0x00, // !.......G...3...
	0x22, 0x00, 0x00, 0x00, 0x00, 0x00, 0x00, 0x00, 0x47, 0x00, 0x04, 0x00, 0x37, 0x00, 0x00, 0x00, // ".......G...7...
	0x21, 0x00, 0x00, 0x00, 0x13, 0x00, 0x00, 0x00, 0x47, 0x00, 0x04, 0x00, 0x37, 0x00, 0x00, 0x00, // !.......G...7...
	0x22, 0x00, 0x00, 0x00, 0x00, 0x00, 0x00, 0x00, 0x47, 0x00, 0x04, 0x00, 0x39, 0x00, 0x00, 0x00, // ".......G...9...
	0x21, 0x00, 0x00, 0x00, 0x03, 0x00, 0x00, 0x00, 0x47, 0x00, 0x04, 0x00, 0x39, 0x00, 0x00, 0x00, // !.......G...9...
	0x22, 0x00, 0x00, 0x00, 0x00, 0x00, 0x00, 0x00, 0x47, 0x00, 0x04, 0x00, 0x3d, 0x00, 0x00, 0x00, // ".......G...=...
	0x21, 0x00, 0x00, 0x00, 0x16, 0x00, 0x00, 0x00, 0x47, 0x00, 0x04, 0x00, 0x3d, 0x00, 0x00, 0x00, // !.......G...=...
	0x22, 0x00, 0x00, 0x00, 0x00, 0x00, 0x00, 0x00, 0x47, 0x00, 0x04, 0x00, 0x3f, 0x00, 0x00, 0x00, // ".......G...?...
	0x21, 0x00, 0x00, 0x00, 0x06, 0x00, 0x00, 0x00, 0x47, 0x00, 0x04, 0x00, 0x3f, 0x00, 0x00, 0x00, // !.......G...?...
	0x22, 0x00, 0x00, 0x00, 0x00, 0x00, 0x00, 0x00, 0x47, 0x00, 0x04, 0x00, 0x68, 0x00, 0x00, 0x00, // ".......G...h...
	0x06, 0x00, 0x00, 0x00, 0x10, 0x00, 0x00, 0x00, 0x47, 0x00, 0x04, 0x00, 0x6b, 0x00, 0x00, 0x00, // ........G...k...
	0x06, 0x00, 0x00, 0x00, 0x40, 0x00, 0x00, 0x00, 0x47, 0x00, 0x04, 0x00, 0x6c, 0x00, 0x00, 0x00, // ....@...G...l...
	0x06, 0x00, 0x00, 0x00, 0x40, 0x00, 0x00, 0x00, 0x47, 0x00, 0x03, 0x00, 0x6d, 0x00, 0x00, 0x00, // ....@...G...m...
	0x02, 0x00, 0x00, 0x00, 0x48, 0x00, 0x05, 0x00, 0x6d, 0x00, 0x00, 0x00, 0x00, 0x00, 0x00, 0x00, // ....H...m.......
	0x23, 0x00, 0x00, 0x00, 0x00, 0x00, 0x00, 0x00, 0x48, 0x00, 0x04, 0x00, 0x6d, 0x00, 0x00, 0x00, // #.......H...m...
	0x01, 0x00, 0x00, 0x00, 0x04, 0x00, 0x00, 0x00, 0x48, 0x00, 0x05, 0x00, 0x6d, 0x00, 0x00, 0x00, // ........H...m...
	0x01, 0x00, 0x00, 0x00, 0x07, 0x00, 0x00, 0x00, 0x10, 0x00, 0x00, 0x00, 0x48, 0x00, 0x05, 0x00, // ............H...
	0x6d, 0x00, 0x00, 0x00, 0x01, 0x00, 0x00, 0x00, 0x23, 0x00, 0x00, 0x00, 0x80, 0x00, 0x00, 0x00, // m.......#.......
	0x48, 0x00, 0x04, 0x00, 0x6d, 0x00, 0x00, 0x00, 0x02, 0x00, 0x00, 0x00, 0x04, 0x00, 0x00, 0x00, // H...m...........
	0x48, 0x00, 0x05, 0x00, 0x6d, 0x00, 0x00, 0x00, 0x02, 0x00, 0x00, 0x00, 0x07, 0x00, 0x00, 0x00, // H...m...........
	0x10, 0x00, 0x00, 0x00, 0x48, 0x00, 0x05, 0x00, 0x6d, 0x00, 0x00, 0x00, 0x02, 0x00, 0x00, 0x00, // ....H...m.......
	0x23, 0x00, 0x00, 0x00, 0x00, 0x01, 0x00, 0x00, 0x48, 0x00, 0x05, 0x00, 0x6d, 0x00, 0x00, 0x00, // #.......H...m...
	0x03, 0x00, 0x00, 0x00, 0x23, 0x00, 0x00, 0x00, 0x80, 0x01, 0x00, 0x00, 0x47, 0x00, 0x04, 0x00, // ....#.......G...
	0x6f, 0x00, 0x00, 0x00, 0x21, 0x00, 0x00, 0x00, 0x01, 0x00, 0x00, 0x00, 0x47, 0x00, 0x04, 0x00, // o...!.......G...
	0x6f, 0x00, 0x00, 0x00, 0x22, 0x00, 0x00, 0x00, 0x00, 0x00, 0x00, 0x00, 0x47, 0x00, 0x04, 0x00, // o...".......G...
	0xc7, 0x01, 0x00, 0x00, 0x1e, 0x00, 0x00, 0x00, 0x00, 0x00, 0x00, 0x00, 0x47, 0x00, 0x04, 0x00, // ............G...
	0xcb, 0x01, 0x00, 0x00, 0x1e, 0x00, 0x00, 0x00, 0x01, 0x00, 0x00, 0x00, 0x47, 0x00, 0x04, 0x00, // ............G...
	0xd8, 0x01, 0x00, 0x00, 0x1e, 0x00, 0x00, 0x00, 0x00, 0x00, 0x00, 0x00, 0x13, 0x00, 0x02, 0x00, // ................
	0x02, 0x00, 0x00, 0x00, 0x21, 0x00, 0x03, 0x00, 0x03, 0x00, 0x00, 0x00, 0x02, 0x00, 0x00, 0x00, // ....!...........
	0x1a, 0x00, 0x02, 0x00, 0x06, 0x00, 0x00, 0x00, 0x16, 0x00, 0x03, 0x00, 0x07, 0x00, 0x00, 0x00, // ................
	0x20, 0x00, 0x00, 0x00, 0x19, 0x00, 0x09, 0x00, 0x08, 0x00, 0x00, 0x00, 0x07, 0x00, 0x00, 0x00, //  ...............
	0x01, 0x00, 0x00, 0x00, 0x00, 0x00, 0x00, 0x00, 0x01, 0x00, 0x00, 0x00, 0x00, 0x00, 0x00, 0x00, // ................
	0x01, 0x00, 0x00, 0x00, 0x00, 0x00, 0x00, 0x00, 0x17, 0x00, 0x04, 0x00, 0x0b, 0x00, 0x00, 0x00, // ................
	0x07, 0x00, 0x00, 0x00, 0x03, 0x00, 0x00, 0x00, 0x17, 0x00, 0x04, 0x00, 0x0e, 0x00, 0x00, 0x00, // ................
	0x07, 0x00, 0x00, 0x00, 0x04, 0x00, 0x00, 0x00, 0x17, 0x00, 0x04, 0x00, 0x1b, 0x00, 0x00, 0x00, // ................
	0x07, 0x00, 0x00, 0x00, 0x02, 0x00, 0x00, 0x00, 0x20, 0x00, 0x04, 0x00, 0x2f, 0x00, 0x00, 0x00, // ........ .../...
	0x00, 0x00, 0x00, 0x00, 0x06, 0x00, 0x00, 0x00, 0x3b, 0x00, 0x04, 0x00, 0x2f, 0x00, 0x00, 0x00, // ........;.../...
	0x30, 0x00, 0x00, 0x00, 0x00, 0x00, 0x00, 0x00, 0x20, 0x00, 0x04, 0x00, 0x32, 0x00, 0x00, 0x00, // 0....... ...2...
	0x00, 0x00, 0x00, 0x00, 0x08, 0x00, 0x00, 0x00, 0x3b, 0x00, 0x04, 0x00, 0x32, 0x00, 0x00, 0x00, // ........;...2...
	0x33, 0x00, 0x00, 0x00, 0x00, 0x00, 0x00, 0x00, 0x3b, 0x00, 0x04, 0x00, 0x2f, 0x00, 0x00, 0x00, // 3.......;.../...
	0x37, 0x00, 0x00, 0x00, 0x00, 0x00, 0x00, 0x00, 0x3b, 0x00, 0x04, 0x00, 0x32, 0x00, 0x00, 0x00, // 7.......;...2...
	0x39, 0x00, 0x00, 0x00, 0x00, 0x00, 0x00, 0x00, 0x3b, 0x00, 0x04, 0x00, 0x2f, 0x00, 0x00, 0x00, // 9.......;.../...
	0x3d, 0x00, 0x00, 0x00, 0x00, 0x00, 0x00, 0x00, 0x3b, 0x00, 0x04, 0x00, 0x32, 0x00, 0x00, 0x00, // =.......;...2...
	0x3f, 0x00, 0x00, 0x00, 0x00, 0x00, 0x00, 0x00, 0x15, 0x00, 0x04, 0x00, 0x42, 0x00, 0x00, 0x00, // ?...........B...
	0x20, 0x00, 0x00, 0x00, 0x01, 0x00, 0x00, 0x00, 0x2b, 0x00, 0x04, 0x00, 0x42, 0x00, 0x00, 0x00, //  .......+...B...
	0x43, 0x00, 0x00, 0x00, 0x01, 0x00, 0x00, 0x00, 0x2b, 0x00, 0x04, 0x00, 0x42, 0x00, 0x00, 0x00, // C.......+...B...
	0x47, 0x00, 0x00, 0x00, 0x00, 0x00, 0x00, 0x00, 0x1b, 0x00, 0x03, 0x00, 0x4b, 0x00, 0x00, 0x00, // G...........K...
	0x08, 0x00, 0x00, 0x00, 0x2b, 0x00, 0x04, 0x00, 0x07, 0x00, 0x00, 0x00, 0x61, 0x00, 0x00, 0x00, // ....+.......a...
	0x00, 0x00, 0x00, 0x00, 0x15, 0x00, 0x04, 0x00, 0x66, 0x00, 0x00, 0x00, 0x20, 0x00, 0x00, 0x00, // ........f... ...
	0x00, 0x00, 0x00, 0x00, 0x2b, 0x00, 0x04, 0x00, 0x66, 0x00, 0x00, 0x00, 0x67, 0x00, 0x00, 0x00, // ....+...f...g...
	0x08, 0x00, 0x00, 0x00, 0x1c, 0x00, 0x04, 0x00, 0x68, 0x00, 0x00, 0x00, 0x0e, 0x00, 0x00, 0x00, // ........h.......
	0x67, 0x00, 0x00, 0x00, 0x18, 0x00, 0x04, 0x00, 0x69, 0x00, 0x00, 0x00, 0x0e, 0x00, 0x00, 0x00, // g.......i.......
	0x04, 0x00, 0x00, 0x00, 0x2b, 0x00, 0x04, 0x00, 0x66, 0x00, 0x00, 0x00, 0x6a, 0x00, 0x00, 0x00, // ....+...f...j...
	0x02, 0x00, 0x00, 0x00, 0x1c, 0x00, 0x04, 0x00, 0x6b, 0x00, 0x00, 0x00, 0x69, 0x00, 0x00, 0x00, // ........k...i...
	0x6a, 0x00, 0x00, 0x00, 0x1c, 0x00, 0x04, 0x00, 0x6c, 0x00, 0x00, 0x00, 0x69, 0x00, 0x00, 0x00, // j.......l...i...
	0x6a, 0x00, 0x00, 0x00, 0x1e, 0x00, 0x06, 0x00, 0x6d, 0x00, 0x00, 0x00, 0x68, 0x00, 0x00, 0x00, // j.......m...h...
	0x6b, 0x00, 0x00, 0x00, 0x6c, 0x00, 0x00, 0x00, 0x0e, 0x00, 0x00, 0x00, 0x20, 0x00, 0x04, 0x00, // k...l....... ...
	0x6e, 0x00, 0x00, 0x00, 0x02, 0x00, 0x00, 0x00, 0x6d, 0x00, 0x00, 0x00, 0x3b, 0x00, 0x04, 0x00, // n.......m...;...
	0x6e, 0x00, 0x00, 0x00, 0x6f, 0x00, 0x00, 0x00, 0x02, 0x00, 0x00, 0x00, 0x2b, 0x00, 0x04, 0x00, // n...o.......+...
	0x42, 0x00, 0x00, 0x00, 0x70, 0x00, 0x00, 0x00, 0x03, 0x00, 0x00, 0x00, 0x2b, 0x00, 0x04, 0x00, // B...p.......+...
	0x66, 0x00, 0x00, 0x00, 0x71, 0x00, 0x00, 0x00, 0x03, 0x00, 0x00, 0x00, 0x20, 0x00, 0x04, 0x00, // f...q....... ...
	0x72, 0x00, 0x00, 0x00, 0x02, 0x00, 0x00, 0x00, 0x07, 0x00, 0x00, 0x00, 0x2b, 0x00, 0x04, 0x00, // r...........+...
	0x66, 0x00, 0x00, 0x00, 0x79, 0x00, 0x00, 0x00, 0x00, 0x00, 0x00, 0x00, 0x2b, 0x00, 0x04, 0x00, // f...y.......+...
	0x07, 0x00, 0x00, 0x00, 0x8a, 0x00, 0x00, 0x00, 0x00, 0x00, 0x00, 0x40, 0x2b, 0x00, 0x04, 0x00, // ...........@+...
	0x07, 0x00, 0x00, 0x00, 0x8c, 0x00, 0x00, 0x00, 0x00, 0x00, 0x80, 0x3f, 0x2b, 0x00, 0x04, 0x00, // ...........?+...
	0x42, 0x00, 0x00, 0x00, 0x96, 0x00, 0x00, 0x00, 0x02, 0x00, 0x00, 0x00, 0x20, 0x00, 0x04, 0x00, // B........... ...
	0x99, 0x00, 0x00, 0x00, 0x02, 0x00, 0x00, 0x00, 0x69, 0x00, 0x00, 0x00, 0x20, 0x00, 0x04, 0x00, // ........i... ...
	0xae, 0x00, 0x00, 0x00, 0x02, 0x00, 0x00, 0x00, 0x0e, 0x00, 0x00, 0x00, 0x2b, 0x00, 0x04, 0x00, // ............+...
	0x07, 0x00, 0x00, 0x00, 0xd2, 0x00, 0x00, 0x00, 0x33, 0x33, 0x93, 0x3f, 0x14, 0x00, 0x02, 0x00, // ........33.?....
	0xdc, 0x00, 0x00, 0x00, 0x2b, 0x00, 0x04, 0x00, 0x07, 0x00, 0x00, 0x00, 0x6e, 0x01, 0x00, 0x00, // ....+.......n...
	0x00, 0x00, 0x00, 0x3f, 0x20, 0x00, 0x04, 0x00, 0xc6, 0x01, 0x00, 0x00, 0x01, 0x00, 0x00, 0x00, // ...? ...........
	0x07, 0x00, 0x00, 0x00, 0x3b, 0x00, 0x04, 0x00, 0xc6, 0x01, 0x00, 0x00, 0xc7, 0x01, 0x00, 0x00, // ....;...........
	0x01, 0x00, 0x00, 0x00, 0x20, 0x00, 0x04, 0x00, 0xca, 0x01, 0x00, 0x00, 0x01, 0x00, 0x00, 0x00, // .... ...........
	0x1b, 0x00, 0x00, 0x00, 0x3b, 0x00, 0x04, 0x00, 0xca, 0x01, 0x00, 0x00, 0xcb, 0x01, 0x00, 0x00, // ....;...........
	0x01, 0x00, 0x00, 0x00, 0x20, 0x00, 0x04, 0x00, 0xd7, 0x01, 0x00, 0x00, 0x03, 0x00, 0x00, 0x00, // .... ...........
	0x0e, 0x00, 0x00, 0x00, 0x3b, 0x00, 0x04, 0x00, 0xd7, 0x01, 0x00, 0x00, 0xd8, 0x01, 0x00, 0x00, // ....;...........
	0x03, 0x00, 0x00, 0x00, 0x2c, 0x00, 0x05, 0x00, 0x1b, 0x00, 0x00, 0x00, 0xc6, 0x03, 0x00, 0x00, // ....,...........
	0x6e, 0x01, 0x00, 0x00, 0x6e, 0x01, 0x00, 0x00, 0x01, 0x00, 0x03, 0x00, 0x07, 0x00, 0x00, 0x00, // n...n...........
	0xc8, 0x03, 0x00, 0x00, 0x01, 0x00, 0x03, 0x00, 0x0e, 0x00, 0x00, 0x00, 0xd5, 0x03, 0x00, 0x00, // ................
	0x36, 0x00, 0x05, 0x00, 0x02, 0x00, 0x00, 0x00, 0x04, 0x00, 0x00, 0x00, 0x00, 0x00, 0x00, 0x00, // 6...............
	0x03, 0x00, 0x00, 0x00, 0xf8, 0x00, 0x02, 0x00, 0x05, 0x00, 0x00, 0x00, 0x3d, 0x00, 0x04, 0x00, // ............=...
	0x06, 0x00, 0x00, 0x00, 0x31, 0x00, 0x00, 0x00, 0x30, 0x00, 0x00, 0x00, 0x3d, 0x00, 0x04, 0x00, // ....1...0...=...
	0x08, 0x00, 0x00, 0x00, 0x34, 0x00, 0x00, 0x00, 0x33, 0x00, 0x00, 0x00, 0x3d, 0x00, 0x04, 0x00, // ....4...3...=...
	0x06, 0x00, 0x00, 0x00, 0x38, 0x00, 0x00, 0x00, 0x37, 0x00, 0x00, 0x00, 0x3d, 0x00, 0x04, 0x00, // ....8...7...=...
	0x08, 0x00, 0x00, 0x00, 0x3a, 0x00, 0x00, 0x00, 0x39, 0x00, 0x00, 0x00, 0x3d, 0x00, 0x04, 0x00, // ....:...9...=...
	0x06, 0x00, 0x00, 0x00, 0x3e, 0x00, 0x00, 0x00, 0x3d, 0x00, 0x00, 0x00, 0x3d, 0x00, 0x04, 0x00, // ....>...=...=...
	0x08, 0x00, 0x00, 0x00, 0x40, 0x00, 0x00, 0x00, 0x3f, 0x00, 0x00, 0x00, 0x3d, 0x00, 0x04, 0x00, // ....@...?...=...
	0x07, 0x00, 0x00, 0x00, 0xc8, 0x01, 0x00, 0x00, 0xc7, 0x01, 0x00, 0x00, 0x3d, 0x00, 0x04, 0x00, // ............=...
	0x1b, 0x00, 0x00, 0x00, 0xcc, 0x01, 0x00, 0x00, 0xcb, 0x01, 0x00, 0x00, 0xf7, 0x00, 0x03, 0x00, // ................
	0x3b, 0x03, 0x00, 0x00, 0x00, 0x00, 0x00, 0x00, 0xfb, 0x00, 0x03, 0x00, 0x79, 0x00, 0x00, 0x00, // ;...........y...
	0x28, 0x02, 0x00, 0x00, 0xf8, 0x00, 0x02, 0x00, 0x28, 0x02, 0x00, 0x00, 0x41, 0x00, 0x06, 0x00, // (.......(...A...
	0x72, 0x00, 0x00, 0x00, 0x2a, 0x02, 0x00, 0x00, 0x6f, 0x00, 0x00, 0x00, 0x70, 0x00, 0x00, 0x00, // r...*...o...p...
	0x71, 0x00, 0x00, 0x00, 0x3d, 0x00, 0x04, 0x00, 0x07, 0x00, 0x00, 0x00, 0x2b, 0x02, 0x00, 0x00, // q...=.......+...
	0x2a, 0x02, 0x00, 0x00, 0x6e, 0x00, 0x04, 0x00, 0x42, 0x00, 0x00, 0x00, 0x2c, 0x02, 0x00, 0x00, // *...n...B...,...
	0x2b, 0x02, 0x00, 0x00, 0x51, 0x00, 0x05, 0x00, 0x07, 0x00, 0x00, 0x00, 0x2f, 0x02, 0x00, 0x00, // +...Q......./...
	0xcc, 0x01, 0x00, 0x00, 0x00, 0x00, 0x00, 0x00, 0x51, 0x00, 0x05, 0x00, 0x07, 0x00, 0x00, 0x00, // ........Q.......
	0x31, 0x02, 0x00, 0x00, 0xcc, 0x01, 0x00, 0x00, 0x01, 0x00, 0x00, 0x00, 0x50, 0x00, 0x06, 0x00, // 1...........P...
	0x0b, 0x00, 0x00, 0x00, 0x33, 0x02, 0x00, 0x00, 0x2f, 0x02, 0x00, 0x00, 0x31, 0x02, 0x00, 0x00, // ....3.../...1...
	0xc8, 0x01, 0x00, 0x00, 0x56, 0x00, 0x05, 0x00, 0x4b, 0x00, 0x00, 0x00, 0x46, 0x03, 0x00, 0x00, // ....V...K...F...
	0x40, 0x00, 0x00, 0x00, 0x3e, 0x00, 0x00, 0x00, 0x58, 0x00, 0x07, 0x00, 0x0e, 0x00, 0x00, 0x00, // @...>...X.......
	0x49, 0x03, 0x00, 0x00, 0x46, 0x03, 0x00, 0x00, 0x33, 0x02, 0x00, 0x00, 0x02, 0x00, 0x00, 0x00, // I...F...3.......
	0x61, 0x00, 0x00, 0x00, 0x51, 0x00, 0x05, 0x00, 0x07, 0x00, 0x00, 0x00, 0x36, 0x02, 0x00, 0x00, // a...Q.......6...
	0x49, 0x03, 0x00, 0x00, 0x00, 0x00, 0x00, 0x00, 0x85, 0x00, 0x05, 0x00, 0x07, 0x00, 0x00, 0x00, // I...............
	0x39, 0x02, 0x00, 0x00, 0x2f, 0x02, 0x00, 0x00, 0x8a, 0x00, 0x00, 0x00, 0x83, 0x00, 0x05, 0x00, // 9.../...........
	0x07, 0x00, 0x00, 0x00, 0x3a, 0x02, 0x00, 0x00, 0x39, 0x02, 0x00, 0x00, 0x8c, 0x00, 0x00, 0x00, // ....:...9.......
	0x85, 0x00, 0x05, 0x00, 0x07, 0x00, 0x00, 0x00, 0x3d, 0x02, 0x00, 0x00, 0x31, 0x02, 0x00, 0x00, // ........=...1...
	0x8a, 0x00, 0x00, 0x00, 0x83, 0x00, 0x05, 0x00, 0x07, 0x00, 0x00, 0x00, 0x3e, 0x02, 0x00, 0x00, // ............>...
	0x8c, 0x00, 0x00, 0x00, 0x3d, 0x02, 0x00, 0x00, 0x50, 0x00, 0x07, 0x00, 0x0e, 0x00, 0x00, 0x00, // ....=...P.......
	0x40, 0x02, 0x00, 0x00, 0x3a, 0x02, 0x00, 0x00, 0x3e, 0x02, 0x00, 0x00, 0x36, 0x02, 0x00, 0x00, // @...:...>...6...
	0x8c, 0x00, 0x00, 0x00, 0x6e, 0x00, 0x04, 0x00, 0x42, 0x00, 0x00, 0x00, 0x43, 0x02, 0x00, 0x00, // ....n...B...C...
	0xc8, 0x01, 0x00, 0x00, 0x41, 0x00, 0x06, 0x00, 0x99, 0x00, 0x00, 0x00, 0x44, 0x02, 0x00, 0x00, // ....A.......D...
	0x6f, 0x00, 0x00, 0x00, 0x96, 0x00, 0x00, 0x00, 0x43, 0x02, 0x00, 0x00, 0x3d, 0x00, 0x04, 0x00, // o.......C...=...
	0x69, 0x00, 0x00, 0x00, 0x45, 0x02, 0x00, 0x00, 0x44, 0x02, 0x00, 0x00, 0x90, 0x00, 0x05, 0x00, // i...E...D.......
	0x0e, 0x00, 0x00, 0x00, 0x46, 0x02, 0x00, 0x00, 0x40, 0x02, 0x00, 0x00, 0x45, 0x02, 0x00, 0x00, // ....F...@...E...
	0x51, 0x00, 0x05, 0x00, 0x07, 0x00, 0x00, 0x00, 0x48, 0x02, 0x00, 0x00, 0x46, 0x02, 0x00, 0x00, // Q.......H...F...
	0x03, 0x00, 0x00, 0x00, 0x4f, 0x00, 0x08, 0x00, 0x0b, 0x00, 0x00, 0x00, 0x4a, 0x02, 0x00, 0x00, // ....O.......J...
	0x46, 0x02, 0x00, 0x00, 0x46, 0x02, 0x00, 0x00, 0x00, 0x00, 0x00, 0x00, 0x01, 0x00, 0x00, 0x00, // F...F...........
	0x02, 0x00, 0x00, 0x00, 0x50, 0x00, 0x06, 0x00, 0x0b, 0x00, 0x00, 0x00, 0x4b, 0x02, 0x00, 0x00, // ....P.......K...
	0x48, 0x02, 0x00, 0x00, 0x48, 0x02, 0x00, 0x00, 0x48, 0x02, 0x00, 0x00, 0x88, 0x00, 0x05, 0x00, // H...H...H.......
	0x0b, 0x00, 0x00, 0x00, 0x4c, 0x02, 0x00, 0x00, 0x4a, 0x02, 0x00, 0x00, 0x4b, 0x02, 0x00, 0x00, // ....L...J...K...
	0x51, 0x00, 0x05, 0x00, 0x07, 0x00, 0x00, 0x00, 0x4e, 0x02, 0x00, 0x00, 0x4c, 0x02, 0x00, 0x00, // Q.......N...L...
	0x00, 0x00, 0x00, 0x00, 0x52, 0x00, 0x06, 0x00, 0x0e, 0x00, 0x00, 0x00, 0xa8, 0x03, 0x00, 0x00, // ....R...........
	0x4e, 0x02, 0x00, 0x00, 0xd5, 0x03, 0x00, 0x00, 0x00, 0x00, 0x00, 0x00, 0x51, 0x00, 0x05, 0x00, // N...........Q...
	0x07, 0x00, 0x00, 0x00, 0x50, 0x02, 0x00, 0x00, 0x4c, 0x02, 0x00, 0x00, 0x01, 0x00, 0x00, 0x00, // ....P...L.......
	0x52, 0x00, 0x06, 0x00, 0x0e, 0x00, 0x00, 0x00, 0xaa, 0x03, 0x00, 0x00, 0x50, 0x02, 0x00, 0x00, // R...........P...
	0xa8, 0x03, 0x00, 0x00, 0x01, 0x00, 0x00, 0x00, 0x51, 0x00, 0x05, 0x00, 0x07, 0x00, 0x00, 0x00, // ........Q.......
	0x52, 0x02, 0x00, 0x00, 0x4c, 0x02, 0x00, 0x00, 0x02, 0x00, 0x00, 0x00, 0x52, 0x00, 0x06, 0x00, // R...L.......R...
	0x0e, 0x00, 0x00, 0x00, 0xac, 0x03, 0x00, 0x00, 0x52, 0x02, 0x00, 0x00, 0xaa, 0x03, 0x00, 0x00, // ........R.......
	0x02, 0x00, 0x00, 0x00, 0x4f, 0x00, 0x08, 0x00, 0x0b, 0x00, 0x00, 0x00, 0x54, 0x02, 0x00, 0x00, // ....O.......T...
	0xac, 0x03, 0x00, 0x00, 0xac, 0x03, 0x00, 0x00, 0x00, 0x00, 0x00, 0x00, 0x01, 0x00, 0x00, 0x00, // ................
	0x02, 0x00, 0x00, 0x00, 0x0c, 0x00, 0x06, 0x00, 0x0b, 0x00, 0x00, 0x00, 0x55, 0x02, 0x00, 0x00, // ............U...
	0x01, 0x00, 0x00, 0x00, 0x45, 0x00, 0x00, 0x00, 0x54, 0x02, 0x00, 0x00, 0x41, 0x00, 0x06, 0x00, // ....E...T...A...
	0xae, 0x00, 0x00, 0x00, 0x56, 0x02, 0x00, 0x00, 0x6f, 0x00, 0x00, 0x00, 0x47, 0x00, 0x00, 0x00, // ....V...o...G...
	0x47, 0x00, 0x00, 0x00, 0x3d, 0x00, 0x04, 0x00, 0x0e, 0x00, 0x00, 0x00, 0x57, 0x02, 0x00, 0x00, // G...=.......W...
	0x56, 0x02, 0x00, 0x00, 0x4f, 0x00, 0x08, 0x00, 0x0b, 0x00, 0x00, 0x00, 0x58, 0x02, 0x00, 0x00, // V...O.......X...
	0x57, 0x02, 0x00, 0x00, 0x57, 0x02, 0x00, 0x00, 0x00, 0x00, 0x00, 0x00, 0x01, 0x00, 0x00, 0x00, // W...W...........
	0x02, 0x00, 0x00, 0x00, 0x41, 0x00, 0x06, 0x00, 0xae, 0x00, 0x00, 0x00, 0x59, 0x02, 0x00, 0x00, // ....A.......Y...
	0x6f, 0x00, 0x00, 0x00, 0x47, 0x00, 0x00, 0x00, 0x43, 0x00, 0x00, 0x00, 0x3d, 0x00, 0x04, 0x00, // o...G...C...=...
	0x0e, 0x00, 0x00, 0x00, 0x5a, 0x02, 0x00, 0x00, 0x59, 0x02, 0x00, 0x00, 0x4f, 0x00, 0x08, 0x00, // ....Z...Y...O...
	0x0b, 0x00, 0x00, 0x00, 0x5b, 0x02, 0x00, 0x00, 0x5a, 0x02, 0x00, 0x00, 0x5a, 0x02, 0x00, 0x00, // ....[...Z...Z...
	0x00, 0x00, 0x00, 0x00, 0x01, 0x00, 0x00, 0x00, 0x02, 0x00, 0x00, 0x00, 0x41, 0x00, 0x07, 0x00, // ............A...
	0x72, 0x00, 0x00, 0x00, 0x5c, 0x02, 0x00, 0x00, 0x6f, 0x00, 0x00, 0x00, 0x47, 0x00, 0x00, 0x00, // r.......o...G...
	0x47, 0x00, 0x00, 0x00, 0x71, 0x00, 0x00, 0x00, 0x3d, 0x00, 0x04, 0x00, 0x07, 0x00, 0x00, 0x00, // G...q...=.......
	0x5d, 0x02, 0x00, 0x00, 0x5c, 0x02, 0x00, 0x00, 0x85, 0x00, 0x05, 0x00, 0x07, 0x00, 0x00, 0x00, // ]...............
	0x60, 0x02, 0x00, 0x00, 0x5d, 0x02, 0x00, 0x00, 0x5d, 0x02, 0x00, 0x00, 0x56, 0x00, 0x05, 0x00, // `...]...]...V...
	0x4b, 0x00, 0x00, 0x00, 0x50, 0x03, 0x00, 0x00, 0x34, 0x00, 0x00, 0x00, 0x31, 0x00, 0x00, 0x00, // K...P...4...1...
	0x58, 0x00, 0x07, 0x00, 0x0e, 0x00, 0x00, 0x00, 0x53, 0x03, 0x00, 0x00, 0x50, 0x03, 0x00, 0x00, // X.......S...P...
	0x33, 0x02, 0x00, 0x00, 0x02, 0x00, 0x00, 0x00, 0x61, 0x00, 0x00, 0x00, 0x4f, 0x00, 0x08, 0x00, // 3.......a...O...
	0x0b, 0x00, 0x00, 0x00, 0x69, 0x02, 0x00, 0x00, 0x53, 0x03, 0x00, 0x00, 0x53, 0x03, 0x00, 0x00, // ....i...S...S...
	0x00, 0x00, 0x00, 0x00, 0x01, 0x00, 0x00, 0x00, 0x02, 0x00, 0x00, 0x00, 0x94, 0x00, 0x05, 0x00, // ................
	0x07, 0x00, 0x00, 0x00, 0x6c, 0x02, 0x00, 0x00, 0x55, 0x02, 0x00, 0x00, 0x58, 0x02, 0x00, 0x00, // ....l...U...X...
	0x94, 0x00, 0x05, 0x00, 0x07, 0x00, 0x00, 0x00, 0x6f, 0x02, 0x00, 0x00, 0x58, 0x02, 0x00, 0x00, // ........o...X...
	0x58, 0x02, 0x00, 0x00, 0x85, 0x00, 0x05, 0x00, 0x07, 0x00, 0x00, 0x00, 0x71, 0x02, 0x00, 0x00, // X...........q...
	0x60, 0x02, 0x00, 0x00, 0xd2, 0x00, 0x00, 0x00, 0x83, 0x00, 0x05, 0x00, 0x07, 0x00, 0x00, 0x00, // `...............
	0x72, 0x02, 0x00, 0x00, 0x6f, 0x02, 0x00, 0x00, 0x71, 0x02, 0x00, 0x00, 0x85, 0x00, 0x05, 0x00, // r...o...q.......
	0x07, 0x00, 0x00, 0x00, 0x75, 0x02, 0x00, 0x00, 0x6c, 0x02, 0x00, 0x00, 0x6c, 0x02, 0x00, 0x00, // ....u...l...l...
	0x83, 0x00, 0x05, 0x00, 0x07, 0x00, 0x00, 0x00, 0x77, 0x02, 0x00, 0x00, 0x75, 0x02, 0x00, 0x00, // ........w...u...
	0x72, 0x02, 0x00, 0x00, 0xb8, 0x00, 0x05, 0x00, 0xdc, 0x00, 0x00, 0x00, 0x79, 0x02, 0x00, 0x00, // r...........y...
	0x77, 0x02, 0x00, 0x00, 0x61, 0x00, 0x00, 0x00, 0xf7, 0x00, 0x03, 0x00, 0x99, 0x02, 0x00, 0x00, // w...a...........
	0x00, 0x00, 0x00, 0x00, 0xfa, 0x00, 0x04, 0x00, 0x79, 0x02, 0x00, 0x00, 0x7a, 0x02, 0x00, 0x00, // ........y...z...
	0x7c, 0x02, 0x00, 0x00, 0xf8, 0x00, 0x02, 0x00, 0x7a, 0x02, 0x00, 0x00, 0xf9, 0x00, 0x02, 0x00, // |.......z.......
	0x99, 0x02, 0x00, 0x00, 0xf8, 0x00, 0x02, 0x00, 0x7c, 0x02, 0x00, 0x00, 0x0c, 0x00, 0x06, 0x00, // ........|.......
	0x07, 0x00, 0x00, 0x00, 0x7f, 0x02, 0x00, 0x00, 0x01, 0x00, 0x00, 0x00, 0x1f, 0x00, 0x00, 0x00, // ................
	0x77, 0x02, 0x00, 0x00, 0x83, 0x00, 0x05, 0x00, 0x07, 0x00, 0x00, 0x00, 0x80, 0x02, 0x00, 0x00, // w...............
	0x6c, 0x02, 0x00, 0x00, 0x7f, 0x02, 0x00, 0x00, 0x51, 0x00, 0x05, 0x00, 0x07, 0x00, 0x00, 0x00, // l.......Q.......
	0x82, 0x02, 0x00, 0x00, 0x55, 0x02, 0x00, 0x00, 0x02, 0x00, 0x00, 0x00, 0x85, 0x00, 0x05, 0x00, // ....U...........
	0x07, 0x00, 0x00, 0x00, 0x83, 0x02, 0x00, 0x00, 0x80, 0x02, 0x00, 0x00, 0x82, 0x02, 0x00, 0x00, // ................
	0x81, 0x00, 0x05, 0x00, 0x07, 0x00, 0x00, 0x00, 0x87, 0x02, 0x00, 0x00, 0x83, 0x02, 0x00, 0x00, // ................
	0x8c, 0x00, 0x00, 0x00, 0xba, 0x00, 0x05, 0x00, 0xdc, 0x00, 0x00, 0x00, 0x88, 0x02, 0x00, 0x00, // ................
	0x52, 0x02, 0x00, 0x00, 0x87, 0x02, 0x00, 0x00, 0xf7, 0x00, 0x03, 0x00, 0x8f, 0x02, 0x00, 0x00, // R...............
	0x00, 0x00, 0x00, 0x00, 0xfa, 0x00, 0x04, 0x00, 0x88, 0x02, 0x00, 0x00, 0x89, 0x02, 0x00, 0x00, // ................
	0x8f, 0x02, 0x00, 0x00, 0xf8, 0x00, 0x02, 0x00, 0x89, 0x02, 0x00, 0x00, 0x51, 0x00, 0x05, 0x00, // ............Q...
	0x07, 0x00, 0x00, 0x00, 0x8b, 0x02, 0x00, 0x00, 0x53, 0x03, 0x00, 0x00, 0x00, 0x00, 0x00, 0x00, // ........S.......
	0x51, 0x00, 0x05, 0x00, 0x07, 0x00, 0x00, 0x00, 0x8c, 0x02, 0x00, 0x00, 0x53, 0x03, 0x00, 0x00, // Q...........S...
	0x01, 0x00, 0x00, 0x00, 0x51, 0x00, 0x05, 0x00, 0x07, 0x00, 0x00, 0x00, 0x8d, 0x02, 0x00, 0x00, // ....Q...........
	0x53, 0x03, 0x00, 0x00, 0x02, 0x00, 0x00, 0x00, 0x50, 0x00, 0x07, 0x00, 0x0e, 0x00, 0x00, 0x00, // S.......P.......
	0x8e, 0x02, 0x00, 0x00, 0x8b, 0x02, 0x00, 0x00, 0x8c, 0x02, 0x00, 0x00, 0x8d, 0x02, 0x00, 0x00, // ................
	0x8c, 0x00, 0x00, 0x00, 0xf9, 0x00, 0x02, 0x00, 0x3b, 0x03, 0x00, 0x00, 0xf8, 0x00, 0x02, 0x00, // ........;.......
	0x8f, 0x02, 0x00, 0x00, 0x56, 0x00, 0x05, 0x00, 0x4b, 0x00, 0x00, 0x00, 0x5a, 0x03, 0x00, 0x00, // ....V...K...Z...
	0x3a, 0x00, 0x00, 0x00, 0x38, 0x00, 0x00, 0x00, 0x58, 0x00, 0x07, 0x00, 0x0e, 0x00, 0x00, 0x00, // :...8...X.......
	0x5d, 0x03, 0x00, 0x00, 0x5a, 0x03, 0x00, 0x00, 0x33, 0x02, 0x00, 0x00, 0x02, 0x00, 0x00, 0x00, // ]...Z...3.......
	0x61, 0x00, 0x00, 0x00, 0x4f, 0x00, 0x08, 0x00, 0x0b, 0x00, 0x00, 0x00, 0x98, 0x02, 0x00, 0x00, // a...O...........
	0x5d, 0x03, 0x00, 0x00, 0x5d, 0x03, 0x00, 0x00, 0x00, 0x00, 0x00, 0x00, 0x01, 0x00, 0x00, 0x00, // ]...]...........
	0x02, 0x00, 0x00, 0x00, 0xf9, 0x00, 0x02, 0x00, 0x99, 0x02, 0x00, 0x00, 0xf8, 0x00, 0x02, 0x00, // ................
	0x99, 0x02, 0x00, 0x00, 0xf5, 0x00, 0x07, 0x00, 0x0b, 0x00, 0x00, 0x00, 0xce, 0x03, 0x00, 0x00, // ................
	0x69, 0x02, 0x00, 0x00, 0x7a, 0x02, 0x00, 0x00, 0x98, 0x02, 0x00, 0x00, 0x8f, 0x02, 0x00, 0x00, // i...z...........
	0xf9, 0x00, 0x02, 0x00, 0x9a, 0x02, 0x00, 0x00, 0xf8, 0x00, 0x02, 0x00, 0x9a, 0x02, 0x00, 0x00, // ................
	0xf5, 0x00, 0x07, 0x00, 0x0b, 0x00, 0x00, 0x00, 0xca, 0x03, 0x00, 0x00, 0x69, 0x02, 0x00, 0x00, // ............i...
	0x99, 0x02, 0x00, 0x00, 0xd0, 0x03, 0x00, 0x00, 0x2e, 0x03, 0x00, 0x00, 0xf5, 0x00, 0x07, 0x00, // ................
	0x42, 0x00, 0x00, 0x00, 0xc9, 0x03, 0x00, 0x00, 0x43, 0x00, 0x00, 0x00, 0x99, 0x02, 0x00, 0x00, // B.......C.......
	0x30, 0x03, 0x00, 0x00, 0x2e, 0x03, 0x00, 0x00, 0xb1, 0x00, 0x05, 0x00, 0xdc, 0x00, 0x00, 0x00, // 0...............
	0x9e, 0x02, 0x00, 0x00, 0xc9, 0x03, 0x00, 0x00, 0x2c, 0x02, 0x00, 0x00, 0xf6, 0x00, 0x04, 0x00, // ........,.......
	0x31, 0x03, 0x00, 0x00, 0x2e, 0x03, 0x00, 0x00, 0x00, 0x00, 0x00, 0x00, 0xfa, 0x00, 0x04, 0x00, // 1...............
	0x9e, 0x02, 0x00, 0x00, 0x9f, 0x02, 0x00, 0x00, 0x31, 0x03, 0x00, 0x00, 0xf8, 0x00, 0x02, 0x00, // ........1.......
	0x9f, 0x02, 0x00, 0x00, 0x6f, 0x00, 0x04, 0x00, 0x07, 0x00, 0x00, 0x00, 0xa1, 0x02, 0x00, 0x00, // ....o...........
	0xc9, 0x03, 0x00, 0x00, 0x88, 0x00, 0x05, 0x00, 0x07, 0x00, 0x00, 0x00, 0xa4, 0x02, 0x00, 0x00, // ................
	0xa1, 0x02, 0x00, 0x00, 0x2b, 0x02, 0x00, 0x00, 0x50, 0x00, 0x06, 0x00, 0x0b, 0x00, 0x00, 0x00, // ....+...P.......
	0xa6, 0x02, 0x00, 0x00, 0xa4, 0x02, 0x00, 0x00, 0xa4, 0x02, 0x00, 0x00, 0xa4, 0x02, 0x00, 0x00, // ................
	0x0c, 0x00, 0x08, 0x00, 0x0b, 0x00, 0x00, 0x00, 0x63, 0x03, 0x00, 0x00, 0x01, 0x00, 0x00, 0x00, // ........c.......
	0x2e, 0x00, 0x00, 0x00, 0x5b, 0x02, 0x00, 0x00, 0x58, 0x02, 0x00, 0x00, 0xa6, 0x02, 0x00, 0x00, // ....[...X.......
	0x94, 0x00, 0x05, 0x00, 0x07, 0x00, 0x00, 0x00, 0xac, 0x02, 0x00, 0x00, 0x55, 0x02, 0x00, 0x00, // ............U...
	0x63, 0x03, 0x00, 0x00, 0x94, 0x00, 0x05, 0x00, 0x07, 0x00, 0x00, 0x00, 0xaf, 0x02, 0x00, 0x00, // c...............
	0x63, 0x03, 0x00, 0x00, 0x63, 0x03, 0x00, 0x00, 0x83, 0x00, 0x05, 0x00, 0x07, 0x00, 0x00, 0x00, // c...c...........
	0xb1, 0x02, 0x00, 0x00, 0xaf, 0x02, 0x00, 0x00, 0x60, 0x02, 0x00, 0x00, 0x85, 0x00, 0x05, 0x00, // ........`.......
	0x07, 0x00, 0x00, 0x00, 0xb4, 0x02, 0x00, 0x00, 0xac, 0x02, 0x00, 0x00, 0xac, 0x02, 0x00, 0x00, // ................
	0x83, 0x00, 0x05, 0x00, 0x07, 0x00, 0x00, 0x00, 0xb6, 0x02, 0x00, 0x00, 0xb4, 0x02, 0x00, 0x00, // ................
	0xb1, 0x02, 0x00, 0x00, 0xb8, 0x00, 0x05, 0x00, 0xdc, 0x00, 0x00, 0x00, 0xb8, 0x02, 0x00, 0x00, // ................
	0xb6, 0x02, 0x00, 0x00, 0x61, 0x00, 0x00, 0x00, 0xf7, 0x00, 0x03, 0x00, 0x2d, 0x03, 0x00, 0x00, // ....a.......-...
	0x00, 0x00, 0x00, 0x00, 0xfa, 0x00, 0x04, 0x00, 0xb8, 0x02, 0x00, 0x00, 0xb9, 0x02, 0x00, 0x00, // ................
	0xbd, 0x02, 0x00, 0x00, 0xf8, 0x00, 0x02, 0x00, 0xb9, 0x02, 0x00, 0x00, 0x81, 0x00, 0x05, 0x00, // ................
	0x0b, 0x00, 0x00, 0x00, 0xbc, 0x02, 0x00, 0x00, 0xca, 0x03, 0x00, 0x00, 0xce, 0x03, 0x00, 0x00, // ................
	0xf9, 0x00, 0x02, 0x00, 0x2d, 0x03, 0x00, 0x00, 0xf8, 0x00, 0x02, 0x00, 0xbd, 0x02, 0x00, 0x00, // ....-...........
	0x0c, 0x00, 0x06, 0x00, 0x07, 0x00, 0x00, 0x00, 0xc0, 0x02, 0x00, 0x00, 0x01, 0x00, 0x00, 0x00, // ................
	0x1f, 0x00, 0x00, 0x00, 0xb6, 0x02, 0x00, 0x00, 0x83, 0x00, 0x05, 0x00, 0x07, 0x00, 0x00, 0x00, // ................
	0xc1, 0x02, 0x00, 0x00, 0xac, 0x02, 0x00, 0x00, 0xc0, 0x02, 0x00, 0x00, 0x8e, 0x00, 0x05, 0x00, // ................
	0x0b, 0x00, 0x00, 0x00, 0xc3, 0x02, 0x00, 0x00, 0x55, 0x02, 0x00, 0x00, 0xc1, 0x02, 0x00, 0x00, // ........U.......
	0x83, 0x00, 0x05, 0x00, 0x0b, 0x00, 0x00, 0x00, 0xc5, 0x02, 0x00, 0x00, 0xc3, 0x02, 0x00, 0x00, // ................
	0x63, 0x03, 0x00, 0x00, 0x81, 0x00, 0x05, 0x00, 0x0b, 0x00, 0x00, 0x00, 0xc8, 0x02, 0x00, 0x00, // c...............
	0x5b, 0x02, 0x00, 0x00, 0xc5, 0x02, 0x00, 0x00, 0x51, 0x00, 0x05, 0x00, 0x07, 0x00, 0x00, 0x00, // [.......Q.......
	0xc9, 0x02, 0x00, 0x00, 0xc8, 0x02, 0x00, 0x00, 0x00, 0x00, 0x00, 0x00, 0x51, 0x00, 0x05, 0x00, // ............Q...
	0x07, 0x00, 0x00, 0x00, 0xca, 0x02, 0x00, 0x00, 0xc8, 0x02, 0x00, 0x00, 0x01, 0x00, 0x00, 0x00, // ................
	0x51, 0x00, 0x05, 0x00, 0x07, 0x00, 0x00, 0x00, 0xcb, 0x02, 0x00, 0x00, 0xc8, 0x02, 0x00, 0x00, // Q...............
	0x02, 0x00, 0x00, 0x00, 0x50, 0x00, 0x07, 0x00, 0x0e, 0x00, 0x00, 0x00, 0xcc, 0x02, 0x00, 0x00, // ....P...........
	0xc9, 0x02, 0x00, 0x00, 0xca, 0x02, 0x00, 0x00, 0xcb, 0x02, 0x00, 0x00, 0x8c, 0x00, 0x00, 0x00, // ................
	0x0c, 0x00, 0x06, 0x00, 0x07, 0x00, 0x00, 0x00, 0xce, 0x02, 0x00, 0x00, 0x01, 0x00, 0x00, 0x00, // ................
	0x02, 0x00, 0x00, 0x00, 0xc8, 0x01, 0x00, 0x00, 0x6e, 0x00, 0x04, 0x00, 0x42, 0x00, 0x00, 0x00, // ........n...B...
	0xcf, 0x02, 0x00, 0x00, 0xce, 0x02, 0x00, 0x00, 0x41, 0x00, 0x06, 0x00, 0x99, 0x00, 0x00, 0x00, // ........A.......
	0xd0, 0x02, 0x00, 0x00, 0x6f, 0x00, 0x00, 0x00, 0x43, 0x00, 0x00, 0x00, 0xcf, 0x02, 0x00, 0x00, // ....o...C.......
	0x3d, 0x00, 0x04, 0x00, 0x69, 0x00, 0x00, 0x00, 0xd1, 0x02, 0x00, 0x00, 0xd0, 0x02, 0x00, 0x00, // =...i...........
	0x90, 0x00, 0x05, 0x00, 0x0e, 0x00, 0x00, 0x00, 0xd2, 0x02, 0x00, 0x00, 0xcc, 0x02, 0x00, 0x00, // ................
	0xd1, 0x02, 0x00, 0x00, 0x81, 0x00, 0x05, 0x00, 0x0b, 0x00, 0x00, 0x00, 0xd5, 0x02, 0x00, 0x00, // ................
	0x58, 0x02, 0x00, 0x00, 0xc5, 0x02, 0x00, 0x00, 0x51, 0x00, 0x05, 0x00, 0x07, 0x00, 0x00, 0x00, // X.......Q.......
	0xd6, 0x02, 0x00, 0x00, 0xd5, 0x02, 0x00, 0x00, 0x00, 0x00, 0x00, 0x00, 0x51, 0x00, 0x05, 0x00, // ............Q...
	0x07, 0x00, 0x00, 0x00, 0xd7, 0x02, 0x00, 0x00, 0xd5, 0x02, 0x00, 0x00, 0x01, 0x00, 0x00, 0x00, // ................
	0x51, 0x00, 0x05, 0x00, 0x07, 0x00, 0x00, 0x00, 0xd8, 0x02, 0x00, 0x00, 0xd5, 0x02, 0x00, 0x00, // Q...............
	0x02, 0x00, 0x00, 0x00, 0x50, 0x00, 0x07, 0x00, 0x0e, 0x00, 0x00, 0x00, 0xd9, 0x02, 0x00, 0x00, // ....P...........
	0xd6, 0x02, 0x00, 0x00, 0xd7, 0x02, 0x00, 0x00, 0xd8, 0x02, 0x00, 0x00, 0x8c, 0x00, 0x00, 0x00, // ................
	0x90, 0x00, 0x05, 0x00, 0x0e, 0x00, 0x00, 0x00, 0xdf, 0x02, 0x00, 0x00, 0xd9, 0x02, 0x00, 0x00, // ................
	0xd1, 0x02, 0x00, 0x00, 0x51, 0x00, 0x05, 0x00, 0x07, 0x00, 0x00, 0x00, 0xe1, 0x02, 0x00, 0x00, // ....Q...........
	0xd2, 0x02, 0x00, 0x00, 0x03, 0x00, 0x00, 0x00, 0x4f, 0x00, 0x07, 0x00, 0x1b, 0x00, 0x00, 0x00, // ........O.......
	0xe3, 0x02, 0x00, 0x00, 0xd2, 0x02, 0x00, 0x00, 0xd2, 0x02, 0x00, 0x00, 0x00, 0x00, 0x00, 0x00, // ................
	0x01, 0x00, 0x00, 0x00, 0x50, 0x00, 0x05, 0x00, 0x1b, 0x00, 0x00, 0x00, 0xe4, 0x02, 0x00, 0x00, // ....P...........
	0xe1, 0x02, 0x00, 0x00, 0xe1, 0x02, 0x00, 0x00, 0x88, 0x00, 0x05, 0x00, 0x1b, 0x00, 0x00, 0x00, // ................
	0xe5, 0x02, 0x00, 0x00, 0xe3, 0x02, 0x00, 0x00, 0xe4, 0x02, 0x00, 0x00, 0x51, 0x00, 0x05, 0x00, // ............Q...
	0x07, 0x00, 0x00, 0x00, 0xe7, 0x02, 0x00, 0x00, 0xe5, 0x02, 0x00, 0x00, 0x00, 0x00, 0x00, 0x00, // ................
	0x51, 0x00, 0x05, 0x00, 0x07, 0x00, 0x00, 0x00, 0xe9, 0x02, 0x00, 0x00, 0xe5, 0x02, 0x00, 0x00, // Q...............
	0x01, 0x00, 0x00, 0x00, 0x51, 0x00, 0x05, 0x00, 0x07, 0x00, 0x00, 0x00, 0xeb, 0x02, 0x00, 0x00, // ....Q...........
	0xdf, 0x02, 0x00, 0x00, 0x03, 0x00, 0x00, 0x00, 0x4f, 0x00, 0x07, 0x00, 0x1b, 0x00, 0x00, 0x00, // ........O.......
	0xed, 0x02, 0x00, 0x00, 0xdf, 0x02, 0x00, 0x00, 0xdf, 0x02, 0x00, 0x00, 0x00, 0x00, 0x00, 0x00, // ................
	0x01, 0x00, 0x00, 0x00, 0x50, 0x00, 0x05, 0x00, 0x1b, 0x00, 0x00, 0x00, 0xee, 0x02, 0x00, 0x00, // ....P...........
	0xeb, 0x02, 0x00, 0x00, 0xeb, 0x02, 0x00, 0x00, 0x88, 0x00, 0x05, 0x00, 0x1b, 0x00, 0x00, 0x00, // ................
	0xef, 0x02, 0x00, 0x00, 0xed, 0x02, 0x00, 0x00, 0xee, 0x02, 0x00, 0x00, 0x51, 0x00, 0x05, 0x00, // ............Q...
	0x07, 0x00, 0x00, 0x00, 0xf1, 0x02, 0x00, 0x00, 0xef, 0x02, 0x00, 0x00, 0x00, 0x00, 0x00, 0x00, // ................
	0x51, 0x00, 0x05, 0x00, 0x07, 0x00, 0x00, 0x00, 0xf3, 0x02, 0x00, 0x00, 0xef, 0x02, 0x00, 0x00, // Q...............
	0x01, 0x00, 0x00, 0x00, 0x50, 0x00, 0x05, 0x00, 0x1b, 0x00, 0x00, 0x00, 0xfa, 0x02, 0x00, 0x00, // ....P...........
	0xe7, 0x02, 0x00, 0x00, 0xc8, 0x03, 0x00, 0x00, 0x8e, 0x00, 0x05, 0x00, 0x1b, 0x00, 0x00, 0x00, // ................
	0xfb, 0x02, 0x00, 0x00, 0xfa, 0x02, 0x00, 0x00, 0x6e, 0x01, 0x00, 0x00, 0x81, 0x00, 0x05, 0x00, // ........n.......
	0x1b, 0x00, 0x00, 0x00, 0xfc, 0x02, 0x00, 0x00, 0xc6, 0x03, 0x00, 0x00, 0xfb, 0x02, 0x00, 0x00, // ................
	0x51, 0x00, 0x05, 0x00, 0x07, 0x00, 0x00, 0x00, 0xfd, 0x02, 0x00, 0x00, 0xfc, 0x02, 0x00, 0x00, // Q...............
	0x00, 0x00, 0x00, 0x00, 0x7f, 0x00, 0x04, 0x00, 0x07, 0x00, 0x00, 0x00, 0x03, 0x03, 0x00, 0x00, // ................
	0xe9, 0x02, 0x00, 0x00, 0x50, 0x00, 0x05, 0x00, 0x1b, 0x00, 0x00, 0x00, 0x04, 0x03, 0x00, 0x00, // ....P...........
	0xe7, 0x02, 0x00, 0x00, 0x03, 0x03, 0x00, 0x00, 0x8e, 0x00, 0x05, 0x00, 0x1b, 0x00, 0x00, 0x00, // ................
	0x05, 0x03, 0x00, 0x00, 0x04, 0x03, 0x00, 0x00, 0x6e, 0x01, 0x00, 0x00, 0x81, 0x00, 0x05, 0x00, // ........n.......
	0x1b, 0x00, 0x00, 0x00, 0x06, 0x03, 0x00, 0x00, 0xc6, 0x03, 0x00, 0x00, 0x05, 0x03, 0x00, 0x00, // ................
	0x51, 0x00, 0x05, 0x00, 0x07, 0x00, 0x00, 0x00, 0x07, 0x03, 0x00, 0x00, 0x06, 0x03, 0x00, 0x00, // Q...............
	0x01, 0x00, 0x00, 0x00, 0x50, 0x00, 0x06, 0x00, 0x0b, 0x00, 0x00, 0x00, 0x09, 0x03, 0x00, 0x00, // ....P...........
	0xfd, 0x02, 0x00, 0x00, 0x07, 0x03, 0x00, 0x00, 0xc8, 0x01, 0x00, 0x00, 0x56, 0x00, 0x05, 0x00, // ............V...
	0x4b, 0x00, 0x00, 0x00, 0x72, 0x03, 0x00, 0x00, 0x3a, 0x00, 0x00, 0x00, 0x38, 0x00, 0x00, 0x00, // K...r...:...8...
	0x58, 0x00, 0x07, 0x00, 0x0e, 0x00, 0x00, 0x00, 0x75, 0x03, 0x00, 0x00, 0x72, 0x03, 0x00, 0x00, // X.......u...r...
	0x09, 0x03, 0x00, 0x00, 0x02, 0x00, 0x00, 0x00, 0x61, 0x00, 0x00, 0x00, 0x4f, 0x00, 0x08, 0x00, // ........a...O...
	0x0b, 0x00, 0x00, 0x00, 0x0c, 0x03, 0x00, 0x00, 0x75, 0x03, 0x00, 0x00, 0x75, 0x03, 0x00, 0x00, // ........u...u...
	0x00, 0x00, 0x00, 0x00, 0x01, 0x00, 0x00, 0x00, 0x02, 0x00, 0x00, 0x00, 0x50, 0x00, 0x05, 0x00, // ............P...
	0x1b, 0x00, 0x00, 0x00, 0x13, 0x03, 0x00, 0x00, 0xf1, 0x02, 0x00, 0x00, 0xc8, 0x03, 0x00, 0x00, // ................
	0x8e, 0x00, 0x05, 0x00, 0x1b, 0x00, 0x00, 0x00, 0x14, 0x03, 0x00, 0x00, 0x13, 0x03, 0x00, 0x00, // ................
	0x6e, 0x01, 0x00, 0x00, 0x81, 0x00, 0x05, 0x00, 0x1b, 0x00, 0x00, 0x00, 0x15, 0x03, 0x00, 0x00, // n...............
	0xc6, 0x03, 0x00, 0x00, 0x14, 0x03, 0x00, 0x00, 0x51, 0x00, 0x05, 0x00, 0x07, 0x00, 0x00, 0x00, // ........Q.......
	0x16, 0x03, 0x00, 0x00, 0x15, 0x03, 0x00, 0x00, 0x00, 0x00, 0x00, 0x00, 0x7f, 0x00, 0x04, 0x00, // ................
	0x07, 0x00, 0x00, 0x00, 0x1c, 0x03, 0x00, 0x00, 0xf3, 0x02, 0x00, 0x00, 0x50, 0x00, 0x05, 0x00, // ............P...
	0x1b, 0x00, 0x00, 0x00, 0x1d, 0x03, 0x00, 0x00, 0xf1, 0x02, 0x00, 0x00, 0x1c, 0x03, 0x00, 0x00, // ................
	0x8e, 0x00, 0x05, 0x00, 0x1b, 0x00, 0x00, 0x00, 0x1e, 0x03, 0x00, 0x00, 0x1d, 0x03, 0x00, 0x00, // ................
	0x6e, 0x01, 0x00, 0x00, 0x81, 0x00, 0x05, 0x00, 0x1b, 0x00, 0x00, 0x00, 0x1f, 0x03, 0x00, 0x00, // n...............
	0xc6, 0x03, 0x00, 0x00, 0x1e, 0x03, 0x00, 0x00, 0x51, 0x00, 0x05, 0x00, 0x07, 0x00, 0x00, 0x00, // ........Q.......
	0x20, 0x03, 0x00, 0x00, 0x1f, 0x03, 0x00, 0x00, 0x01, 0x00, 0x00, 0x00, 0x50, 0x00, 0x06, 0x00, //  ...........P...
	0x0b, 0x00, 0x00, 0x00, 0x22, 0x03, 0x00, 0x00, 0x16, 0x03, 0x00, 0x00, 0x20, 0x03, 0x00, 0x00, // ...."....... ...
	0xc8, 0x01, 0x00, 0x00, 0x56, 0x00, 0x05, 0x00, 0x4b, 0x00, 0x00, 0x00, 0x84, 0x03, 0x00, 0x00, // ....V...K.......
	0x34, 0x00, 0x00, 0x00, 0x31, 0x00, 0x00, 0x00, 0x58, 0x00, 0x07, 0x00, 0x0e, 0x00, 0x00, 0x00, // 4...1...X.......
	0x87, 0x03, 0x00, 0x00, 0x84, 0x03, 0x00, 0x00, 0x22, 0x03, 0x00, 0x00, 0x02, 0x00, 0x00, 0x00, // ........".......
	0x61, 0x00, 0x00, 0x00, 0x4f, 0x00, 0x08, 0x00, 0x0b, 0x00, 0x00, 0x00, 0x25, 0x03, 0x00, 0x00, // a...O.......%...
	0x87, 0x03, 0x00, 0x00, 0x87, 0x03, 0x00, 0x00, 0x00, 0x00, 0x00, 0x00, 0x01, 0x00, 0x00, 0x00, // ................
	0x02, 0x00, 0x00, 0x00, 0x0c, 0x00, 0x08, 0x00, 0x0b, 0x00, 0x00, 0x00, 0x8d, 0x03, 0x00, 0x00, // ................
	0x01, 0x00, 0x00, 0x00, 0x2e, 0x00, 0x00, 0x00, 0x0c, 0x03, 0x00, 0x00, 0x25, 0x03, 0x00, 0x00, // ............%...
	0xa6, 0x02, 0x00, 0x00, 0x81, 0x00, 0x05, 0x00, 0x0b, 0x00, 0x00, 0x00, 0x2c, 0x03, 0x00, 0x00, // ............,...
	0xca, 0x03, 0x00, 0x00, 0x8d, 0x03, 0x00, 0x00, 0xf9, 0x00, 0x02, 0x00, 0x2d, 0x03, 0x00, 0x00, // ............-...
	0xf8, 0x00, 0x02, 0x00, 0x2d, 0x03, 0x00, 0x00, 0xf5, 0x00, 0x07, 0x00, 0x0b, 0x00, 0x00, 0x00, // ....-...........
	0xd0, 0x03, 0x00, 0x00, 0xbc, 0x02, 0x00, 0x00, 0xb9, 0x02, 0x00, 0x00, 0x2c, 0x03, 0x00, 0x00, // ............,...
	0xbd, 0x02, 0x00, 0x00, 0xf9, 0x00, 0x02, 0x00, 0x2e, 0x03, 0x00, 0x00, 0xf8, 0x00, 0x02, 0x00, // ................
	0x2e, 0x03, 0x00, 0x00, 0x80, 0x00, 0x05, 0x00, 0x42, 0x00, 0x00, 0x00, 0x30, 0x03, 0x00, 0x00, // ........B...0...
	0xc9, 0x03, 0x00, 0x00, 0x43, 0x00, 0x00, 0x00, 0xf9, 0x00, 0x02, 0x00, 0x9a, 0x02, 0x00, 0x00, // ....C...........
	0xf8, 0x00, 0x02, 0x00, 0x31, 0x03, 0x00, 0x00, 0x50, 0x00, 0x06, 0x00, 0x0b, 0x00, 0x00, 0x00, // ....1...P.......
	0x35, 0x03, 0x00, 0x00, 0x2b, 0x02, 0x00, 0x00, 0x2b, 0x02, 0x00, 0x00, 0x2b, 0x02, 0x00, 0x00, // 5...+...+...+...
	0x88, 0x00, 0x05, 0x00, 0x0b, 0x00, 0x00, 0x00, 0x36, 0x03, 0x00, 0x00, 0xca, 0x03, 0x00, 0x00, // ........6.......
	0x35, 0x03, 0x00, 0x00, 0x51, 0x00, 0x05, 0x00, 0x07, 0x00, 0x00, 0x00, 0x37, 0x03, 0x00, 0x00, // 5...Q.......7...
	0x36, 0x03, 0x00, 0x00, 0x00, 0x00, 0x00, 0x00, 0x51, 0x00, 0x05, 0x00, 0x07, 0x00, 0x00, 0x00, // 6.......Q.......
	0x38, 0x03, 0x00, 0x00, 0x36, 0x03, 0x00, 0x00, 0x01, 0x00, 0x00, 0x00, 0x51, 0x00, 0x05, 0x00, // 8...6.......Q...
	0x07, 0x00, 0x00, 0x00, 0x39, 0x03, 0x00, 0x00, 0x36, 0x03, 0x00, 0x00, 0x02, 0x00, 0x00, 0x00, // ....9...6.......
	0x50, 0x00, 0x07, 0x00, 0x0e, 0x00, 0x00, 0x00, 0x3a, 0x03, 0x00, 0x00, 0x37, 0x03, 0x00, 0x00, // P.......:...7...
	0x38, 0x03, 0x00, 0x00, 0x39, 0x03, 0x00, 0x00, 0x8c, 0x00, 0x00, 0x00, 0xf9, 0x00, 0x02, 0x00, // 8...9...........
	0x3b, 0x03, 0x00, 0x00, 0xf8, 0x00, 0x02, 0x00, 0x3b, 0x03, 0x00, 0x00, 0xf5, 0x00, 0x07, 0x00, // ;.......;.......
	0x0e, 0x00, 0x00, 0x00, 0xcc, 0x03, 0x00, 0x00, 0x8e, 0x02, 0x00, 0x00, 0x89, 0x02, 0x00, 0x00, // ................
	0x3a, 0x03, 0x00, 0x00, 0x31, 0x03, 0x00, 0x00, 0x3e, 0x00, 0x03, 0x00, 0xd8, 0x01, 0x00, 0x00, // :...1...>.......
	0xcc, 0x03, 0x00, 0x00, 0xfd, 0x00, 0x01, 0x00, 0x38, 0x00, 0x01, 0x00, 0x00, 0x00, 0x90, 0x01, // ........8.......
};
static const bgfx::EmbeddedShader fs_pp_motionblur_st = BGFX_EMBEDDED_SHADER(fs_pp_motionblur_st);
